[INFO] Scanning for projects...
[INFO] 
[INFO] ------------------------------< crm:crm >-------------------------------
[INFO] Building crm 0.0.1-SNAPSHOT
[INFO] --------------------------------[ jar ]---------------------------------
[INFO] 
[INFO] --- maven-clean-plugin:3.2.0:clean (default-clean) @ crm ---
[INFO] Deleting /modernize-data/studio-data/TNT1001/APP1267/transformed-code/411/studio-workspace/MODTEST/target
[INFO] 
[INFO] --- maven-resources-plugin:3.2.0:resources (default-resources) @ crm ---
[INFO] Using 'UTF-8' encoding to copy filtered resources.
[INFO] Using 'UTF-8' encoding to copy filtered properties files.
[INFO] Copying 1 resource
[INFO] Copying 56 resources
[INFO] 
[INFO] --- maven-compiler-plugin:3.11.0:compile (default-compile) @ crm ---
[INFO] Changes detected - recompiling the module! :source
[INFO] Compiling 49 source files with javac [debug target 17] to target/classes
[WARNING] system modules path not set in conjunction with -source 17
[INFO] 
[INFO] --- maven-resources-plugin:3.2.0:testResources (default-testResources) @ crm ---
[INFO] Using 'UTF-8' encoding to copy filtered resources.
[INFO] Using 'UTF-8' encoding to copy filtered properties files.
[INFO] skip non existing resourceDirectory /modernize-data/studio-data/TNT1001/APP1267/transformed-code/411/studio-workspace/MODTEST/src/test/resources
[INFO] 
[INFO] --- maven-compiler-plugin:3.11.0:testCompile (default-testCompile) @ crm ---
[INFO] Changes detected - recompiling the module! :dependency
[INFO] Compiling 50 source files with javac [debug target 17] to target/test-classes
[WARNING] system modules path not set in conjunction with -source 17
[INFO] 
[INFO] --- maven-surefire-plugin:2.22.2:test (default-test) @ crm ---
[INFO] 
[INFO] -------------------------------------------------------
[INFO]  T E S T S
[INFO] -------------------------------------------------------
[INFO] Running crm.utils.ReadDataUtilsTest
[ERROR] Tests run: 6, Failures: 6, Errors: 0, Skipped: 0, Time elapsed: 1.828 s <<< FAILURE! - in crm.utils.ReadDataUtilsTest
[ERROR] testReadFileWithNullMessage  Time elapsed: 1.783 s  <<< FAILURE!
org.opentest4j.AssertionFailedError: 
Unexpected exception thrown: java.awt.HeadlessException: 
No X11 DISPLAY variable was set,
or no headful library support was found,
but this program performed an operation which requires it,

	at crm.utils.ReadDataUtilsTest.testReadFileWithNullMessage(ReadDataUtilsTest.java:43)
Caused by: java.awt.HeadlessException: 

No X11 DISPLAY variable was set,
or no headful library support was found,
but this program performed an operation which requires it,

	at crm.utils.ReadDataUtilsTest.lambda$testReadFileWithNullMessage$4(ReadDataUtilsTest.java:44)
	at crm.utils.ReadDataUtilsTest.testReadFileWithNullMessage(ReadDataUtilsTest.java:43)

[ERROR] testReadFileWithMultipleExtensions  Time elapsed: 0.009 s  <<< FAILURE!
org.opentest4j.AssertionFailedError: 
Unexpected exception thrown: java.awt.HeadlessException: 
No X11 DISPLAY variable was set,
or no headful library support was found,
but this program performed an operation which requires it,

	at crm.utils.ReadDataUtilsTest.testReadFileWithMultipleExtensions(ReadDataUtilsTest.java:29)
Caused by: java.awt.HeadlessException: 

No X11 DISPLAY variable was set,
or no headful library support was found,
but this program performed an operation which requires it,

	at crm.utils.ReadDataUtilsTest.lambda$testReadFileWithMultipleExtensions$2(ReadDataUtilsTest.java:30)
	at crm.utils.ReadDataUtilsTest.testReadFileWithMultipleExtensions(ReadDataUtilsTest.java:29)

[ERROR] testReadFileWithEmptyMessage  Time elapsed: 0.009 s  <<< FAILURE!
org.opentest4j.AssertionFailedError: 
Unexpected exception thrown: java.awt.HeadlessException: 
No X11 DISPLAY variable was set,
or no headful library support was found,
but this program performed an operation which requires it,

	at crm.utils.ReadDataUtilsTest.testReadFileWithEmptyMessage(ReadDataUtilsTest.java:36)
Caused by: java.awt.HeadlessException: 

No X11 DISPLAY variable was set,
or no headful library support was found,
but this program performed an operation which requires it,

	at crm.utils.ReadDataUtilsTest.lambda$testReadFileWithEmptyMessage$3(ReadDataUtilsTest.java:37)
	at crm.utils.ReadDataUtilsTest.testReadFileWithEmptyMessage(ReadDataUtilsTest.java:36)

[ERROR] testReadFileWithNullParent  Time elapsed: 0.011 s  <<< FAILURE!
org.opentest4j.AssertionFailedError: 
Unexpected exception thrown: java.awt.HeadlessException: 
No X11 DISPLAY variable was set,
or no headful library support was found,
but this program performed an operation which requires it,

	at crm.utils.ReadDataUtilsTest.testReadFileWithNullParent(ReadDataUtilsTest.java:14)
Caused by: java.awt.HeadlessException: 

No X11 DISPLAY variable was set,
or no headful library support was found,
but this program performed an operation which requires it,

	at crm.utils.ReadDataUtilsTest.lambda$testReadFileWithNullParent$0(ReadDataUtilsTest.java:15)
	at crm.utils.ReadDataUtilsTest.testReadFileWithNullParent(ReadDataUtilsTest.java:14)

[ERROR] testReadFileWithValidParameters  Time elapsed: 0.001 s  <<< FAILURE!
org.opentest4j.AssertionFailedError: 
Unexpected exception thrown: java.awt.HeadlessException: 
No X11 DISPLAY variable was set,
or no headful library support was found,
but this program performed an operation which requires it,

	at crm.utils.ReadDataUtilsTest.testReadFileWithValidParameters(ReadDataUtilsTest.java:21)
Caused by: java.awt.HeadlessException: 

No X11 DISPLAY variable was set,
or no headful library support was found,
but this program performed an operation which requires it,

	at crm.utils.ReadDataUtilsTest.lambda$testReadFileWithValidParameters$1(ReadDataUtilsTest.java:22)
	at crm.utils.ReadDataUtilsTest.testReadFileWithValidParameters(ReadDataUtilsTest.java:21)

[ERROR] testReadFileWithEmptyExtension  Time elapsed: 0.008 s  <<< FAILURE!
org.opentest4j.AssertionFailedError: Unexpected exception thrown: java.lang.IllegalArgumentException: Each extension must be non-null and not empty
	at crm.utils.ReadDataUtilsTest.testReadFileWithEmptyExtension(ReadDataUtilsTest.java:50)
Caused by: java.lang.IllegalArgumentException: Each extension must be non-null and not empty
	at crm.utils.ReadDataUtilsTest.lambda$testReadFileWithEmptyExtension$5(ReadDataUtilsTest.java:51)
	at crm.utils.ReadDataUtilsTest.testReadFileWithEmptyExtension(ReadDataUtilsTest.java:50)

[INFO] Running crm.utils.WriteCsvToResponseTest
14:26:40.919 [main] DEBUG org.apache.commons.beanutils.converters.BooleanConverter - Setting default value: false
14:26:40.921 [main] DEBUG org.apache.commons.beanutils.converters.BooleanConverter - Converting 'Boolean' value 'false' to type 'Boolean'
14:26:40.921 [main] DEBUG org.apache.commons.beanutils.converters.BooleanConverter -     No conversion required, value is already a Boolean
14:26:40.922 [main] DEBUG org.apache.commons.beanutils.converters.ByteConverter - Setting default value: 0
14:26:40.922 [main] DEBUG org.apache.commons.beanutils.converters.ByteConverter - Converting 'Integer' value '0' to type 'Byte'
14:26:40.922 [main] DEBUG org.apache.commons.beanutils.converters.ByteConverter -     Converted to Byte value '0'
14:26:40.922 [main] DEBUG org.apache.commons.beanutils.converters.CharacterConverter - Setting default value:  
14:26:40.922 [main] DEBUG org.apache.commons.beanutils.converters.CharacterConverter - Converting 'Character' value ' ' to type 'Character'
14:26:40.922 [main] DEBUG org.apache.commons.beanutils.converters.CharacterConverter -     No conversion required, value is already a Character
14:26:40.922 [main] DEBUG org.apache.commons.beanutils.converters.DoubleConverter - Setting default value: 0
14:26:40.923 [main] DEBUG org.apache.commons.beanutils.converters.DoubleConverter - Converting 'Integer' value '0' to type 'Double'
14:26:40.923 [main] DEBUG org.apache.commons.beanutils.converters.DoubleConverter -     Converted to Double value '0.0'
14:26:40.923 [main] DEBUG org.apache.commons.beanutils.converters.FloatConverter - Setting default value: 0
14:26:40.923 [main] DEBUG org.apache.commons.beanutils.converters.FloatConverter - Converting 'Integer' value '0' to type 'Float'
14:26:40.923 [main] DEBUG org.apache.commons.beanutils.converters.FloatConverter -     Converted to Float value '0.0'
14:26:40.924 [main] DEBUG org.apache.commons.beanutils.converters.IntegerConverter - Setting default value: 0
14:26:40.924 [main] DEBUG org.apache.commons.beanutils.converters.IntegerConverter - Converting 'Integer' value '0' to type 'Integer'
14:26:40.924 [main] DEBUG org.apache.commons.beanutils.converters.IntegerConverter -     No conversion required, value is already a Integer
14:26:40.925 [main] DEBUG org.apache.commons.beanutils.converters.LongConverter - Setting default value: 0
14:26:40.925 [main] DEBUG org.apache.commons.beanutils.converters.LongConverter - Converting 'Integer' value '0' to type 'Long'
14:26:40.925 [main] DEBUG org.apache.commons.beanutils.converters.LongConverter -     Converted to Long value '0'
14:26:40.925 [main] DEBUG org.apache.commons.beanutils.converters.ShortConverter - Setting default value: 0
14:26:40.925 [main] DEBUG org.apache.commons.beanutils.converters.ShortConverter - Converting 'Integer' value '0' to type 'Short'
14:26:40.925 [main] DEBUG org.apache.commons.beanutils.converters.ShortConverter -     Converted to Short value '0'
14:26:40.926 [main] DEBUG org.apache.commons.beanutils.converters.BigDecimalConverter - Setting default value: 0.0
14:26:40.926 [main] DEBUG org.apache.commons.beanutils.converters.BigDecimalConverter - Converting 'BigDecimal' value '0.0' to type 'BigDecimal'
14:26:40.926 [main] DEBUG org.apache.commons.beanutils.converters.BigDecimalConverter -     No conversion required, value is already a BigDecimal
14:26:40.926 [main] DEBUG org.apache.commons.beanutils.converters.BigIntegerConverter - Setting default value: 0
14:26:40.927 [main] DEBUG org.apache.commons.beanutils.converters.BigIntegerConverter - Converting 'BigInteger' value '0' to type 'BigInteger'
14:26:40.927 [main] DEBUG org.apache.commons.beanutils.converters.BigIntegerConverter -     No conversion required, value is already a BigInteger
14:26:40.927 [main] DEBUG org.apache.commons.beanutils.converters.BooleanConverter - Setting default value: false
14:26:40.927 [main] DEBUG org.apache.commons.beanutils.converters.BooleanConverter - Converting 'Boolean' value 'false' to type 'Boolean'
14:26:40.927 [main] DEBUG org.apache.commons.beanutils.converters.BooleanConverter -     No conversion required, value is already a Boolean
14:26:40.927 [main] DEBUG org.apache.commons.beanutils.converters.ByteConverter - Setting default value: 0
14:26:40.927 [main] DEBUG org.apache.commons.beanutils.converters.ByteConverter - Converting 'Integer' value '0' to type 'Byte'
14:26:40.927 [main] DEBUG org.apache.commons.beanutils.converters.ByteConverter -     Converted to Byte value '0'
14:26:40.927 [main] DEBUG org.apache.commons.beanutils.converters.CharacterConverter - Setting default value:  
14:26:40.927 [main] DEBUG org.apache.commons.beanutils.converters.CharacterConverter - Converting 'Character' value ' ' to type 'Character'
14:26:40.927 [main] DEBUG org.apache.commons.beanutils.converters.CharacterConverter -     No conversion required, value is already a Character
14:26:40.927 [main] DEBUG org.apache.commons.beanutils.converters.DoubleConverter - Setting default value: 0
14:26:40.927 [main] DEBUG org.apache.commons.beanutils.converters.DoubleConverter - Converting 'Integer' value '0' to type 'Double'
14:26:40.927 [main] DEBUG org.apache.commons.beanutils.converters.DoubleConverter -     Converted to Double value '0.0'
14:26:40.927 [main] DEBUG org.apache.commons.beanutils.converters.FloatConverter - Setting default value: 0
14:26:40.927 [main] DEBUG org.apache.commons.beanutils.converters.FloatConverter - Converting 'Integer' value '0' to type 'Float'
14:26:40.927 [main] DEBUG org.apache.commons.beanutils.converters.FloatConverter -     Converted to Float value '0.0'
14:26:40.928 [main] DEBUG org.apache.commons.beanutils.converters.IntegerConverter - Setting default value: 0
14:26:40.928 [main] DEBUG org.apache.commons.beanutils.converters.IntegerConverter - Converting 'Integer' value '0' to type 'Integer'
14:26:40.928 [main] DEBUG org.apache.commons.beanutils.converters.IntegerConverter -     No conversion required, value is already a Integer
14:26:40.928 [main] DEBUG org.apache.commons.beanutils.converters.LongConverter - Setting default value: 0
14:26:40.928 [main] DEBUG org.apache.commons.beanutils.converters.LongConverter - Converting 'Integer' value '0' to type 'Long'
14:26:40.928 [main] DEBUG org.apache.commons.beanutils.converters.LongConverter -     Converted to Long value '0'
14:26:40.928 [main] DEBUG org.apache.commons.beanutils.converters.ShortConverter - Setting default value: 0
14:26:40.928 [main] DEBUG org.apache.commons.beanutils.converters.ShortConverter - Converting 'Integer' value '0' to type 'Short'
14:26:40.928 [main] DEBUG org.apache.commons.beanutils.converters.ShortConverter -     Converted to Short value '0'
14:26:40.928 [main] DEBUG org.apache.commons.beanutils.converters.StringConverter - Setting default value: 
14:26:40.928 [main] DEBUG org.apache.commons.beanutils.converters.StringConverter - Converting 'String' value '' to type 'String'
14:26:40.931 [main] DEBUG org.apache.commons.beanutils.converters.ArrayConverter - Setting default value: [Z@53812a9b
14:26:40.931 [main] DEBUG org.apache.commons.beanutils.converters.ArrayConverter - Converting 'boolean[]' value '[Z@53812a9b' to type 'boolean[]'
14:26:40.931 [main] DEBUG org.apache.commons.beanutils.converters.ArrayConverter -     No conversion required, value is already a boolean[]
14:26:40.931 [main] DEBUG org.apache.commons.beanutils.converters.ArrayConverter - Setting default value: [B@41e350f1
14:26:40.931 [main] DEBUG org.apache.commons.beanutils.converters.ArrayConverter - Converting 'byte[]' value '[B@41e350f1' to type 'byte[]'
14:26:40.931 [main] DEBUG org.apache.commons.beanutils.converters.ArrayConverter -     No conversion required, value is already a byte[]
14:26:40.931 [main] DEBUG org.apache.commons.beanutils.converters.ArrayConverter - Setting default value: [C@422c3c7a
14:26:40.931 [main] DEBUG org.apache.commons.beanutils.converters.ArrayConverter - Converting 'char[]' value '[C@422c3c7a' to type 'char[]'
14:26:40.931 [main] DEBUG org.apache.commons.beanutils.converters.ArrayConverter -     No conversion required, value is already a char[]
14:26:40.931 [main] DEBUG org.apache.commons.beanutils.converters.ArrayConverter - Setting default value: [D@d8305c2
14:26:40.931 [main] DEBUG org.apache.commons.beanutils.converters.ArrayConverter - Converting 'double[]' value '[D@d8305c2' to type 'double[]'
14:26:40.931 [main] DEBUG org.apache.commons.beanutils.converters.ArrayConverter -     No conversion required, value is already a double[]
14:26:40.931 [main] DEBUG org.apache.commons.beanutils.converters.ArrayConverter - Setting default value: [F@75d0911a
14:26:40.931 [main] DEBUG org.apache.commons.beanutils.converters.ArrayConverter - Converting 'float[]' value '[F@75d0911a' to type 'float[]'
14:26:40.932 [main] DEBUG org.apache.commons.beanutils.converters.ArrayConverter -     No conversion required, value is already a float[]
14:26:40.932 [main] DEBUG org.apache.commons.beanutils.converters.ArrayConverter - Setting default value: [I@60d1a32f
14:26:40.932 [main] DEBUG org.apache.commons.beanutils.converters.ArrayConverter - Converting 'int[]' value '[I@60d1a32f' to type 'int[]'
14:26:40.932 [main] DEBUG org.apache.commons.beanutils.converters.ArrayConverter -     No conversion required, value is already a int[]
14:26:40.932 [main] DEBUG org.apache.commons.beanutils.converters.ArrayConverter - Setting default value: [J@22b53226
14:26:40.932 [main] DEBUG org.apache.commons.beanutils.converters.ArrayConverter - Converting 'long[]' value '[J@22b53226' to type 'long[]'
14:26:40.932 [main] DEBUG org.apache.commons.beanutils.converters.ArrayConverter -     No conversion required, value is already a long[]
14:26:40.932 [main] DEBUG org.apache.commons.beanutils.converters.ArrayConverter - Setting default value: [S@726e5805
14:26:40.932 [main] DEBUG org.apache.commons.beanutils.converters.ArrayConverter - Converting 'short[]' value '[S@726e5805' to type 'short[]'
14:26:40.932 [main] DEBUG org.apache.commons.beanutils.converters.ArrayConverter -     No conversion required, value is already a short[]
14:26:40.932 [main] DEBUG org.apache.commons.beanutils.converters.ArrayConverter - Setting default value: [Ljava.math.BigDecimal;@4b672daa
14:26:40.932 [main] DEBUG org.apache.commons.beanutils.converters.ArrayConverter - Converting 'BigDecimal[]' value '[Ljava.math.BigDecimal;@4b672daa' to type 'BigDecimal[]'
14:26:40.932 [main] DEBUG org.apache.commons.beanutils.converters.ArrayConverter -     No conversion required, value is already a BigDecimal[]
14:26:40.932 [main] DEBUG org.apache.commons.beanutils.converters.ArrayConverter - Setting default value: [Ljava.math.BigInteger;@e077866
14:26:40.932 [main] DEBUG org.apache.commons.beanutils.converters.ArrayConverter - Converting 'BigInteger[]' value '[Ljava.math.BigInteger;@e077866' to type 'BigInteger[]'
14:26:40.932 [main] DEBUG org.apache.commons.beanutils.converters.ArrayConverter -     No conversion required, value is already a BigInteger[]
14:26:40.932 [main] DEBUG org.apache.commons.beanutils.converters.ArrayConverter - Setting default value: [Ljava.lang.Boolean;@7c2b6087
14:26:40.932 [main] DEBUG org.apache.commons.beanutils.converters.ArrayConverter - Converting 'Boolean[]' value '[Ljava.lang.Boolean;@7c2b6087' to type 'Boolean[]'
14:26:40.932 [main] DEBUG org.apache.commons.beanutils.converters.ArrayConverter -     No conversion required, value is already a Boolean[]
14:26:40.932 [main] DEBUG org.apache.commons.beanutils.converters.ArrayConverter - Setting default value: [Ljava.lang.Byte;@a8e6492
14:26:40.932 [main] DEBUG org.apache.commons.beanutils.converters.ArrayConverter - Converting 'Byte[]' value '[Ljava.lang.Byte;@a8e6492' to type 'Byte[]'
14:26:40.932 [main] DEBUG org.apache.commons.beanutils.converters.ArrayConverter -     No conversion required, value is already a Byte[]
14:26:40.932 [main] DEBUG org.apache.commons.beanutils.converters.ArrayConverter - Setting default value: [Ljava.lang.Character;@3b77a04f
14:26:40.932 [main] DEBUG org.apache.commons.beanutils.converters.ArrayConverter - Converting 'Character[]' value '[Ljava.lang.Character;@3b77a04f' to type 'Character[]'
14:26:40.933 [main] DEBUG org.apache.commons.beanutils.converters.ArrayConverter -     No conversion required, value is already a Character[]
14:26:40.933 [main] DEBUG org.apache.commons.beanutils.converters.ArrayConverter - Setting default value: [Ljava.lang.Double;@2e11485
14:26:40.933 [main] DEBUG org.apache.commons.beanutils.converters.ArrayConverter - Converting 'Double[]' value '[Ljava.lang.Double;@2e11485' to type 'Double[]'
14:26:40.933 [main] DEBUG org.apache.commons.beanutils.converters.ArrayConverter -     No conversion required, value is already a Double[]
14:26:40.933 [main] DEBUG org.apache.commons.beanutils.converters.ArrayConverter - Setting default value: [Ljava.lang.Float;@662f5666
14:26:40.933 [main] DEBUG org.apache.commons.beanutils.converters.ArrayConverter - Converting 'Float[]' value '[Ljava.lang.Float;@662f5666' to type 'Float[]'
14:26:40.933 [main] DEBUG org.apache.commons.beanutils.converters.ArrayConverter -     No conversion required, value is already a Float[]
14:26:40.933 [main] DEBUG org.apache.commons.beanutils.converters.ArrayConverter - Setting default value: [Ljava.lang.Integer;@5974109
14:26:40.933 [main] DEBUG org.apache.commons.beanutils.converters.ArrayConverter - Converting 'Integer[]' value '[Ljava.lang.Integer;@5974109' to type 'Integer[]'
14:26:40.933 [main] DEBUG org.apache.commons.beanutils.converters.ArrayConverter -     No conversion required, value is already a Integer[]
14:26:40.933 [main] DEBUG org.apache.commons.beanutils.converters.ArrayConverter - Setting default value: [Ljava.lang.Long;@1ef3efa8
14:26:40.933 [main] DEBUG org.apache.commons.beanutils.converters.ArrayConverter - Converting 'Long[]' value '[Ljava.lang.Long;@1ef3efa8' to type 'Long[]'
14:26:40.933 [main] DEBUG org.apache.commons.beanutils.converters.ArrayConverter -     No conversion required, value is already a Long[]
14:26:40.933 [main] DEBUG org.apache.commons.beanutils.converters.ArrayConverter - Setting default value: [Ljava.lang.Short;@6f8f9349
14:26:40.933 [main] DEBUG org.apache.commons.beanutils.converters.ArrayConverter - Converting 'Short[]' value '[Ljava.lang.Short;@6f8f9349' to type 'Short[]'
14:26:40.933 [main] DEBUG org.apache.commons.beanutils.converters.ArrayConverter -     No conversion required, value is already a Short[]
14:26:40.933 [main] DEBUG org.apache.commons.beanutils.converters.ArrayConverter - Setting default value: [Ljava.lang.String;@7446d8d5
14:26:40.933 [main] DEBUG org.apache.commons.beanutils.converters.ArrayConverter - Converting 'String[]' value '[Ljava.lang.String;@7446d8d5' to type 'String[]'
14:26:40.933 [main] DEBUG org.apache.commons.beanutils.converters.ArrayConverter -     No conversion required, value is already a String[]
14:26:40.933 [main] DEBUG org.apache.commons.beanutils.converters.ArrayConverter - Setting default value: [Ljava.lang.Class;@5c3b6c6e
14:26:40.933 [main] DEBUG org.apache.commons.beanutils.converters.ArrayConverter - Converting 'Class[]' value '[Ljava.lang.Class;@5c3b6c6e' to type 'Class[]'
14:26:40.933 [main] DEBUG org.apache.commons.beanutils.converters.ArrayConverter -     No conversion required, value is already a Class[]
14:26:40.933 [main] DEBUG org.apache.commons.beanutils.converters.ArrayConverter - Setting default value: [Ljava.util.Date;@4fbda97b
14:26:40.933 [main] DEBUG org.apache.commons.beanutils.converters.ArrayConverter - Converting 'Date[]' value '[Ljava.util.Date;@4fbda97b' to type 'Date[]'
14:26:40.933 [main] DEBUG org.apache.commons.beanutils.converters.ArrayConverter -     No conversion required, value is already a Date[]
14:26:40.933 [main] DEBUG org.apache.commons.beanutils.converters.ArrayConverter - Setting default value: [Ljava.util.Calendar;@37b70343
14:26:40.933 [main] DEBUG org.apache.commons.beanutils.converters.ArrayConverter - Converting 'Calendar[]' value '[Ljava.util.Calendar;@37b70343' to type 'Calendar[]'
14:26:40.933 [main] DEBUG org.apache.commons.beanutils.converters.ArrayConverter -     No conversion required, value is already a Calendar[]
14:26:40.933 [main] DEBUG org.apache.commons.beanutils.converters.ArrayConverter - Setting default value: [Ljava.io.File;@12bcd0c0
14:26:40.933 [main] DEBUG org.apache.commons.beanutils.converters.ArrayConverter - Converting 'java.io.File[]' value '[Ljava.io.File;@12bcd0c0' to type 'java.io.File[]'
14:26:40.934 [main] DEBUG org.apache.commons.beanutils.converters.ArrayConverter -     No conversion required, value is already a java.io.File[]
14:26:40.934 [main] DEBUG org.apache.commons.beanutils.converters.ArrayConverter - Setting default value: [Ljava.sql.Date;@47db5fa5
14:26:40.934 [main] DEBUG org.apache.commons.beanutils.converters.ArrayConverter - Converting 'java.sql.Date[]' value '[Ljava.sql.Date;@47db5fa5' to type 'java.sql.Date[]'
14:26:40.934 [main] DEBUG org.apache.commons.beanutils.converters.ArrayConverter -     No conversion required, value is already a java.sql.Date[]
14:26:40.934 [main] DEBUG org.apache.commons.beanutils.converters.ArrayConverter - Setting default value: [Ljava.sql.Time;@41813449
14:26:40.934 [main] DEBUG org.apache.commons.beanutils.converters.ArrayConverter - Converting 'java.sql.Time[]' value '[Ljava.sql.Time;@41813449' to type 'java.sql.Time[]'
14:26:40.934 [main] DEBUG org.apache.commons.beanutils.converters.ArrayConverter -     No conversion required, value is already a java.sql.Time[]
14:26:40.934 [main] DEBUG org.apache.commons.beanutils.converters.ArrayConverter - Setting default value: [Ljava.sql.Timestamp;@5b43fbf6
14:26:40.934 [main] DEBUG org.apache.commons.beanutils.converters.ArrayConverter - Converting 'java.sql.Timestamp[]' value '[Ljava.sql.Timestamp;@5b43fbf6' to type 'java.sql.Timestamp[]'
14:26:40.934 [main] DEBUG org.apache.commons.beanutils.converters.ArrayConverter -     No conversion required, value is already a java.sql.Timestamp[]
14:26:40.934 [main] DEBUG org.apache.commons.beanutils.converters.ArrayConverter - Setting default value: [Ljava.net.URL;@58ebfd03
14:26:40.935 [main] DEBUG org.apache.commons.beanutils.converters.ArrayConverter - Converting 'java.net.URL[]' value '[Ljava.net.URL;@58ebfd03' to type 'java.net.URL[]'
14:26:40.935 [main] DEBUG org.apache.commons.beanutils.converters.ArrayConverter -     No conversion required, value is already a java.net.URL[]
14:26:40.972 [pool-1-thread-1] DEBUG org.apache.commons.beanutils.converters.StringConverter - Converting 'Long' value '1' to type 'String'
14:26:40.973 [pool-1-thread-1] DEBUG org.apache.commons.beanutils.converters.StringConverter - Converting 'String' value 'Test Customer' to type 'String'
14:26:40.973 [pool-1-thread-1] DEBUG org.apache.commons.beanutils.converters.StringConverter - Converting 'String' value 'test@example.com' to type 'String'
14:26:40.974 [pool-1-thread-1] DEBUG org.apache.commons.beanutils.converters.StringConverter - Converting 'Integer' value '123456' to type 'String'
14:26:40.974 [pool-1-thread-1] DEBUG org.apache.commons.beanutils.converters.StringConverter - Converting 'String' value 'John' to type 'String'
14:26:40.974 [pool-1-thread-1] DEBUG org.apache.commons.beanutils.converters.StringConverter - Converting 'String' value 'Doe' to type 'String'
14:26:40.974 [pool-1-thread-1] DEBUG org.apache.commons.beanutils.converters.StringConverter - Converting 'String' value 'New York' to type 'String'
14:26:40.974 [pool-1-thread-1] DEBUG org.apache.commons.beanutils.converters.StringConverter - Converting 'String' value '123 Main St' to type 'String'
14:26:40.974 [pool-1-thread-1] DEBUG org.apache.commons.beanutils.converters.StringConverter - Converting 'Integer' value '1' to type 'String'
14:26:40.982 [main] DEBUG org.apache.commons.beanutils.converters.StringConverter - Converting 'Long' value '1' to type 'String'
14:26:40.982 [main] DEBUG org.apache.commons.beanutils.converters.StringConverter - Converting 'String' value 'Test' to type 'String'
14:26:40.982 [main] DEBUG org.apache.commons.beanutils.converters.StringConverter - Converting 'String' value 'test@example.com' to type 'String'
14:26:40.982 [main] DEBUG org.apache.commons.beanutils.converters.StringConverter - Converting 'Integer' value '123456' to type 'String'
14:26:40.982 [main] DEBUG org.apache.commons.beanutils.converters.StringConverter - Converting 'Integer' value '0' to type 'String'
14:26:40.983 [main] ERROR crm.utils.WriteCsvToResponse - Error mapping Bean to CSV
java.lang.NullPointerException: Cannot invoke "java.io.Writer.write(String)" because "this.writer" is null
	at com.opencsv.CSVWriter.writeNext(CSVWriter.java:91)
	at com.opencsv.AbstractCSVWriter.writeNext(AbstractCSVWriter.java:77)
	at com.opencsv.bean.StatefulBeanToCsv.write(StatefulBeanToCsv.java:242)
	at crm.utils.WriteCsvToResponse.writeCustomer(WriteCsvToResponse.java:54)
	at crm.utils.WriteCsvToResponseTest.lambda$testWriteCustomerWithNullPrintWriter$2(WriteCsvToResponseTest.java:119)
	at org.junit.jupiter.api.AssertDoesNotThrow.assertDoesNotThrow(AssertDoesNotThrow.java:49)
	at org.junit.jupiter.api.AssertDoesNotThrow.assertDoesNotThrow(AssertDoesNotThrow.java:36)
	at org.junit.jupiter.api.Assertions.assertDoesNotThrow(Assertions.java:3136)
	at crm.utils.WriteCsvToResponseTest.testWriteCustomerWithNullPrintWriter(WriteCsvToResponseTest.java:119)
	at java.base/jdk.internal.reflect.DirectMethodHandleAccessor.invoke(DirectMethodHandleAccessor.java:103)
	at java.base/java.lang.reflect.Method.invoke(Method.java:580)
	at org.junit.platform.commons.util.ReflectionUtils.invokeMethod(ReflectionUtils.java:725)
	at org.junit.jupiter.engine.execution.MethodInvocation.proceed(MethodInvocation.java:60)
	at org.junit.jupiter.engine.execution.InvocationInterceptorChain$ValidatingInvocation.proceed(InvocationInterceptorChain.java:131)
	at org.junit.jupiter.engine.extension.TimeoutExtension.intercept(TimeoutExtension.java:156)
	at org.junit.jupiter.engine.extension.TimeoutExtension.interceptTestableMethod(TimeoutExtension.java:147)
	at org.junit.jupiter.engine.extension.TimeoutExtension.interceptTestMethod(TimeoutExtension.java:86)
	at org.junit.jupiter.engine.execution.InterceptingExecutableInvoker$ReflectiveInterceptorCall.lambda$ofVoidMethod$0(InterceptingExecutableInvoker.java:103)
	at org.junit.jupiter.engine.execution.InterceptingExecutableInvoker.lambda$invoke$0(InterceptingExecutableInvoker.java:93)
	at org.junit.jupiter.engine.execution.InvocationInterceptorChain$InterceptedInvocation.proceed(InvocationInterceptorChain.java:106)
	at org.junit.jupiter.engine.execution.InvocationInterceptorChain.proceed(InvocationInterceptorChain.java:64)
	at org.junit.jupiter.engine.execution.InvocationInterceptorChain.chainAndInvoke(InvocationInterceptorChain.java:45)
	at org.junit.jupiter.engine.execution.InvocationInterceptorChain.invoke(InvocationInterceptorChain.java:37)
	at org.junit.jupiter.engine.execution.InterceptingExecutableInvoker.invoke(InterceptingExecutableInvoker.java:92)
	at org.junit.jupiter.engine.execution.InterceptingExecutableInvoker.invoke(InterceptingExecutableInvoker.java:86)
	at org.junit.jupiter.engine.descriptor.TestMethodTestDescriptor.lambda$invokeTestMethod$7(TestMethodTestDescriptor.java:217)
	at org.junit.platform.engine.support.hierarchical.ThrowableCollector.execute(ThrowableCollector.java:73)
	at org.junit.jupiter.engine.descriptor.TestMethodTestDescriptor.invokeTestMethod(TestMethodTestDescriptor.java:213)
	at org.junit.jupiter.engine.descriptor.TestMethodTestDescriptor.execute(TestMethodTestDescriptor.java:138)
	at org.junit.jupiter.engine.descriptor.TestMethodTestDescriptor.execute(TestMethodTestDescriptor.java:68)
	at org.junit.platform.engine.support.hierarchical.NodeTestTask.lambda$executeRecursively$6(NodeTestTask.java:151)
	at org.junit.platform.engine.support.hierarchical.ThrowableCollector.execute(ThrowableCollector.java:73)
	at org.junit.platform.engine.support.hierarchical.NodeTestTask.lambda$executeRecursively$8(NodeTestTask.java:141)
	at org.junit.platform.engine.support.hierarchical.Node.around(Node.java:137)
	at org.junit.platform.engine.support.hierarchical.NodeTestTask.lambda$executeRecursively$9(NodeTestTask.java:139)
	at org.junit.platform.engine.support.hierarchical.ThrowableCollector.execute(ThrowableCollector.java:73)
	at org.junit.platform.engine.support.hierarchical.NodeTestTask.executeRecursively(NodeTestTask.java:138)
	at org.junit.platform.engine.support.hierarchical.NodeTestTask.execute(NodeTestTask.java:95)
	at java.base/java.util.ArrayList.forEach(ArrayList.java:1596)
	at org.junit.platform.engine.support.hierarchical.SameThreadHierarchicalTestExecutorService.invokeAll(SameThreadHierarchicalTestExecutorService.java:41)
	at org.junit.platform.engine.support.hierarchical.NodeTestTask.lambda$executeRecursively$6(NodeTestTask.java:155)
	at org.junit.platform.engine.support.hierarchical.ThrowableCollector.execute(ThrowableCollector.java:73)
	at org.junit.platform.engine.support.hierarchical.NodeTestTask.lambda$executeRecursively$8(NodeTestTask.java:141)
	at org.junit.platform.engine.support.hierarchical.Node.around(Node.java:137)
	at org.junit.platform.engine.support.hierarchical.NodeTestTask.lambda$executeRecursively$9(NodeTestTask.java:139)
	at org.junit.platform.engine.support.hierarchical.ThrowableCollector.execute(ThrowableCollector.java:73)
	at org.junit.platform.engine.support.hierarchical.NodeTestTask.executeRecursively(NodeTestTask.java:138)
	at org.junit.platform.engine.support.hierarchical.NodeTestTask.execute(NodeTestTask.java:95)
	at java.base/java.util.ArrayList.forEach(ArrayList.java:1596)
	at org.junit.platform.engine.support.hierarchical.SameThreadHierarchicalTestExecutorService.invokeAll(SameThreadHierarchicalTestExecutorService.java:41)
	at org.junit.platform.engine.support.hierarchical.NodeTestTask.lambda$executeRecursively$6(NodeTestTask.java:155)
	at org.junit.platform.engine.support.hierarchical.ThrowableCollector.execute(ThrowableCollector.java:73)
	at org.junit.platform.engine.support.hierarchical.NodeTestTask.lambda$executeRecursively$8(NodeTestTask.java:141)
	at org.junit.platform.engine.support.hierarchical.Node.around(Node.java:137)
	at org.junit.platform.engine.support.hierarchical.NodeTestTask.lambda$executeRecursively$9(NodeTestTask.java:139)
	at org.junit.platform.engine.support.hierarchical.ThrowableCollector.execute(ThrowableCollector.java:73)
	at org.junit.platform.engine.support.hierarchical.NodeTestTask.executeRecursively(NodeTestTask.java:138)
	at org.junit.platform.engine.support.hierarchical.NodeTestTask.execute(NodeTestTask.java:95)
	at org.junit.platform.engine.support.hierarchical.SameThreadHierarchicalTestExecutorService.submit(SameThreadHierarchicalTestExecutorService.java:35)
	at org.junit.platform.engine.support.hierarchical.HierarchicalTestExecutor.execute(HierarchicalTestExecutor.java:57)
	at org.junit.platform.engine.support.hierarchical.HierarchicalTestEngine.execute(HierarchicalTestEngine.java:54)
	at org.junit.platform.launcher.core.DefaultLauncher.execute(DefaultLauncher.java:220)
	at org.junit.platform.launcher.core.DefaultLauncher.lambda$execute$6(DefaultLauncher.java:188)
	at org.junit.platform.launcher.core.DefaultLauncher.withInterceptedStreams(DefaultLauncher.java:202)
	at org.junit.platform.launcher.core.DefaultLauncher.execute(DefaultLauncher.java:181)
	at org.junit.platform.launcher.core.DefaultLauncher.execute(DefaultLauncher.java:128)
	at org.apache.maven.surefire.junitplatform.JUnitPlatformProvider.invokeAllTests(JUnitPlatformProvider.java:150)
	at org.apache.maven.surefire.junitplatform.JUnitPlatformProvider.invoke(JUnitPlatformProvider.java:124)
	at org.apache.maven.surefire.booter.ForkedBooter.invokeProviderInSameClassLoader(ForkedBooter.java:384)
	at org.apache.maven.surefire.booter.ForkedBooter.runSuitesInProcess(ForkedBooter.java:345)
	at org.apache.maven.surefire.booter.ForkedBooter.execute(ForkedBooter.java:126)
	at org.apache.maven.surefire.booter.ForkedBooter.main(ForkedBooter.java:418)
14:26:40.990 [pool-2-thread-1] DEBUG org.apache.commons.beanutils.converters.StringConverter - Converting 'Long' value '2' to type 'String'
14:26:40.990 [pool-2-thread-1] DEBUG org.apache.commons.beanutils.converters.StringConverter - Converting 'String' value 'Customer2' to type 'String'
14:26:40.990 [pool-2-thread-15] DEBUG org.apache.commons.beanutils.converters.StringConverter - Converting 'Long' value '1' to type 'String'
14:26:40.990 [pool-2-thread-1] DEBUG org.apache.commons.beanutils.converters.StringConverter - Converting 'String' value 'customer2@example.com' to type 'String'
14:26:40.990 [pool-2-thread-15] DEBUG org.apache.commons.beanutils.converters.StringConverter - Converting 'String' value 'Customer1' to type 'String'
14:26:40.990 [pool-2-thread-1] DEBUG org.apache.commons.beanutils.converters.StringConverter - Converting 'Integer' value '222222' to type 'String'
14:26:40.990 [pool-2-thread-1] DEBUG org.apache.commons.beanutils.converters.StringConverter - Converting 'String' value 'Jane' to type 'String'
14:26:40.990 [pool-2-thread-15] DEBUG org.apache.commons.beanutils.converters.StringConverter - Converting 'String' value 'customer1@example.com' to type 'String'
14:26:40.990 [pool-2-thread-1] DEBUG org.apache.commons.beanutils.converters.StringConverter - Converting 'String' value 'Smith' to type 'String'
14:26:40.990 [pool-2-thread-15] DEBUG org.apache.commons.beanutils.converters.StringConverter - Converting 'Integer' value '111111' to type 'String'
14:26:40.990 [pool-2-thread-1] DEBUG org.apache.commons.beanutils.converters.StringConverter - Converting 'String' value 'City2' to type 'String'
14:26:40.991 [pool-2-thread-15] DEBUG org.apache.commons.beanutils.converters.StringConverter - Converting 'String' value 'John' to type 'String'
14:26:40.991 [pool-2-thread-1] DEBUG org.apache.commons.beanutils.converters.StringConverter - Converting 'String' value 'Address2' to type 'String'
14:26:40.991 [pool-2-thread-15] DEBUG org.apache.commons.beanutils.converters.StringConverter - Converting 'String' value 'Doe' to type 'String'
14:26:40.991 [pool-2-thread-1] DEBUG org.apache.commons.beanutils.converters.StringConverter - Converting 'Integer' value '0' to type 'String'
14:26:40.991 [pool-2-thread-15] DEBUG org.apache.commons.beanutils.converters.StringConverter - Converting 'String' value 'City1' to type 'String'
14:26:40.991 [pool-2-thread-15] DEBUG org.apache.commons.beanutils.converters.StringConverter - Converting 'String' value 'Address1' to type 'String'
14:26:40.991 [pool-2-thread-15] DEBUG org.apache.commons.beanutils.converters.StringConverter - Converting 'Integer' value '1' to type 'String'
14:26:41.000 [main] DEBUG org.apache.commons.beanutils.converters.StringConverter - Converting 'Long' value '1' to type 'String'
14:26:41.000 [main] DEBUG org.apache.commons.beanutils.converters.StringConverter - Converting 'String' value 'Test Customer' to type 'String'
14:26:41.000 [main] DEBUG org.apache.commons.beanutils.converters.StringConverter - Converting 'String' value 'test@example.com' to type 'String'
14:26:41.000 [main] DEBUG org.apache.commons.beanutils.converters.StringConverter - Converting 'Integer' value '123456' to type 'String'
14:26:41.001 [main] DEBUG org.apache.commons.beanutils.converters.StringConverter - Converting 'String' value 'John' to type 'String'
14:26:41.001 [main] DEBUG org.apache.commons.beanutils.converters.StringConverter - Converting 'String' value 'Doe' to type 'String'
14:26:41.001 [main] DEBUG org.apache.commons.beanutils.converters.StringConverter - Converting 'String' value 'New York' to type 'String'
14:26:41.001 [main] DEBUG org.apache.commons.beanutils.converters.StringConverter - Converting 'String' value '123 Main St' to type 'String'
14:26:41.001 [main] DEBUG org.apache.commons.beanutils.converters.StringConverter - Converting 'Integer' value '1' to type 'String'
[INFO] Tests run: 7, Failures: 0, Errors: 0, Skipped: 0, Time elapsed: 0.382 s - in crm.utils.WriteCsvToResponseTest
[INFO] Running crm.entity.CustomerTest
[INFO] Tests run: 15, Failures: 0, Errors: 0, Skipped: 0, Time elapsed: 0.004 s - in crm.entity.CustomerTest
[INFO] Running crm.entity.CurrentUserTest
[INFO] Tests run: 12, Failures: 0, Errors: 0, Skipped: 0, Time elapsed: 0.006 s - in crm.entity.CurrentUserTest
[INFO] Running crm.entity.CategoryTest
[INFO] Tests run: 8, Failures: 0, Errors: 0, Skipped: 0, Time elapsed: 0.001 s - in crm.entity.CategoryTest
[INFO] Running crm.entity.UserTest
[INFO] Tests run: 17, Failures: 0, Errors: 0, Skipped: 0, Time elapsed: 0.007 s - in crm.entity.UserTest
[INFO] Running crm.entity.PdfTest
[INFO] Tests run: 10, Failures: 0, Errors: 0, Skipped: 0, Time elapsed: 0.002 s - in crm.entity.PdfTest
[INFO] Running crm.entity.ContractTest
[INFO] Tests run: 14, Failures: 0, Errors: 0, Skipped: 0, Time elapsed: 0.006 s - in crm.entity.ContractTest
[INFO] Running crm.entity.StatusTest
[INFO] Tests run: 9, Failures: 0, Errors: 0, Skipped: 0, Time elapsed: 0.001 s - in crm.entity.StatusTest
[INFO] Running crm.entity.RoleTest
[INFO] Tests run: 8, Failures: 0, Errors: 0, Skipped: 0, Time elapsed: 0.004 s - in crm.entity.RoleTest
[INFO] Running crm.view.PdfViewTest
[INFO] Tests run: 3, Failures: 0, Errors: 0, Skipped: 0, Time elapsed: 0.001 s - in crm.view.PdfViewTest
[INFO] Running crm.view.CsvViewTest
[INFO] Tests run: 3, Failures: 0, Errors: 0, Skipped: 0, Time elapsed: 0.001 s - in crm.view.CsvViewTest
[INFO] Running crm.view.ExcelViewTest
[INFO] Tests run: 2, Failures: 0, Errors: 0, Skipped: 0, Time elapsed: 0 s - in crm.view.ExcelViewTest
[INFO] Running crm.view.AbstractCsvViewTest
[INFO] Tests run: 6, Failures: 0, Errors: 0, Skipped: 0, Time elapsed: 0.002 s - in crm.view.AbstractCsvViewTest
[INFO] Running crm.view.AbstractPdfViewTest
WARNING: A Java agent has been loaded dynamically (/home/studioai/.m2/repository/net/bytebuddy/byte-buddy-agent/1.12.23/byte-buddy-agent-1.12.23.jar)
WARNING: If a serviceability tool is in use, please run with -XX:+EnableDynamicAgentLoading to hide this warning
WARNING: If a serviceability tool is not in use, please run with -Djdk.instrument.traceUsage for more information
WARNING: Dynamic loading of agents will be disallowed by default in a future release
[ERROR] Tests run: 6, Failures: 0, Errors: 2, Skipped: 0, Time elapsed: 1.315 s <<< FAILURE! - in crm.view.AbstractPdfViewTest
[ERROR] testPrepareWriter  Time elapsed: 1.211 s  <<< ERROR!
org.mockito.exceptions.base.MockitoException: 

Mockito cannot mock this class: class com.itextpdf.text.pdf.PdfWriter.

If you're not sure why you're getting this error, please open an issue on GitHub.


Java               : 21
JVM vendor name    : Eclipse Adoptium
JVM vendor version : 21.0.5+11-LTS
JVM name           : OpenJDK 64-Bit Server VM
JVM version        : 21.0.5+11-LTS
JVM info           : mixed mode, sharing
OS name            : Linux
OS version         : 6.12.47-0-virt


You are seeing this disclaimer because Mockito is configured to create inlined mocks.
You can learn about inline mocks and their limitations under item #39 of the Mockito class javadoc.

Underlying exception : org.mockito.exceptions.base.MockitoException: Could not modify all classes [interface com.itextpdf.text.DocListener, class java.lang.Object, interface com.itextpdf.text.pdf.interfaces.PdfAnnotations, interface com.itextpdf.text.ElementListener, interface com.itextpdf.text.pdf.interfaces.PdfEncryptionSettings, interface com.itextpdf.text.pdf.interfaces.PdfDocumentActions, interface com.itextpdf.text.pdf.interfaces.PdfPageActions, interface com.itextpdf.text.pdf.interfaces.PdfRunDirection, class com.itextpdf.text.DocWriter, interface com.itextpdf.text.pdf.interfaces.PdfVersion, interface com.itextpdf.text.pdf.interfaces.PdfViewerPreferences, class com.itextpdf.text.pdf.PdfWriter, interface java.util.EventListener]
	at crm.view.AbstractPdfViewTest.testPrepareWriter(AbstractPdfViewTest.java:55)
Caused by: org.mockito.exceptions.base.MockitoException: Could not modify all classes [interface com.itextpdf.text.DocListener, class java.lang.Object, interface com.itextpdf.text.pdf.interfaces.PdfAnnotations, interface com.itextpdf.text.ElementListener, interface com.itextpdf.text.pdf.interfaces.PdfEncryptionSettings, interface com.itextpdf.text.pdf.interfaces.PdfDocumentActions, interface com.itextpdf.text.pdf.interfaces.PdfPageActions, interface com.itextpdf.text.pdf.interfaces.PdfRunDirection, class com.itextpdf.text.DocWriter, interface com.itextpdf.text.pdf.interfaces.PdfVersion, interface com.itextpdf.text.pdf.interfaces.PdfViewerPreferences, class com.itextpdf.text.pdf.PdfWriter, interface java.util.EventListener]
	at crm.view.AbstractPdfViewTest.testPrepareWriter(AbstractPdfViewTest.java:55)
Caused by: java.lang.IllegalStateException: 

Byte Buddy could not instrument all classes within the mock's type hierarchy

This problem should never occur for javac-compiled classes. This problem has been observed for classes that are:
 - Compiled by older versions of scalac
 - Classes that are part of the Android distribution
	at crm.view.AbstractPdfViewTest.testPrepareWriter(AbstractPdfViewTest.java:55)
Caused by: java.lang.IllegalArgumentException: Java 21 (65) is not supported by the current version of Byte Buddy which officially supports Java 20 (64) - update Byte Buddy or set net.bytebuddy.experimental as a VM property
	at crm.view.AbstractPdfViewTest.testPrepareWriter(AbstractPdfViewTest.java:55)

[ERROR] testBuildPdfMetadata  Time elapsed: 0.084 s  <<< ERROR!
org.mockito.exceptions.base.MockitoException: 

Mockito cannot mock this class: class com.itextpdf.text.Document.

If you're not sure why you're getting this error, please open an issue on GitHub.


Java               : 21
JVM vendor name    : Eclipse Adoptium
JVM vendor version : 21.0.5+11-LTS
JVM name           : OpenJDK 64-Bit Server VM
JVM version        : 21.0.5+11-LTS
JVM info           : mixed mode, sharing
OS name            : Linux
OS version         : 6.12.47-0-virt


You are seeing this disclaimer because Mockito is configured to create inlined mocks.
You can learn about inline mocks and their limitations under item #39 of the Mockito class javadoc.

Underlying exception : org.mockito.exceptions.base.MockitoException: Could not modify all classes [interface com.itextpdf.text.DocListener, class java.lang.Object, class com.itextpdf.text.Document, interface com.itextpdf.text.pdf.interfaces.IAccessibleElement, interface com.itextpdf.text.ElementListener, interface java.util.EventListener]
	at crm.view.AbstractPdfViewTest.testBuildPdfMetadata(AbstractPdfViewTest.java:64)
Caused by: org.mockito.exceptions.base.MockitoException: Could not modify all classes [interface com.itextpdf.text.DocListener, class java.lang.Object, class com.itextpdf.text.Document, interface com.itextpdf.text.pdf.interfaces.IAccessibleElement, interface com.itextpdf.text.ElementListener, interface java.util.EventListener]
	at crm.view.AbstractPdfViewTest.testBuildPdfMetadata(AbstractPdfViewTest.java:64)
Caused by: java.lang.IllegalStateException: 

Byte Buddy could not instrument all classes within the mock's type hierarchy

This problem should never occur for javac-compiled classes. This problem has been observed for classes that are:
 - Compiled by older versions of scalac
 - Classes that are part of the Android distribution
	at crm.view.AbstractPdfViewTest.testBuildPdfMetadata(AbstractPdfViewTest.java:64)
Caused by: java.lang.IllegalArgumentException: Java 21 (65) is not supported by the current version of Byte Buddy which officially supports Java 20 (64) - update Byte Buddy or set net.bytebuddy.experimental as a VM property
	at crm.view.AbstractPdfViewTest.testBuildPdfMetadata(AbstractPdfViewTest.java:64)

[INFO] Running crm.WebAppConfigTest
[ERROR] Tests run: 9, Failures: 0, Errors: 3, Skipped: 0, Time elapsed: 0.298 s <<< FAILURE! - in crm.WebAppConfigTest
[ERROR] testContentNegotiatingViewResolver  Time elapsed: 0.079 s  <<< ERROR!
org.mockito.exceptions.base.MockitoException: 

Mockito cannot mock this class: class org.springframework.web.accept.ContentNegotiationManager.

If you're not sure why you're getting this error, please open an issue on GitHub.


Java               : 21
JVM vendor name    : Eclipse Adoptium
JVM vendor version : 21.0.5+11-LTS
JVM name           : OpenJDK 64-Bit Server VM
JVM version        : 21.0.5+11-LTS
JVM info           : mixed mode, sharing
OS name            : Linux
OS version         : 6.12.47-0-virt


You are seeing this disclaimer because Mockito is configured to create inlined mocks.
You can learn about inline mocks and their limitations under item #39 of the Mockito class javadoc.

Underlying exception : org.mockito.exceptions.base.MockitoException: Could not modify all classes [class java.lang.Object, class org.springframework.web.accept.ContentNegotiationManager, interface org.springframework.web.accept.MediaTypeFileExtensionResolver, interface org.springframework.web.accept.ContentNegotiationStrategy]
	at crm.WebAppConfigTest.testContentNegotiatingViewResolver(WebAppConfigTest.java:45)
Caused by: org.mockito.exceptions.base.MockitoException: Could not modify all classes [class java.lang.Object, class org.springframework.web.accept.ContentNegotiationManager, interface org.springframework.web.accept.MediaTypeFileExtensionResolver, interface org.springframework.web.accept.ContentNegotiationStrategy]
	at crm.WebAppConfigTest.testContentNegotiatingViewResolver(WebAppConfigTest.java:45)
Caused by: java.lang.IllegalStateException: 

Byte Buddy could not instrument all classes within the mock's type hierarchy

This problem should never occur for javac-compiled classes. This problem has been observed for classes that are:
 - Compiled by older versions of scalac
 - Classes that are part of the Android distribution
	at crm.WebAppConfigTest.testContentNegotiatingViewResolver(WebAppConfigTest.java:45)
Caused by: java.lang.IllegalArgumentException: Java 21 (65) is not supported by the current version of Byte Buddy which officially supports Java 20 (64) - update Byte Buddy or set net.bytebuddy.experimental as a VM property
	at crm.WebAppConfigTest.testContentNegotiatingViewResolver(WebAppConfigTest.java:45)

[ERROR] testAddViewControllers  Time elapsed: 0.041 s  <<< ERROR!
org.mockito.exceptions.base.MockitoException: 

Mockito cannot mock this class: class org.springframework.web.servlet.config.annotation.ViewControllerRegistry.

If you're not sure why you're getting this error, please open an issue on GitHub.


Java               : 21
JVM vendor name    : Eclipse Adoptium
JVM vendor version : 21.0.5+11-LTS
JVM name           : OpenJDK 64-Bit Server VM
JVM version        : 21.0.5+11-LTS
JVM info           : mixed mode, sharing
OS name            : Linux
OS version         : 6.12.47-0-virt


You are seeing this disclaimer because Mockito is configured to create inlined mocks.
You can learn about inline mocks and their limitations under item #39 of the Mockito class javadoc.

Underlying exception : org.mockito.exceptions.base.MockitoException: Could not modify all classes [class java.lang.Object, class org.springframework.web.servlet.config.annotation.ViewControllerRegistry]
	at crm.WebAppConfigTest.testAddViewControllers(WebAppConfigTest.java:31)
Caused by: org.mockito.exceptions.base.MockitoException: Could not modify all classes [class java.lang.Object, class org.springframework.web.servlet.config.annotation.ViewControllerRegistry]
	at crm.WebAppConfigTest.testAddViewControllers(WebAppConfigTest.java:31)
Caused by: java.lang.IllegalStateException: 

Byte Buddy could not instrument all classes within the mock's type hierarchy

This problem should never occur for javac-compiled classes. This problem has been observed for classes that are:
 - Compiled by older versions of scalac
 - Classes that are part of the Android distribution
	at crm.WebAppConfigTest.testAddViewControllers(WebAppConfigTest.java:31)
Caused by: java.lang.IllegalArgumentException: Java 21 (65) is not supported by the current version of Byte Buddy which officially supports Java 20 (64) - update Byte Buddy or set net.bytebuddy.experimental as a VM property
	at crm.WebAppConfigTest.testAddViewControllers(WebAppConfigTest.java:31)

[ERROR] testConfigureContentNegotiation  Time elapsed: 0.051 s  <<< ERROR!
org.mockito.exceptions.base.MockitoException: 

Mockito cannot mock this class: class org.springframework.web.servlet.config.annotation.ContentNegotiationConfigurer.

If you're not sure why you're getting this error, please open an issue on GitHub.


Java               : 21
JVM vendor name    : Eclipse Adoptium
JVM vendor version : 21.0.5+11-LTS
JVM name           : OpenJDK 64-Bit Server VM
JVM version        : 21.0.5+11-LTS
JVM info           : mixed mode, sharing
OS name            : Linux
OS version         : 6.12.47-0-virt


You are seeing this disclaimer because Mockito is configured to create inlined mocks.
You can learn about inline mocks and their limitations under item #39 of the Mockito class javadoc.

Underlying exception : org.mockito.exceptions.base.MockitoException: Could not modify all classes [class java.lang.Object, class org.springframework.web.servlet.config.annotation.ContentNegotiationConfigurer]
	at crm.WebAppConfigTest.testConfigureContentNegotiation(WebAppConfigTest.java:38)
Caused by: org.mockito.exceptions.base.MockitoException: Could not modify all classes [class java.lang.Object, class org.springframework.web.servlet.config.annotation.ContentNegotiationConfigurer]
	at crm.WebAppConfigTest.testConfigureContentNegotiation(WebAppConfigTest.java:38)
Caused by: java.lang.IllegalStateException: 

Byte Buddy could not instrument all classes within the mock's type hierarchy

This problem should never occur for javac-compiled classes. This problem has been observed for classes that are:
 - Compiled by older versions of scalac
 - Classes that are part of the Android distribution
	at crm.WebAppConfigTest.testConfigureContentNegotiation(WebAppConfigTest.java:38)
Caused by: java.lang.IllegalArgumentException: Java 21 (65) is not supported by the current version of Byte Buddy which officially supports Java 20 (64) - update Byte Buddy or set net.bytebuddy.experimental as a VM property
	at crm.WebAppConfigTest.testConfigureContentNegotiation(WebAppConfigTest.java:38)

[INFO] Running crm.repository.RoleRepositoryTest
14:26:42.719 [main] DEBUG org.springframework.test.context.BootstrapUtils - Instantiating CacheAwareContextLoaderDelegate from class [org.springframework.test.context.cache.DefaultCacheAwareContextLoaderDelegate]
14:26:42.725 [main] DEBUG org.springframework.test.context.BootstrapUtils - Instantiating BootstrapContext using constructor [public org.springframework.test.context.support.DefaultBootstrapContext(java.lang.Class,org.springframework.test.context.CacheAwareContextLoaderDelegate)]
14:26:42.769 [main] DEBUG org.springframework.test.context.BootstrapUtils - Instantiating TestContextBootstrapper for test class [crm.repository.RoleRepositoryTest] from class [org.springframework.boot.test.autoconfigure.orm.jpa.DataJpaTestContextBootstrapper]
14:26:42.778 [main] INFO org.springframework.boot.test.autoconfigure.orm.jpa.DataJpaTestContextBootstrapper - Neither @ContextConfiguration nor @ContextHierarchy found for test class [crm.repository.RoleRepositoryTest], using SpringBootContextLoader
14:26:42.780 [main] DEBUG org.springframework.test.context.support.AbstractContextLoader - Did not detect default resource location for test class [crm.repository.RoleRepositoryTest]: class path resource [crm/repository/RoleRepositoryTest-context.xml] does not exist
14:26:42.781 [main] DEBUG org.springframework.test.context.support.AbstractContextLoader - Did not detect default resource location for test class [crm.repository.RoleRepositoryTest]: class path resource [crm/repository/RoleRepositoryTestContext.groovy] does not exist
14:26:42.781 [main] INFO org.springframework.test.context.support.AbstractContextLoader - Could not detect default resource locations for test class [crm.repository.RoleRepositoryTest]: no resource found for suffixes {-context.xml, Context.groovy}.
14:26:42.782 [main] INFO org.springframework.test.context.support.AnnotationConfigContextLoaderUtils - Could not detect default configuration classes for test class [crm.repository.RoleRepositoryTest]: RoleRepositoryTest does not declare any static, non-private, non-final, nested classes annotated with @Configuration.
14:26:42.847 [main] DEBUG org.springframework.test.context.support.ActiveProfilesUtils - Could not find an 'annotation declaring class' for annotation type [org.springframework.test.context.ActiveProfiles] and class [crm.repository.RoleRepositoryTest]
14:26:42.895 [main] DEBUG org.springframework.context.annotation.ClassPathScanningCandidateComponentProvider - Identified candidate component class: file [/modernize-data/studio-data/TNT1001/APP1267/transformed-code/411/studio-workspace/MODTEST/target/classes/crm/CrmApplication.class]
14:26:42.900 [main] INFO org.springframework.boot.test.context.SpringBootTestContextBootstrapper - Found @SpringBootConfiguration crm.CrmApplication for test class crm.repository.RoleRepositoryTest
14:26:42.903 [main] DEBUG org.springframework.boot.test.autoconfigure.orm.jpa.DataJpaTestContextBootstrapper - @TestExecutionListeners is not present for class [crm.repository.RoleRepositoryTest]: using defaults.
14:26:42.903 [main] INFO org.springframework.boot.test.autoconfigure.orm.jpa.DataJpaTestContextBootstrapper - Loaded default TestExecutionListener class names from location [META-INF/spring.factories]: [org.springframework.boot.test.mock.mockito.MockitoTestExecutionListener, org.springframework.boot.test.mock.mockito.ResetMocksTestExecutionListener, org.springframework.boot.test.autoconfigure.restdocs.RestDocsTestExecutionListener, org.springframework.boot.test.autoconfigure.web.client.MockRestServiceServerResetTestExecutionListener, org.springframework.boot.test.autoconfigure.web.servlet.MockMvcPrintOnlyOnFailureTestExecutionListener, org.springframework.boot.test.autoconfigure.web.servlet.WebDriverTestExecutionListener, org.springframework.boot.test.autoconfigure.webservices.client.MockWebServiceServerTestExecutionListener, org.springframework.test.context.web.ServletTestExecutionListener, org.springframework.test.context.support.DirtiesContextBeforeModesTestExecutionListener, org.springframework.test.context.event.ApplicationEventsTestExecutionListener, org.springframework.test.context.support.DependencyInjectionTestExecutionListener, org.springframework.test.context.support.DirtiesContextTestExecutionListener, org.springframework.test.context.transaction.TransactionalTestExecutionListener, org.springframework.test.context.jdbc.SqlScriptsTestExecutionListener, org.springframework.test.context.event.EventPublishingTestExecutionListener, org.springframework.security.test.context.support.WithSecurityContextTestExecutionListener, org.springframework.security.test.context.support.ReactorContextTestExecutionListener]
14:26:42.916 [main] INFO org.springframework.boot.test.autoconfigure.orm.jpa.DataJpaTestContextBootstrapper - Using TestExecutionListeners: [org.springframework.test.context.web.ServletTestExecutionListener@4f1fb828, org.springframework.test.context.support.DirtiesContextBeforeModesTestExecutionListener@6ee5f485, org.springframework.test.context.event.ApplicationEventsTestExecutionListener@20d19f2c, org.springframework.boot.test.mock.mockito.MockitoTestExecutionListener@45592af7, org.springframework.boot.test.autoconfigure.SpringBootDependencyInjectionTestExecutionListener@77b5148c, org.springframework.test.context.support.DirtiesContextTestExecutionListener@36359723, org.springframework.test.context.transaction.TransactionalTestExecutionListener@1ab14636, org.springframework.test.context.jdbc.SqlScriptsTestExecutionListener@16b3c905, org.springframework.test.context.event.EventPublishingTestExecutionListener@49fdbe2b, org.springframework.security.test.context.support.WithSecurityContextTestExecutionListener@53eba4b8, org.springframework.security.test.context.support.ReactorContextTestExecutionListener@437bd805, org.springframework.boot.test.mock.mockito.ResetMocksTestExecutionListener@4b88ca8e, org.springframework.boot.test.autoconfigure.restdocs.RestDocsTestExecutionListener@6fa02932, org.springframework.boot.test.autoconfigure.web.client.MockRestServiceServerResetTestExecutionListener@61608e1a, org.springframework.boot.test.autoconfigure.web.servlet.MockMvcPrintOnlyOnFailureTestExecutionListener@7c46c9c3, org.springframework.boot.test.autoconfigure.web.servlet.WebDriverTestExecutionListener@7197b07f, org.springframework.boot.test.autoconfigure.webservices.client.MockWebServiceServerTestExecutionListener@1f10fec6]
14:26:42.918 [main] DEBUG org.springframework.test.context.support.AbstractDirtiesContextTestExecutionListener - Before test class: context [DefaultTestContext@6b63abdc testClass = RoleRepositoryTest, testInstance = [null], testMethod = [null], testException = [null], mergedContextConfiguration = [MergedContextConfiguration@7b351446 testClass = RoleRepositoryTest, locations = '{}', classes = '{class crm.CrmApplication}', contextInitializerClasses = '[]', activeProfiles = '{}', propertySourceLocations = '{}', propertySourceProperties = '{org.springframework.boot.test.autoconfigure.orm.jpa.DataJpaTestContextBootstrapper=true}', contextCustomizers = set[[ImportsContextCustomizer@5f08fe00 key = [org.springframework.boot.autoconfigure.transaction.TransactionAutoConfiguration, org.springframework.boot.autoconfigure.data.jpa.JpaRepositoriesAutoConfiguration, org.springframework.boot.autoconfigure.jdbc.DataSourceAutoConfiguration, org.springframework.boot.test.autoconfigure.orm.jpa.TestEntityManagerAutoConfiguration, org.springframework.boot.autoconfigure.cache.CacheAutoConfiguration, org.springframework.boot.autoconfigure.orm.jpa.HibernateJpaAutoConfiguration, org.springframework.boot.autoconfigure.sql.init.SqlInitializationAutoConfiguration, org.springframework.boot.autoconfigure.jdbc.JdbcTemplateAutoConfiguration, org.springframework.boot.test.autoconfigure.jdbc.TestDatabaseAutoConfiguration, org.springframework.boot.autoconfigure.flyway.FlywayAutoConfiguration, org.springframework.boot.autoconfigure.jdbc.DataSourceTransactionManagerAutoConfiguration, org.springframework.boot.autoconfigure.liquibase.LiquibaseAutoConfiguration]], org.springframework.boot.test.context.filter.ExcludeFilterContextCustomizer@75d366c2, org.springframework.boot.test.json.DuplicateJsonObjectContextCustomizerFactory$DuplicateJsonObjectContextCustomizer@6c8fe7a4, org.springframework.boot.test.mock.mockito.MockitoContextCustomizer@0, org.springframework.boot.test.autoconfigure.OverrideAutoConfigurationContextCustomizerFactory$DisableAutoConfigurationContextCustomizer@59c500f7, org.springframework.boot.test.autoconfigure.actuate.metrics.MetricsExportContextCustomizerFactory$DisableMetricExportContextCustomizer@310b2b6f, org.springframework.boot.test.autoconfigure.filter.TypeExcludeFiltersContextCustomizer@351584c0, org.springframework.boot.test.autoconfigure.properties.PropertyMappingContextCustomizer@b217f081, org.springframework.boot.test.autoconfigure.web.servlet.WebDriverContextCustomizerFactory$Customizer@bb25753, org.springframework.boot.test.context.SpringBootTestArgs@1, org.springframework.boot.test.context.SpringBootTestWebEnvironment@0], contextLoader = 'org.springframework.boot.test.context.SpringBootContextLoader', parent = [null]], attributes = map[[empty]]], class annotated with @DirtiesContext [false] with mode [null].
14:26:42.923 [main] DEBUG org.springframework.test.context.support.DependencyInjectionTestExecutionListener - Performing dependency injection for test context [[DefaultTestContext@6b63abdc testClass = RoleRepositoryTest, testInstance = crm.repository.RoleRepositoryTest@5e50df2e, testMethod = [null], testException = [null], mergedContextConfiguration = [MergedContextConfiguration@7b351446 testClass = RoleRepositoryTest, locations = '{}', classes = '{class crm.CrmApplication}', contextInitializerClasses = '[]', activeProfiles = '{}', propertySourceLocations = '{}', propertySourceProperties = '{org.springframework.boot.test.autoconfigure.orm.jpa.DataJpaTestContextBootstrapper=true}', contextCustomizers = set[[ImportsContextCustomizer@5f08fe00 key = [org.springframework.boot.autoconfigure.transaction.TransactionAutoConfiguration, org.springframework.boot.autoconfigure.data.jpa.JpaRepositoriesAutoConfiguration, org.springframework.boot.autoconfigure.jdbc.DataSourceAutoConfiguration, org.springframework.boot.test.autoconfigure.orm.jpa.TestEntityManagerAutoConfiguration, org.springframework.boot.autoconfigure.cache.CacheAutoConfiguration, org.springframework.boot.autoconfigure.orm.jpa.HibernateJpaAutoConfiguration, org.springframework.boot.autoconfigure.sql.init.SqlInitializationAutoConfiguration, org.springframework.boot.autoconfigure.jdbc.JdbcTemplateAutoConfiguration, org.springframework.boot.test.autoconfigure.jdbc.TestDatabaseAutoConfiguration, org.springframework.boot.autoconfigure.flyway.FlywayAutoConfiguration, org.springframework.boot.autoconfigure.jdbc.DataSourceTransactionManagerAutoConfiguration, org.springframework.boot.autoconfigure.liquibase.LiquibaseAutoConfiguration]], org.springframework.boot.test.context.filter.ExcludeFilterContextCustomizer@75d366c2, org.springframework.boot.test.json.DuplicateJsonObjectContextCustomizerFactory$DuplicateJsonObjectContextCustomizer@6c8fe7a4, org.springframework.boot.test.mock.mockito.MockitoContextCustomizer@0, org.springframework.boot.test.autoconfigure.OverrideAutoConfigurationContextCustomizerFactory$DisableAutoConfigurationContextCustomizer@59c500f7, org.springframework.boot.test.autoconfigure.actuate.metrics.MetricsExportContextCustomizerFactory$DisableMetricExportContextCustomizer@310b2b6f, org.springframework.boot.test.autoconfigure.filter.TypeExcludeFiltersContextCustomizer@351584c0, org.springframework.boot.test.autoconfigure.properties.PropertyMappingContextCustomizer@b217f081, org.springframework.boot.test.autoconfigure.web.servlet.WebDriverContextCustomizerFactory$Customizer@bb25753, org.springframework.boot.test.context.SpringBootTestArgs@1, org.springframework.boot.test.context.SpringBootTestWebEnvironment@0], contextLoader = 'org.springframework.boot.test.context.SpringBootContextLoader', parent = [null]], attributes = map['org.springframework.test.context.event.ApplicationEventsTestExecutionListener.recordApplicationEvents' -> false]]].
14:26:42.950 [main] INFO org.springframework.boot.devtools.restart.RestartApplicationListener - Restart disabled due to context in which it is running

  .   ____          _            __ _ _
 /\\ / ___'_ __ _ _(_)_ __  __ _ \ \ \ \
( ( )\___ | '_ | '_| | '_ \/ _` | \ \ \ \
 \\/  ___)| |_)| | | | | || (_| |  ) ) ) )
  '  |____| .__|_| |_|_| |_\__, | / / / /
 =========|_|==============|___/=/_/_/_/
 :: Spring Boot ::               (v2.7.18)

2026-02-05 14:26:43.251  INFO 2945 --- [           main] crm.repository.RoleRepositoryTest        : Starting RoleRepositoryTest using Java 21.0.5 on d9688d684c55 with PID 2945 (started by studioai in /modernize-data/studio-data/TNT1001/APP1267/transformed-code/411/studio-workspace/MODTEST)
2026-02-05 14:26:43.252  INFO 2945 --- [           main] crm.repository.RoleRepositoryTest        : The following 1 profile is active: "preprod"
2026-02-05 14:26:43.672  INFO 2945 --- [           main] .s.d.r.c.RepositoryConfigurationDelegate : Bootstrapping Spring Data JPA repositories in DEFAULT mode.
2026-02-05 14:26:43.765  INFO 2945 --- [           main] .s.d.r.c.RepositoryConfigurationDelegate : Finished Spring Data repository scanning in 76 ms. Found 6 JPA repository interfaces.
2026-02-05 14:26:44.002  INFO 2945 --- [           main] com.zaxxer.hikari.HikariDataSource       : HikariPool-1 - Starting...
2026-02-05 14:26:45.103 ERROR 2945 --- [           main] com.zaxxer.hikari.pool.HikariPool        : HikariPool-1 - Exception during pool initialization.

org.postgresql.util.PSQLException: Connection to localhost:5432 refused. Check that the hostname and port are correct and that the postmaster is accepting TCP/IP connections.
	at org.postgresql.core.v3.ConnectionFactoryImpl.openConnectionImpl(ConnectionFactoryImpl.java:342) ~[postgresql-42.7.1.jar:42.7.1]
	at org.postgresql.core.ConnectionFactory.openConnection(ConnectionFactory.java:54) ~[postgresql-42.7.1.jar:42.7.1]
	at org.postgresql.jdbc.PgConnection.<init>(PgConnection.java:263) ~[postgresql-42.7.1.jar:42.7.1]
	at org.postgresql.Driver.makeConnection(Driver.java:444) ~[postgresql-42.7.1.jar:42.7.1]
	at org.postgresql.Driver.connect(Driver.java:297) ~[postgresql-42.7.1.jar:42.7.1]
	at com.zaxxer.hikari.util.DriverDataSource.getConnection(DriverDataSource.java:138) ~[HikariCP-4.0.3.jar:na]
	at com.zaxxer.hikari.pool.PoolBase.newConnection(PoolBase.java:364) ~[HikariCP-4.0.3.jar:na]
	at com.zaxxer.hikari.pool.PoolBase.newPoolEntry(PoolBase.java:206) ~[HikariCP-4.0.3.jar:na]
	at com.zaxxer.hikari.pool.HikariPool.createPoolEntry(HikariPool.java:476) ~[HikariCP-4.0.3.jar:na]
	at com.zaxxer.hikari.pool.HikariPool.checkFailFast(HikariPool.java:561) ~[HikariCP-4.0.3.jar:na]
	at com.zaxxer.hikari.pool.HikariPool.<init>(HikariPool.java:115) ~[HikariCP-4.0.3.jar:na]
	at com.zaxxer.hikari.HikariDataSource.getConnection(HikariDataSource.java:112) ~[HikariCP-4.0.3.jar:na]
	at org.springframework.jdbc.datasource.DataSourceUtils.fetchConnection(DataSourceUtils.java:160) ~[spring-jdbc-5.3.31.jar:5.3.31]
	at org.springframework.jdbc.datasource.DataSourceUtils.doGetConnection(DataSourceUtils.java:118) ~[spring-jdbc-5.3.31.jar:5.3.31]
	at org.springframework.jdbc.datasource.DataSourceUtils.getConnection(DataSourceUtils.java:81) ~[spring-jdbc-5.3.31.jar:5.3.31]
	at org.springframework.jdbc.core.JdbcTemplate.execute(JdbcTemplate.java:332) ~[spring-jdbc-5.3.31.jar:5.3.31]
	at org.springframework.boot.jdbc.EmbeddedDatabaseConnection.isEmbedded(EmbeddedDatabaseConnection.java:164) ~[spring-boot-2.7.18.jar:2.7.18]
	at org.springframework.boot.jdbc.init.DataSourceScriptDatabaseInitializer.isEmbeddedDatabase(DataSourceScriptDatabaseInitializer.java:70) ~[spring-boot-2.7.18.jar:2.7.18]
	at org.springframework.boot.sql.init.AbstractScriptDatabaseInitializer.isEnabled(AbstractScriptDatabaseInitializer.java:83) ~[spring-boot-2.7.18.jar:2.7.18]
	at org.springframework.boot.sql.init.AbstractScriptDatabaseInitializer.applyScripts(AbstractScriptDatabaseInitializer.java:106) ~[spring-boot-2.7.18.jar:2.7.18]
	at org.springframework.boot.sql.init.AbstractScriptDatabaseInitializer.applyDataScripts(AbstractScriptDatabaseInitializer.java:101) ~[spring-boot-2.7.18.jar:2.7.18]
	at org.springframework.boot.sql.init.AbstractScriptDatabaseInitializer.initializeDatabase(AbstractScriptDatabaseInitializer.java:76) ~[spring-boot-2.7.18.jar:2.7.18]
	at org.springframework.boot.sql.init.AbstractScriptDatabaseInitializer.afterPropertiesSet(AbstractScriptDatabaseInitializer.java:65) ~[spring-boot-2.7.18.jar:2.7.18]
	at org.springframework.beans.factory.support.AbstractAutowireCapableBeanFactory.invokeInitMethods(AbstractAutowireCapableBeanFactory.java:1863) ~[spring-beans-5.3.31.jar:5.3.31]
	at org.springframework.beans.factory.support.AbstractAutowireCapableBeanFactory.initializeBean(AbstractAutowireCapableBeanFactory.java:1800) ~[spring-beans-5.3.31.jar:5.3.31]
	at org.springframework.beans.factory.support.AbstractAutowireCapableBeanFactory.doCreateBean(AbstractAutowireCapableBeanFactory.java:620) ~[spring-beans-5.3.31.jar:5.3.31]
	at org.springframework.beans.factory.support.AbstractAutowireCapableBeanFactory.createBean(AbstractAutowireCapableBeanFactory.java:542) ~[spring-beans-5.3.31.jar:5.3.31]
	at org.springframework.beans.factory.support.AbstractBeanFactory.lambda$doGetBean$0(AbstractBeanFactory.java:335) ~[spring-beans-5.3.31.jar:5.3.31]
	at org.springframework.beans.factory.support.DefaultSingletonBeanRegistry.getSingleton(DefaultSingletonBeanRegistry.java:234) ~[spring-beans-5.3.31.jar:5.3.31]
	at org.springframework.beans.factory.support.AbstractBeanFactory.doGetBean(AbstractBeanFactory.java:333) ~[spring-beans-5.3.31.jar:5.3.31]
	at org.springframework.beans.factory.support.AbstractBeanFactory.getBean(AbstractBeanFactory.java:208) ~[spring-beans-5.3.31.jar:5.3.31]
	at org.springframework.beans.factory.support.AbstractBeanFactory.doGetBean(AbstractBeanFactory.java:322) ~[spring-beans-5.3.31.jar:5.3.31]
	at org.springframework.beans.factory.support.AbstractBeanFactory.getBean(AbstractBeanFactory.java:208) ~[spring-beans-5.3.31.jar:5.3.31]
	at org.springframework.context.support.AbstractApplicationContext.getBean(AbstractApplicationContext.java:1168) ~[spring-context-5.3.31.jar:5.3.31]
	at org.springframework.context.support.AbstractApplicationContext.finishBeanFactoryInitialization(AbstractApplicationContext.java:919) ~[spring-context-5.3.31.jar:5.3.31]
	at org.springframework.context.support.AbstractApplicationContext.refresh(AbstractApplicationContext.java:591) ~[spring-context-5.3.31.jar:5.3.31]
	at org.springframework.boot.SpringApplication.refresh(SpringApplication.java:732) ~[spring-boot-2.7.18.jar:2.7.18]
	at org.springframework.boot.SpringApplication.refreshContext(SpringApplication.java:409) ~[spring-boot-2.7.18.jar:2.7.18]
	at org.springframework.boot.SpringApplication.run(SpringApplication.java:308) ~[spring-boot-2.7.18.jar:2.7.18]
	at org.springframework.boot.test.context.SpringBootContextLoader.loadContext(SpringBootContextLoader.java:136) ~[spring-boot-test-2.7.18.jar:2.7.18]
	at org.springframework.test.context.cache.DefaultCacheAwareContextLoaderDelegate.loadContextInternal(DefaultCacheAwareContextLoaderDelegate.java:141) ~[spring-test-5.3.31.jar:5.3.31]
	at org.springframework.test.context.cache.DefaultCacheAwareContextLoaderDelegate.loadContext(DefaultCacheAwareContextLoaderDelegate.java:90) ~[spring-test-5.3.31.jar:5.3.31]
	at org.springframework.test.context.support.DefaultTestContext.getApplicationContext(DefaultTestContext.java:124) ~[spring-test-5.3.31.jar:5.3.31]
	at org.springframework.test.context.support.DependencyInjectionTestExecutionListener.injectDependencies(DependencyInjectionTestExecutionListener.java:118) ~[spring-test-5.3.31.jar:5.3.31]
	at org.springframework.test.context.support.DependencyInjectionTestExecutionListener.prepareTestInstance(DependencyInjectionTestExecutionListener.java:83) ~[spring-test-5.3.31.jar:5.3.31]
	at org.springframework.boot.test.autoconfigure.SpringBootDependencyInjectionTestExecutionListener.prepareTestInstance(SpringBootDependencyInjectionTestExecutionListener.java:43) ~[spring-boot-test-autoconfigure-2.7.18.jar:2.7.18]
	at org.springframework.test.context.TestContextManager.prepareTestInstance(TestContextManager.java:248) ~[spring-test-5.3.31.jar:5.3.31]
	at org.springframework.test.context.junit.jupiter.SpringExtension.postProcessTestInstance(SpringExtension.java:138) ~[spring-test-5.3.31.jar:5.3.31]
	at org.junit.jupiter.engine.descriptor.ClassBasedTestDescriptor.lambda$invokeTestInstancePostProcessors$10(ClassBasedTestDescriptor.java:377) ~[junit-jupiter-engine-5.9.3.jar:5.9.3]
	at org.junit.jupiter.engine.descriptor.ClassBasedTestDescriptor.executeAndMaskThrowable(ClassBasedTestDescriptor.java:382) ~[junit-jupiter-engine-5.9.3.jar:5.9.3]
	at org.junit.jupiter.engine.descriptor.ClassBasedTestDescriptor.lambda$invokeTestInstancePostProcessors$11(ClassBasedTestDescriptor.java:377) ~[junit-jupiter-engine-5.9.3.jar:5.9.3]
	at java.base/java.util.stream.ReferencePipeline$3$1.accept(ReferencePipeline.java:197) ~[na:na]
	at java.base/java.util.stream.ReferencePipeline$2$1.accept(ReferencePipeline.java:179) ~[na:na]
	at java.base/java.util.ArrayList$ArrayListSpliterator.forEachRemaining(ArrayList.java:1708) ~[na:na]
	at java.base/java.util.stream.AbstractPipeline.copyInto(AbstractPipeline.java:509) ~[na:na]
	at java.base/java.util.stream.AbstractPipeline.wrapAndCopyInto(AbstractPipeline.java:499) ~[na:na]
	at java.base/java.util.stream.StreamSpliterators$WrappingSpliterator.forEachRemaining(StreamSpliterators.java:310) ~[na:na]
	at java.base/java.util.stream.Streams$ConcatSpliterator.forEachRemaining(Streams.java:735) ~[na:na]
	at java.base/java.util.stream.Streams$ConcatSpliterator.forEachRemaining(Streams.java:734) ~[na:na]
	at java.base/java.util.stream.ReferencePipeline$Head.forEach(ReferencePipeline.java:762) ~[na:na]
	at org.junit.jupiter.engine.descriptor.ClassBasedTestDescriptor.invokeTestInstancePostProcessors(ClassBasedTestDescriptor.java:376) ~[junit-jupiter-engine-5.9.3.jar:5.9.3]
	at org.junit.jupiter.engine.descriptor.ClassBasedTestDescriptor.lambda$instantiateAndPostProcessTestInstance$6(ClassBasedTestDescriptor.java:289) ~[junit-jupiter-engine-5.9.3.jar:5.9.3]
	at org.junit.platform.engine.support.hierarchical.ThrowableCollector.execute(ThrowableCollector.java:73) ~[junit-platform-engine-1.8.2.jar:1.8.2]
	at org.junit.jupiter.engine.descriptor.ClassBasedTestDescriptor.instantiateAndPostProcessTestInstance(ClassBasedTestDescriptor.java:288) ~[junit-jupiter-engine-5.9.3.jar:5.9.3]
	at org.junit.jupiter.engine.descriptor.ClassBasedTestDescriptor.lambda$testInstancesProvider$4(ClassBasedTestDescriptor.java:278) ~[junit-jupiter-engine-5.9.3.jar:5.9.3]
	at java.base/java.util.Optional.orElseGet(Optional.java:364) ~[na:na]
	at org.junit.jupiter.engine.descriptor.ClassBasedTestDescriptor.lambda$testInstancesProvider$5(ClassBasedTestDescriptor.java:277) ~[junit-jupiter-engine-5.9.3.jar:5.9.3]
	at org.junit.jupiter.engine.execution.TestInstancesProvider.getTestInstances(TestInstancesProvider.java:31) ~[junit-jupiter-engine-5.9.3.jar:5.9.3]
	at org.junit.jupiter.engine.descriptor.TestMethodTestDescriptor.lambda$prepare$0(TestMethodTestDescriptor.java:105) ~[junit-jupiter-engine-5.9.3.jar:5.9.3]
	at org.junit.platform.engine.support.hierarchical.ThrowableCollector.execute(ThrowableCollector.java:73) ~[junit-platform-engine-1.8.2.jar:1.8.2]
	at org.junit.jupiter.engine.descriptor.TestMethodTestDescriptor.prepare(TestMethodTestDescriptor.java:104) ~[junit-jupiter-engine-5.9.3.jar:5.9.3]
	at org.junit.jupiter.engine.descriptor.TestMethodTestDescriptor.prepare(TestMethodTestDescriptor.java:68) ~[junit-jupiter-engine-5.9.3.jar:5.9.3]
	at org.junit.platform.engine.support.hierarchical.NodeTestTask.lambda$prepare$2(NodeTestTask.java:123) ~[junit-platform-engine-1.8.2.jar:1.8.2]
	at org.junit.platform.engine.support.hierarchical.ThrowableCollector.execute(ThrowableCollector.java:73) ~[junit-platform-engine-1.8.2.jar:1.8.2]
	at org.junit.platform.engine.support.hierarchical.NodeTestTask.prepare(NodeTestTask.java:123) ~[junit-platform-engine-1.8.2.jar:1.8.2]
	at org.junit.platform.engine.support.hierarchical.NodeTestTask.execute(NodeTestTask.java:90) ~[junit-platform-engine-1.8.2.jar:1.8.2]
	at java.base/java.util.ArrayList.forEach(ArrayList.java:1596) ~[na:na]
	at org.junit.platform.engine.support.hierarchical.SameThreadHierarchicalTestExecutorService.invokeAll(SameThreadHierarchicalTestExecutorService.java:41) ~[junit-platform-engine-1.8.2.jar:1.8.2]
	at org.junit.platform.engine.support.hierarchical.NodeTestTask.lambda$executeRecursively$6(NodeTestTask.java:155) ~[junit-platform-engine-1.8.2.jar:1.8.2]
	at org.junit.platform.engine.support.hierarchical.ThrowableCollector.execute(ThrowableCollector.java:73) ~[junit-platform-engine-1.8.2.jar:1.8.2]
	at org.junit.platform.engine.support.hierarchical.NodeTestTask.lambda$executeRecursively$8(NodeTestTask.java:141) ~[junit-platform-engine-1.8.2.jar:1.8.2]
	at org.junit.platform.engine.support.hierarchical.Node.around(Node.java:137) ~[junit-platform-engine-1.8.2.jar:1.8.2]
	at org.junit.platform.engine.support.hierarchical.NodeTestTask.lambda$executeRecursively$9(NodeTestTask.java:139) ~[junit-platform-engine-1.8.2.jar:1.8.2]
	at org.junit.platform.engine.support.hierarchical.ThrowableCollector.execute(ThrowableCollector.java:73) ~[junit-platform-engine-1.8.2.jar:1.8.2]
	at org.junit.platform.engine.support.hierarchical.NodeTestTask.executeRecursively(NodeTestTask.java:138) ~[junit-platform-engine-1.8.2.jar:1.8.2]
	at org.junit.platform.engine.support.hierarchical.NodeTestTask.execute(NodeTestTask.java:95) ~[junit-platform-engine-1.8.2.jar:1.8.2]
	at java.base/java.util.ArrayList.forEach(ArrayList.java:1596) ~[na:na]
	at org.junit.platform.engine.support.hierarchical.SameThreadHierarchicalTestExecutorService.invokeAll(SameThreadHierarchicalTestExecutorService.java:41) ~[junit-platform-engine-1.8.2.jar:1.8.2]
	at org.junit.platform.engine.support.hierarchical.NodeTestTask.lambda$executeRecursively$6(NodeTestTask.java:155) ~[junit-platform-engine-1.8.2.jar:1.8.2]
	at org.junit.platform.engine.support.hierarchical.ThrowableCollector.execute(ThrowableCollector.java:73) ~[junit-platform-engine-1.8.2.jar:1.8.2]
	at org.junit.platform.engine.support.hierarchical.NodeTestTask.lambda$executeRecursively$8(NodeTestTask.java:141) ~[junit-platform-engine-1.8.2.jar:1.8.2]
	at org.junit.platform.engine.support.hierarchical.Node.around(Node.java:137) ~[junit-platform-engine-1.8.2.jar:1.8.2]
	at org.junit.platform.engine.support.hierarchical.NodeTestTask.lambda$executeRecursively$9(NodeTestTask.java:139) ~[junit-platform-engine-1.8.2.jar:1.8.2]
	at org.junit.platform.engine.support.hierarchical.ThrowableCollector.execute(ThrowableCollector.java:73) ~[junit-platform-engine-1.8.2.jar:1.8.2]
	at org.junit.platform.engine.support.hierarchical.NodeTestTask.executeRecursively(NodeTestTask.java:138) ~[junit-platform-engine-1.8.2.jar:1.8.2]
	at org.junit.platform.engine.support.hierarchical.NodeTestTask.execute(NodeTestTask.java:95) ~[junit-platform-engine-1.8.2.jar:1.8.2]
	at org.junit.platform.engine.support.hierarchical.SameThreadHierarchicalTestExecutorService.submit(SameThreadHierarchicalTestExecutorService.java:35) ~[junit-platform-engine-1.8.2.jar:1.8.2]
	at org.junit.platform.engine.support.hierarchical.HierarchicalTestExecutor.execute(HierarchicalTestExecutor.java:57) ~[junit-platform-engine-1.8.2.jar:1.8.2]
	at org.junit.platform.engine.support.hierarchical.HierarchicalTestEngine.execute(HierarchicalTestEngine.java:54) ~[junit-platform-engine-1.8.2.jar:1.8.2]
	at org.junit.platform.launcher.core.DefaultLauncher.execute(DefaultLauncher.java:220) ~[junit-platform-launcher-1.3.1.jar:1.3.1]
	at org.junit.platform.launcher.core.DefaultLauncher.lambda$execute$6(DefaultLauncher.java:188) ~[junit-platform-launcher-1.3.1.jar:1.3.1]
	at org.junit.platform.launcher.core.DefaultLauncher.withInterceptedStreams(DefaultLauncher.java:202) ~[junit-platform-launcher-1.3.1.jar:1.3.1]
	at org.junit.platform.launcher.core.DefaultLauncher.execute(DefaultLauncher.java:181) ~[junit-platform-launcher-1.3.1.jar:1.3.1]
	at org.junit.platform.launcher.core.DefaultLauncher.execute(DefaultLauncher.java:128) ~[junit-platform-launcher-1.3.1.jar:1.3.1]
	at org.apache.maven.surefire.junitplatform.JUnitPlatformProvider.invokeAllTests(JUnitPlatformProvider.java:150) ~[surefire-junit-platform-2.22.2.jar:2.22.2]
	at org.apache.maven.surefire.junitplatform.JUnitPlatformProvider.invoke(JUnitPlatformProvider.java:124) ~[surefire-junit-platform-2.22.2.jar:2.22.2]
	at org.apache.maven.surefire.booter.ForkedBooter.invokeProviderInSameClassLoader(ForkedBooter.java:384) ~[surefire-booter-2.22.2.jar:2.22.2]
	at org.apache.maven.surefire.booter.ForkedBooter.runSuitesInProcess(ForkedBooter.java:345) ~[surefire-booter-2.22.2.jar:2.22.2]
	at org.apache.maven.surefire.booter.ForkedBooter.execute(ForkedBooter.java:126) ~[surefire-booter-2.22.2.jar:2.22.2]
	at org.apache.maven.surefire.booter.ForkedBooter.main(ForkedBooter.java:418) ~[surefire-booter-2.22.2.jar:2.22.2]
Caused by: java.net.ConnectException: Connection refused
	at java.base/sun.nio.ch.Net.pollConnect(Native Method) ~[na:na]
	at java.base/sun.nio.ch.Net.pollConnectNow(Net.java:682) ~[na:na]
	at java.base/sun.nio.ch.NioSocketImpl.timedFinishConnect(NioSocketImpl.java:542) ~[na:na]
	at java.base/sun.nio.ch.NioSocketImpl.connect(NioSocketImpl.java:592) ~[na:na]
	at java.base/java.net.SocksSocketImpl.connect(SocksSocketImpl.java:327) ~[na:na]
	at java.base/java.net.Socket.connect(Socket.java:751) ~[na:na]
	at org.postgresql.core.PGStream.createSocket(PGStream.java:243) ~[postgresql-42.7.1.jar:42.7.1]
	at org.postgresql.core.PGStream.<init>(PGStream.java:98) ~[postgresql-42.7.1.jar:42.7.1]
	at org.postgresql.core.v3.ConnectionFactoryImpl.tryConnect(ConnectionFactoryImpl.java:132) ~[postgresql-42.7.1.jar:42.7.1]
	at org.postgresql.core.v3.ConnectionFactoryImpl.openConnectionImpl(ConnectionFactoryImpl.java:258) ~[postgresql-42.7.1.jar:42.7.1]
	... 109 common frames omitted

2026-02-05 14:26:45.230  INFO 2945 --- [           main] o.hibernate.jpa.internal.util.LogHelper  : HHH000204: Processing PersistenceUnitInfo [name: default]
2026-02-05 14:26:45.503  INFO 2945 --- [           main] org.hibernate.Version                    : HHH000412: Hibernate ORM core version 5.6.15.Final
2026-02-05 14:26:45.587  INFO 2945 --- [           main] o.hibernate.annotations.common.Version   : HCANN000001: Hibernate Commons Annotations {5.1.2.Final}
2026-02-05 14:26:45.804  INFO 2945 --- [           main] com.zaxxer.hikari.HikariDataSource       : HikariPool-1 - Starting...
2026-02-05 14:26:46.806 ERROR 2945 --- [           main] com.zaxxer.hikari.pool.HikariPool        : HikariPool-1 - Exception during pool initialization.

org.postgresql.util.PSQLException: Connection to localhost:5432 refused. Check that the hostname and port are correct and that the postmaster is accepting TCP/IP connections.
	at org.postgresql.core.v3.ConnectionFactoryImpl.openConnectionImpl(ConnectionFactoryImpl.java:342) ~[postgresql-42.7.1.jar:42.7.1]
	at org.postgresql.core.ConnectionFactory.openConnection(ConnectionFactory.java:54) ~[postgresql-42.7.1.jar:42.7.1]
	at org.postgresql.jdbc.PgConnection.<init>(PgConnection.java:263) ~[postgresql-42.7.1.jar:42.7.1]
	at org.postgresql.Driver.makeConnection(Driver.java:444) ~[postgresql-42.7.1.jar:42.7.1]
	at org.postgresql.Driver.connect(Driver.java:297) ~[postgresql-42.7.1.jar:42.7.1]
	at com.zaxxer.hikari.util.DriverDataSource.getConnection(DriverDataSource.java:138) ~[HikariCP-4.0.3.jar:na]
	at com.zaxxer.hikari.pool.PoolBase.newConnection(PoolBase.java:364) ~[HikariCP-4.0.3.jar:na]
	at com.zaxxer.hikari.pool.PoolBase.newPoolEntry(PoolBase.java:206) ~[HikariCP-4.0.3.jar:na]
	at com.zaxxer.hikari.pool.HikariPool.createPoolEntry(HikariPool.java:476) ~[HikariCP-4.0.3.jar:na]
	at com.zaxxer.hikari.pool.HikariPool.checkFailFast(HikariPool.java:561) ~[HikariCP-4.0.3.jar:na]
	at com.zaxxer.hikari.pool.HikariPool.<init>(HikariPool.java:115) ~[HikariCP-4.0.3.jar:na]
	at com.zaxxer.hikari.HikariDataSource.getConnection(HikariDataSource.java:112) ~[HikariCP-4.0.3.jar:na]
	at org.hibernate.engine.jdbc.connections.internal.DatasourceConnectionProviderImpl.getConnection(DatasourceConnectionProviderImpl.java:122) ~[hibernate-core-5.6.15.Final.jar:5.6.15.Final]
	at org.hibernate.engine.jdbc.env.internal.JdbcEnvironmentInitiator$ConnectionProviderJdbcConnectionAccess.obtainConnection(JdbcEnvironmentInitiator.java:181) ~[hibernate-core-5.6.15.Final.jar:5.6.15.Final]
	at org.hibernate.engine.jdbc.env.internal.JdbcEnvironmentInitiator.initiateService(JdbcEnvironmentInitiator.java:68) ~[hibernate-core-5.6.15.Final.jar:5.6.15.Final]
	at org.hibernate.engine.jdbc.env.internal.JdbcEnvironmentInitiator.initiateService(JdbcEnvironmentInitiator.java:35) ~[hibernate-core-5.6.15.Final.jar:5.6.15.Final]
	at org.hibernate.boot.registry.internal.StandardServiceRegistryImpl.initiateService(StandardServiceRegistryImpl.java:101) ~[hibernate-core-5.6.15.Final.jar:5.6.15.Final]
	at org.hibernate.service.internal.AbstractServiceRegistryImpl.createService(AbstractServiceRegistryImpl.java:272) ~[hibernate-core-5.6.15.Final.jar:5.6.15.Final]
	at org.hibernate.service.internal.AbstractServiceRegistryImpl.initializeService(AbstractServiceRegistryImpl.java:246) ~[hibernate-core-5.6.15.Final.jar:5.6.15.Final]
	at org.hibernate.service.internal.AbstractServiceRegistryImpl.getService(AbstractServiceRegistryImpl.java:223) ~[hibernate-core-5.6.15.Final.jar:5.6.15.Final]
	at org.hibernate.id.factory.internal.DefaultIdentifierGeneratorFactory.injectServices(DefaultIdentifierGeneratorFactory.java:175) ~[hibernate-core-5.6.15.Final.jar:5.6.15.Final]
	at org.hibernate.service.internal.AbstractServiceRegistryImpl.injectDependencies(AbstractServiceRegistryImpl.java:295) ~[hibernate-core-5.6.15.Final.jar:5.6.15.Final]
	at org.hibernate.service.internal.AbstractServiceRegistryImpl.initializeService(AbstractServiceRegistryImpl.java:252) ~[hibernate-core-5.6.15.Final.jar:5.6.15.Final]
	at org.hibernate.service.internal.AbstractServiceRegistryImpl.getService(AbstractServiceRegistryImpl.java:223) ~[hibernate-core-5.6.15.Final.jar:5.6.15.Final]
	at org.hibernate.boot.internal.InFlightMetadataCollectorImpl.<init>(InFlightMetadataCollectorImpl.java:173) ~[hibernate-core-5.6.15.Final.jar:5.6.15.Final]
	at org.hibernate.boot.model.process.spi.MetadataBuildingProcess.complete(MetadataBuildingProcess.java:127) ~[hibernate-core-5.6.15.Final.jar:5.6.15.Final]
	at org.hibernate.jpa.boot.internal.EntityManagerFactoryBuilderImpl.metadata(EntityManagerFactoryBuilderImpl.java:1460) ~[hibernate-core-5.6.15.Final.jar:5.6.15.Final]
	at org.hibernate.jpa.boot.internal.EntityManagerFactoryBuilderImpl.build(EntityManagerFactoryBuilderImpl.java:1494) ~[hibernate-core-5.6.15.Final.jar:5.6.15.Final]
	at org.springframework.orm.jpa.vendor.SpringHibernateJpaPersistenceProvider.createContainerEntityManagerFactory(SpringHibernateJpaPersistenceProvider.java:58) ~[spring-orm-5.3.31.jar:5.3.31]
	at org.springframework.orm.jpa.LocalContainerEntityManagerFactoryBean.createNativeEntityManagerFactory(LocalContainerEntityManagerFactoryBean.java:365) ~[spring-orm-5.3.31.jar:5.3.31]
	at org.springframework.orm.jpa.AbstractEntityManagerFactoryBean.buildNativeEntityManagerFactory(AbstractEntityManagerFactoryBean.java:409) ~[spring-orm-5.3.31.jar:5.3.31]
	at org.springframework.orm.jpa.AbstractEntityManagerFactoryBean.afterPropertiesSet(AbstractEntityManagerFactoryBean.java:396) ~[spring-orm-5.3.31.jar:5.3.31]
	at org.springframework.orm.jpa.LocalContainerEntityManagerFactoryBean.afterPropertiesSet(LocalContainerEntityManagerFactoryBean.java:341) ~[spring-orm-5.3.31.jar:5.3.31]
	at org.springframework.beans.factory.support.AbstractAutowireCapableBeanFactory.invokeInitMethods(AbstractAutowireCapableBeanFactory.java:1863) ~[spring-beans-5.3.31.jar:5.3.31]
	at org.springframework.beans.factory.support.AbstractAutowireCapableBeanFactory.initializeBean(AbstractAutowireCapableBeanFactory.java:1800) ~[spring-beans-5.3.31.jar:5.3.31]
	at org.springframework.beans.factory.support.AbstractAutowireCapableBeanFactory.doCreateBean(AbstractAutowireCapableBeanFactory.java:620) ~[spring-beans-5.3.31.jar:5.3.31]
	at org.springframework.beans.factory.support.AbstractAutowireCapableBeanFactory.createBean(AbstractAutowireCapableBeanFactory.java:542) ~[spring-beans-5.3.31.jar:5.3.31]
	at org.springframework.beans.factory.support.AbstractBeanFactory.lambda$doGetBean$0(AbstractBeanFactory.java:335) ~[spring-beans-5.3.31.jar:5.3.31]
	at org.springframework.beans.factory.support.DefaultSingletonBeanRegistry.getSingleton(DefaultSingletonBeanRegistry.java:234) ~[spring-beans-5.3.31.jar:5.3.31]
	at org.springframework.beans.factory.support.AbstractBeanFactory.doGetBean(AbstractBeanFactory.java:333) ~[spring-beans-5.3.31.jar:5.3.31]
	at org.springframework.beans.factory.support.AbstractBeanFactory.getBean(AbstractBeanFactory.java:208) ~[spring-beans-5.3.31.jar:5.3.31]
	at org.springframework.context.support.AbstractApplicationContext.getBean(AbstractApplicationContext.java:1168) ~[spring-context-5.3.31.jar:5.3.31]
	at org.springframework.context.support.AbstractApplicationContext.finishBeanFactoryInitialization(AbstractApplicationContext.java:919) ~[spring-context-5.3.31.jar:5.3.31]
	at org.springframework.context.support.AbstractApplicationContext.refresh(AbstractApplicationContext.java:591) ~[spring-context-5.3.31.jar:5.3.31]
	at org.springframework.boot.SpringApplication.refresh(SpringApplication.java:732) ~[spring-boot-2.7.18.jar:2.7.18]
	at org.springframework.boot.SpringApplication.refreshContext(SpringApplication.java:409) ~[spring-boot-2.7.18.jar:2.7.18]
	at org.springframework.boot.SpringApplication.run(SpringApplication.java:308) ~[spring-boot-2.7.18.jar:2.7.18]
	at org.springframework.boot.test.context.SpringBootContextLoader.loadContext(SpringBootContextLoader.java:136) ~[spring-boot-test-2.7.18.jar:2.7.18]
	at org.springframework.test.context.cache.DefaultCacheAwareContextLoaderDelegate.loadContextInternal(DefaultCacheAwareContextLoaderDelegate.java:141) ~[spring-test-5.3.31.jar:5.3.31]
	at org.springframework.test.context.cache.DefaultCacheAwareContextLoaderDelegate.loadContext(DefaultCacheAwareContextLoaderDelegate.java:90) ~[spring-test-5.3.31.jar:5.3.31]
	at org.springframework.test.context.support.DefaultTestContext.getApplicationContext(DefaultTestContext.java:124) ~[spring-test-5.3.31.jar:5.3.31]
	at org.springframework.test.context.support.DependencyInjectionTestExecutionListener.injectDependencies(DependencyInjectionTestExecutionListener.java:118) ~[spring-test-5.3.31.jar:5.3.31]
	at org.springframework.test.context.support.DependencyInjectionTestExecutionListener.prepareTestInstance(DependencyInjectionTestExecutionListener.java:83) ~[spring-test-5.3.31.jar:5.3.31]
	at org.springframework.boot.test.autoconfigure.SpringBootDependencyInjectionTestExecutionListener.prepareTestInstance(SpringBootDependencyInjectionTestExecutionListener.java:43) ~[spring-boot-test-autoconfigure-2.7.18.jar:2.7.18]
	at org.springframework.test.context.TestContextManager.prepareTestInstance(TestContextManager.java:248) ~[spring-test-5.3.31.jar:5.3.31]
	at org.springframework.test.context.junit.jupiter.SpringExtension.postProcessTestInstance(SpringExtension.java:138) ~[spring-test-5.3.31.jar:5.3.31]
	at org.junit.jupiter.engine.descriptor.ClassBasedTestDescriptor.lambda$invokeTestInstancePostProcessors$10(ClassBasedTestDescriptor.java:377) ~[junit-jupiter-engine-5.9.3.jar:5.9.3]
	at org.junit.jupiter.engine.descriptor.ClassBasedTestDescriptor.executeAndMaskThrowable(ClassBasedTestDescriptor.java:382) ~[junit-jupiter-engine-5.9.3.jar:5.9.3]
	at org.junit.jupiter.engine.descriptor.ClassBasedTestDescriptor.lambda$invokeTestInstancePostProcessors$11(ClassBasedTestDescriptor.java:377) ~[junit-jupiter-engine-5.9.3.jar:5.9.3]
	at java.base/java.util.stream.ReferencePipeline$3$1.accept(ReferencePipeline.java:197) ~[na:na]
	at java.base/java.util.stream.ReferencePipeline$2$1.accept(ReferencePipeline.java:179) ~[na:na]
	at java.base/java.util.ArrayList$ArrayListSpliterator.forEachRemaining(ArrayList.java:1708) ~[na:na]
	at java.base/java.util.stream.AbstractPipeline.copyInto(AbstractPipeline.java:509) ~[na:na]
	at java.base/java.util.stream.AbstractPipeline.wrapAndCopyInto(AbstractPipeline.java:499) ~[na:na]
	at java.base/java.util.stream.StreamSpliterators$WrappingSpliterator.forEachRemaining(StreamSpliterators.java:310) ~[na:na]
	at java.base/java.util.stream.Streams$ConcatSpliterator.forEachRemaining(Streams.java:735) ~[na:na]
	at java.base/java.util.stream.Streams$ConcatSpliterator.forEachRemaining(Streams.java:734) ~[na:na]
	at java.base/java.util.stream.ReferencePipeline$Head.forEach(ReferencePipeline.java:762) ~[na:na]
	at org.junit.jupiter.engine.descriptor.ClassBasedTestDescriptor.invokeTestInstancePostProcessors(ClassBasedTestDescriptor.java:376) ~[junit-jupiter-engine-5.9.3.jar:5.9.3]
	at org.junit.jupiter.engine.descriptor.ClassBasedTestDescriptor.lambda$instantiateAndPostProcessTestInstance$6(ClassBasedTestDescriptor.java:289) ~[junit-jupiter-engine-5.9.3.jar:5.9.3]
	at org.junit.platform.engine.support.hierarchical.ThrowableCollector.execute(ThrowableCollector.java:73) ~[junit-platform-engine-1.8.2.jar:1.8.2]
	at org.junit.jupiter.engine.descriptor.ClassBasedTestDescriptor.instantiateAndPostProcessTestInstance(ClassBasedTestDescriptor.java:288) ~[junit-jupiter-engine-5.9.3.jar:5.9.3]
	at org.junit.jupiter.engine.descriptor.ClassBasedTestDescriptor.lambda$testInstancesProvider$4(ClassBasedTestDescriptor.java:278) ~[junit-jupiter-engine-5.9.3.jar:5.9.3]
	at java.base/java.util.Optional.orElseGet(Optional.java:364) ~[na:na]
	at org.junit.jupiter.engine.descriptor.ClassBasedTestDescriptor.lambda$testInstancesProvider$5(ClassBasedTestDescriptor.java:277) ~[junit-jupiter-engine-5.9.3.jar:5.9.3]
	at org.junit.jupiter.engine.execution.TestInstancesProvider.getTestInstances(TestInstancesProvider.java:31) ~[junit-jupiter-engine-5.9.3.jar:5.9.3]
	at org.junit.jupiter.engine.descriptor.TestMethodTestDescriptor.lambda$prepare$0(TestMethodTestDescriptor.java:105) ~[junit-jupiter-engine-5.9.3.jar:5.9.3]
	at org.junit.platform.engine.support.hierarchical.ThrowableCollector.execute(ThrowableCollector.java:73) ~[junit-platform-engine-1.8.2.jar:1.8.2]
	at org.junit.jupiter.engine.descriptor.TestMethodTestDescriptor.prepare(TestMethodTestDescriptor.java:104) ~[junit-jupiter-engine-5.9.3.jar:5.9.3]
	at org.junit.jupiter.engine.descriptor.TestMethodTestDescriptor.prepare(TestMethodTestDescriptor.java:68) ~[junit-jupiter-engine-5.9.3.jar:5.9.3]
	at org.junit.platform.engine.support.hierarchical.NodeTestTask.lambda$prepare$2(NodeTestTask.java:123) ~[junit-platform-engine-1.8.2.jar:1.8.2]
	at org.junit.platform.engine.support.hierarchical.ThrowableCollector.execute(ThrowableCollector.java:73) ~[junit-platform-engine-1.8.2.jar:1.8.2]
	at org.junit.platform.engine.support.hierarchical.NodeTestTask.prepare(NodeTestTask.java:123) ~[junit-platform-engine-1.8.2.jar:1.8.2]
	at org.junit.platform.engine.support.hierarchical.NodeTestTask.execute(NodeTestTask.java:90) ~[junit-platform-engine-1.8.2.jar:1.8.2]
	at java.base/java.util.ArrayList.forEach(ArrayList.java:1596) ~[na:na]
	at org.junit.platform.engine.support.hierarchical.SameThreadHierarchicalTestExecutorService.invokeAll(SameThreadHierarchicalTestExecutorService.java:41) ~[junit-platform-engine-1.8.2.jar:1.8.2]
	at org.junit.platform.engine.support.hierarchical.NodeTestTask.lambda$executeRecursively$6(NodeTestTask.java:155) ~[junit-platform-engine-1.8.2.jar:1.8.2]
	at org.junit.platform.engine.support.hierarchical.ThrowableCollector.execute(ThrowableCollector.java:73) ~[junit-platform-engine-1.8.2.jar:1.8.2]
	at org.junit.platform.engine.support.hierarchical.NodeTestTask.lambda$executeRecursively$8(NodeTestTask.java:141) ~[junit-platform-engine-1.8.2.jar:1.8.2]
	at org.junit.platform.engine.support.hierarchical.Node.around(Node.java:137) ~[junit-platform-engine-1.8.2.jar:1.8.2]
	at org.junit.platform.engine.support.hierarchical.NodeTestTask.lambda$executeRecursively$9(NodeTestTask.java:139) ~[junit-platform-engine-1.8.2.jar:1.8.2]
	at org.junit.platform.engine.support.hierarchical.ThrowableCollector.execute(ThrowableCollector.java:73) ~[junit-platform-engine-1.8.2.jar:1.8.2]
	at org.junit.platform.engine.support.hierarchical.NodeTestTask.executeRecursively(NodeTestTask.java:138) ~[junit-platform-engine-1.8.2.jar:1.8.2]
	at org.junit.platform.engine.support.hierarchical.NodeTestTask.execute(NodeTestTask.java:95) ~[junit-platform-engine-1.8.2.jar:1.8.2]
	at java.base/java.util.ArrayList.forEach(ArrayList.java:1596) ~[na:na]
	at org.junit.platform.engine.support.hierarchical.SameThreadHierarchicalTestExecutorService.invokeAll(SameThreadHierarchicalTestExecutorService.java:41) ~[junit-platform-engine-1.8.2.jar:1.8.2]
	at org.junit.platform.engine.support.hierarchical.NodeTestTask.lambda$executeRecursively$6(NodeTestTask.java:155) ~[junit-platform-engine-1.8.2.jar:1.8.2]
	at org.junit.platform.engine.support.hierarchical.ThrowableCollector.execute(ThrowableCollector.java:73) ~[junit-platform-engine-1.8.2.jar:1.8.2]
	at org.junit.platform.engine.support.hierarchical.NodeTestTask.lambda$executeRecursively$8(NodeTestTask.java:141) ~[junit-platform-engine-1.8.2.jar:1.8.2]
	at org.junit.platform.engine.support.hierarchical.Node.around(Node.java:137) ~[junit-platform-engine-1.8.2.jar:1.8.2]
	at org.junit.platform.engine.support.hierarchical.NodeTestTask.lambda$executeRecursively$9(NodeTestTask.java:139) ~[junit-platform-engine-1.8.2.jar:1.8.2]
	at org.junit.platform.engine.support.hierarchical.ThrowableCollector.execute(ThrowableCollector.java:73) ~[junit-platform-engine-1.8.2.jar:1.8.2]
	at org.junit.platform.engine.support.hierarchical.NodeTestTask.executeRecursively(NodeTestTask.java:138) ~[junit-platform-engine-1.8.2.jar:1.8.2]
	at org.junit.platform.engine.support.hierarchical.NodeTestTask.execute(NodeTestTask.java:95) ~[junit-platform-engine-1.8.2.jar:1.8.2]
	at org.junit.platform.engine.support.hierarchical.SameThreadHierarchicalTestExecutorService.submit(SameThreadHierarchicalTestExecutorService.java:35) ~[junit-platform-engine-1.8.2.jar:1.8.2]
	at org.junit.platform.engine.support.hierarchical.HierarchicalTestExecutor.execute(HierarchicalTestExecutor.java:57) ~[junit-platform-engine-1.8.2.jar:1.8.2]
	at org.junit.platform.engine.support.hierarchical.HierarchicalTestEngine.execute(HierarchicalTestEngine.java:54) ~[junit-platform-engine-1.8.2.jar:1.8.2]
	at org.junit.platform.launcher.core.DefaultLauncher.execute(DefaultLauncher.java:220) ~[junit-platform-launcher-1.3.1.jar:1.3.1]
	at org.junit.platform.launcher.core.DefaultLauncher.lambda$execute$6(DefaultLauncher.java:188) ~[junit-platform-launcher-1.3.1.jar:1.3.1]
	at org.junit.platform.launcher.core.DefaultLauncher.withInterceptedStreams(DefaultLauncher.java:202) ~[junit-platform-launcher-1.3.1.jar:1.3.1]
	at org.junit.platform.launcher.core.DefaultLauncher.execute(DefaultLauncher.java:181) ~[junit-platform-launcher-1.3.1.jar:1.3.1]
	at org.junit.platform.launcher.core.DefaultLauncher.execute(DefaultLauncher.java:128) ~[junit-platform-launcher-1.3.1.jar:1.3.1]
	at org.apache.maven.surefire.junitplatform.JUnitPlatformProvider.invokeAllTests(JUnitPlatformProvider.java:150) ~[surefire-junit-platform-2.22.2.jar:2.22.2]
	at org.apache.maven.surefire.junitplatform.JUnitPlatformProvider.invoke(JUnitPlatformProvider.java:124) ~[surefire-junit-platform-2.22.2.jar:2.22.2]
	at org.apache.maven.surefire.booter.ForkedBooter.invokeProviderInSameClassLoader(ForkedBooter.java:384) ~[surefire-booter-2.22.2.jar:2.22.2]
	at org.apache.maven.surefire.booter.ForkedBooter.runSuitesInProcess(ForkedBooter.java:345) ~[surefire-booter-2.22.2.jar:2.22.2]
	at org.apache.maven.surefire.booter.ForkedBooter.execute(ForkedBooter.java:126) ~[surefire-booter-2.22.2.jar:2.22.2]
	at org.apache.maven.surefire.booter.ForkedBooter.main(ForkedBooter.java:418) ~[surefire-booter-2.22.2.jar:2.22.2]
Caused by: java.net.ConnectException: Connection refused
	at java.base/sun.nio.ch.Net.pollConnect(Native Method) ~[na:na]
	at java.base/sun.nio.ch.Net.pollConnectNow(Net.java:682) ~[na:na]
	at java.base/sun.nio.ch.NioSocketImpl.timedFinishConnect(NioSocketImpl.java:542) ~[na:na]
	at java.base/sun.nio.ch.NioSocketImpl.connect(NioSocketImpl.java:592) ~[na:na]
	at java.base/java.net.SocksSocketImpl.connect(SocksSocketImpl.java:327) ~[na:na]
	at java.base/java.net.Socket.connect(Socket.java:751) ~[na:na]
	at org.postgresql.core.PGStream.createSocket(PGStream.java:243) ~[postgresql-42.7.1.jar:42.7.1]
	at org.postgresql.core.PGStream.<init>(PGStream.java:98) ~[postgresql-42.7.1.jar:42.7.1]
	at org.postgresql.core.v3.ConnectionFactoryImpl.tryConnect(ConnectionFactoryImpl.java:132) ~[postgresql-42.7.1.jar:42.7.1]
	at org.postgresql.core.v3.ConnectionFactoryImpl.openConnectionImpl(ConnectionFactoryImpl.java:258) ~[postgresql-42.7.1.jar:42.7.1]
	... 117 common frames omitted

2026-02-05 14:26:46.807  WARN 2945 --- [           main] o.h.e.j.e.i.JdbcEnvironmentInitiator     : HHH000342: Could not obtain connection to query metadata

org.postgresql.util.PSQLException: Connection to localhost:5432 refused. Check that the hostname and port are correct and that the postmaster is accepting TCP/IP connections.
	at org.postgresql.core.v3.ConnectionFactoryImpl.openConnectionImpl(ConnectionFactoryImpl.java:342) ~[postgresql-42.7.1.jar:42.7.1]
	at org.postgresql.core.ConnectionFactory.openConnection(ConnectionFactory.java:54) ~[postgresql-42.7.1.jar:42.7.1]
	at org.postgresql.jdbc.PgConnection.<init>(PgConnection.java:263) ~[postgresql-42.7.1.jar:42.7.1]
	at org.postgresql.Driver.makeConnection(Driver.java:444) ~[postgresql-42.7.1.jar:42.7.1]
	at org.postgresql.Driver.connect(Driver.java:297) ~[postgresql-42.7.1.jar:42.7.1]
	at com.zaxxer.hikari.util.DriverDataSource.getConnection(DriverDataSource.java:138) ~[HikariCP-4.0.3.jar:na]
	at com.zaxxer.hikari.pool.PoolBase.newConnection(PoolBase.java:364) ~[HikariCP-4.0.3.jar:na]
	at com.zaxxer.hikari.pool.PoolBase.newPoolEntry(PoolBase.java:206) ~[HikariCP-4.0.3.jar:na]
	at com.zaxxer.hikari.pool.HikariPool.createPoolEntry(HikariPool.java:476) ~[HikariCP-4.0.3.jar:na]
	at com.zaxxer.hikari.pool.HikariPool.checkFailFast(HikariPool.java:561) ~[HikariCP-4.0.3.jar:na]
	at com.zaxxer.hikari.pool.HikariPool.<init>(HikariPool.java:115) ~[HikariCP-4.0.3.jar:na]
	at com.zaxxer.hikari.HikariDataSource.getConnection(HikariDataSource.java:112) ~[HikariCP-4.0.3.jar:na]
	at org.hibernate.engine.jdbc.connections.internal.DatasourceConnectionProviderImpl.getConnection(DatasourceConnectionProviderImpl.java:122) ~[hibernate-core-5.6.15.Final.jar:5.6.15.Final]
	at org.hibernate.engine.jdbc.env.internal.JdbcEnvironmentInitiator$ConnectionProviderJdbcConnectionAccess.obtainConnection(JdbcEnvironmentInitiator.java:181) ~[hibernate-core-5.6.15.Final.jar:5.6.15.Final]
	at org.hibernate.engine.jdbc.env.internal.JdbcEnvironmentInitiator.initiateService(JdbcEnvironmentInitiator.java:68) ~[hibernate-core-5.6.15.Final.jar:5.6.15.Final]
	at org.hibernate.engine.jdbc.env.internal.JdbcEnvironmentInitiator.initiateService(JdbcEnvironmentInitiator.java:35) ~[hibernate-core-5.6.15.Final.jar:5.6.15.Final]
	at org.hibernate.boot.registry.internal.StandardServiceRegistryImpl.initiateService(StandardServiceRegistryImpl.java:101) ~[hibernate-core-5.6.15.Final.jar:5.6.15.Final]
	at org.hibernate.service.internal.AbstractServiceRegistryImpl.createService(AbstractServiceRegistryImpl.java:272) ~[hibernate-core-5.6.15.Final.jar:5.6.15.Final]
	at org.hibernate.service.internal.AbstractServiceRegistryImpl.initializeService(AbstractServiceRegistryImpl.java:246) ~[hibernate-core-5.6.15.Final.jar:5.6.15.Final]
	at org.hibernate.service.internal.AbstractServiceRegistryImpl.getService(AbstractServiceRegistryImpl.java:223) ~[hibernate-core-5.6.15.Final.jar:5.6.15.Final]
	at org.hibernate.id.factory.internal.DefaultIdentifierGeneratorFactory.injectServices(DefaultIdentifierGeneratorFactory.java:175) ~[hibernate-core-5.6.15.Final.jar:5.6.15.Final]
	at org.hibernate.service.internal.AbstractServiceRegistryImpl.injectDependencies(AbstractServiceRegistryImpl.java:295) ~[hibernate-core-5.6.15.Final.jar:5.6.15.Final]
	at org.hibernate.service.internal.AbstractServiceRegistryImpl.initializeService(AbstractServiceRegistryImpl.java:252) ~[hibernate-core-5.6.15.Final.jar:5.6.15.Final]
	at org.hibernate.service.internal.AbstractServiceRegistryImpl.getService(AbstractServiceRegistryImpl.java:223) ~[hibernate-core-5.6.15.Final.jar:5.6.15.Final]
	at org.hibernate.boot.internal.InFlightMetadataCollectorImpl.<init>(InFlightMetadataCollectorImpl.java:173) ~[hibernate-core-5.6.15.Final.jar:5.6.15.Final]
	at org.hibernate.boot.model.process.spi.MetadataBuildingProcess.complete(MetadataBuildingProcess.java:127) ~[hibernate-core-5.6.15.Final.jar:5.6.15.Final]
	at org.hibernate.jpa.boot.internal.EntityManagerFactoryBuilderImpl.metadata(EntityManagerFactoryBuilderImpl.java:1460) ~[hibernate-core-5.6.15.Final.jar:5.6.15.Final]
	at org.hibernate.jpa.boot.internal.EntityManagerFactoryBuilderImpl.build(EntityManagerFactoryBuilderImpl.java:1494) ~[hibernate-core-5.6.15.Final.jar:5.6.15.Final]
	at org.springframework.orm.jpa.vendor.SpringHibernateJpaPersistenceProvider.createContainerEntityManagerFactory(SpringHibernateJpaPersistenceProvider.java:58) ~[spring-orm-5.3.31.jar:5.3.31]
	at org.springframework.orm.jpa.LocalContainerEntityManagerFactoryBean.createNativeEntityManagerFactory(LocalContainerEntityManagerFactoryBean.java:365) ~[spring-orm-5.3.31.jar:5.3.31]
	at org.springframework.orm.jpa.AbstractEntityManagerFactoryBean.buildNativeEntityManagerFactory(AbstractEntityManagerFactoryBean.java:409) ~[spring-orm-5.3.31.jar:5.3.31]
	at org.springframework.orm.jpa.AbstractEntityManagerFactoryBean.afterPropertiesSet(AbstractEntityManagerFactoryBean.java:396) ~[spring-orm-5.3.31.jar:5.3.31]
	at org.springframework.orm.jpa.LocalContainerEntityManagerFactoryBean.afterPropertiesSet(LocalContainerEntityManagerFactoryBean.java:341) ~[spring-orm-5.3.31.jar:5.3.31]
	at org.springframework.beans.factory.support.AbstractAutowireCapableBeanFactory.invokeInitMethods(AbstractAutowireCapableBeanFactory.java:1863) ~[spring-beans-5.3.31.jar:5.3.31]
	at org.springframework.beans.factory.support.AbstractAutowireCapableBeanFactory.initializeBean(AbstractAutowireCapableBeanFactory.java:1800) ~[spring-beans-5.3.31.jar:5.3.31]
	at org.springframework.beans.factory.support.AbstractAutowireCapableBeanFactory.doCreateBean(AbstractAutowireCapableBeanFactory.java:620) ~[spring-beans-5.3.31.jar:5.3.31]
	at org.springframework.beans.factory.support.AbstractAutowireCapableBeanFactory.createBean(AbstractAutowireCapableBeanFactory.java:542) ~[spring-beans-5.3.31.jar:5.3.31]
	at org.springframework.beans.factory.support.AbstractBeanFactory.lambda$doGetBean$0(AbstractBeanFactory.java:335) ~[spring-beans-5.3.31.jar:5.3.31]
	at org.springframework.beans.factory.support.DefaultSingletonBeanRegistry.getSingleton(DefaultSingletonBeanRegistry.java:234) ~[spring-beans-5.3.31.jar:5.3.31]
	at org.springframework.beans.factory.support.AbstractBeanFactory.doGetBean(AbstractBeanFactory.java:333) ~[spring-beans-5.3.31.jar:5.3.31]
	at org.springframework.beans.factory.support.AbstractBeanFactory.getBean(AbstractBeanFactory.java:208) ~[spring-beans-5.3.31.jar:5.3.31]
	at org.springframework.context.support.AbstractApplicationContext.getBean(AbstractApplicationContext.java:1168) ~[spring-context-5.3.31.jar:5.3.31]
	at org.springframework.context.support.AbstractApplicationContext.finishBeanFactoryInitialization(AbstractApplicationContext.java:919) ~[spring-context-5.3.31.jar:5.3.31]
	at org.springframework.context.support.AbstractApplicationContext.refresh(AbstractApplicationContext.java:591) ~[spring-context-5.3.31.jar:5.3.31]
	at org.springframework.boot.SpringApplication.refresh(SpringApplication.java:732) ~[spring-boot-2.7.18.jar:2.7.18]
	at org.springframework.boot.SpringApplication.refreshContext(SpringApplication.java:409) ~[spring-boot-2.7.18.jar:2.7.18]
	at org.springframework.boot.SpringApplication.run(SpringApplication.java:308) ~[spring-boot-2.7.18.jar:2.7.18]
	at org.springframework.boot.test.context.SpringBootContextLoader.loadContext(SpringBootContextLoader.java:136) ~[spring-boot-test-2.7.18.jar:2.7.18]
	at org.springframework.test.context.cache.DefaultCacheAwareContextLoaderDelegate.loadContextInternal(DefaultCacheAwareContextLoaderDelegate.java:141) ~[spring-test-5.3.31.jar:5.3.31]
	at org.springframework.test.context.cache.DefaultCacheAwareContextLoaderDelegate.loadContext(DefaultCacheAwareContextLoaderDelegate.java:90) ~[spring-test-5.3.31.jar:5.3.31]
	at org.springframework.test.context.support.DefaultTestContext.getApplicationContext(DefaultTestContext.java:124) ~[spring-test-5.3.31.jar:5.3.31]
	at org.springframework.test.context.support.DependencyInjectionTestExecutionListener.injectDependencies(DependencyInjectionTestExecutionListener.java:118) ~[spring-test-5.3.31.jar:5.3.31]
	at org.springframework.test.context.support.DependencyInjectionTestExecutionListener.prepareTestInstance(DependencyInjectionTestExecutionListener.java:83) ~[spring-test-5.3.31.jar:5.3.31]
	at org.springframework.boot.test.autoconfigure.SpringBootDependencyInjectionTestExecutionListener.prepareTestInstance(SpringBootDependencyInjectionTestExecutionListener.java:43) ~[spring-boot-test-autoconfigure-2.7.18.jar:2.7.18]
	at org.springframework.test.context.TestContextManager.prepareTestInstance(TestContextManager.java:248) ~[spring-test-5.3.31.jar:5.3.31]
	at org.springframework.test.context.junit.jupiter.SpringExtension.postProcessTestInstance(SpringExtension.java:138) ~[spring-test-5.3.31.jar:5.3.31]
	at org.junit.jupiter.engine.descriptor.ClassBasedTestDescriptor.lambda$invokeTestInstancePostProcessors$10(ClassBasedTestDescriptor.java:377) ~[junit-jupiter-engine-5.9.3.jar:5.9.3]
	at org.junit.jupiter.engine.descriptor.ClassBasedTestDescriptor.executeAndMaskThrowable(ClassBasedTestDescriptor.java:382) ~[junit-jupiter-engine-5.9.3.jar:5.9.3]
	at org.junit.jupiter.engine.descriptor.ClassBasedTestDescriptor.lambda$invokeTestInstancePostProcessors$11(ClassBasedTestDescriptor.java:377) ~[junit-jupiter-engine-5.9.3.jar:5.9.3]
	at java.base/java.util.stream.ReferencePipeline$3$1.accept(ReferencePipeline.java:197) ~[na:na]
	at java.base/java.util.stream.ReferencePipeline$2$1.accept(ReferencePipeline.java:179) ~[na:na]
	at java.base/java.util.ArrayList$ArrayListSpliterator.forEachRemaining(ArrayList.java:1708) ~[na:na]
	at java.base/java.util.stream.AbstractPipeline.copyInto(AbstractPipeline.java:509) ~[na:na]
	at java.base/java.util.stream.AbstractPipeline.wrapAndCopyInto(AbstractPipeline.java:499) ~[na:na]
	at java.base/java.util.stream.StreamSpliterators$WrappingSpliterator.forEachRemaining(StreamSpliterators.java:310) ~[na:na]
	at java.base/java.util.stream.Streams$ConcatSpliterator.forEachRemaining(Streams.java:735) ~[na:na]
	at java.base/java.util.stream.Streams$ConcatSpliterator.forEachRemaining(Streams.java:734) ~[na:na]
	at java.base/java.util.stream.ReferencePipeline$Head.forEach(ReferencePipeline.java:762) ~[na:na]
	at org.junit.jupiter.engine.descriptor.ClassBasedTestDescriptor.invokeTestInstancePostProcessors(ClassBasedTestDescriptor.java:376) ~[junit-jupiter-engine-5.9.3.jar:5.9.3]
	at org.junit.jupiter.engine.descriptor.ClassBasedTestDescriptor.lambda$instantiateAndPostProcessTestInstance$6(ClassBasedTestDescriptor.java:289) ~[junit-jupiter-engine-5.9.3.jar:5.9.3]
	at org.junit.platform.engine.support.hierarchical.ThrowableCollector.execute(ThrowableCollector.java:73) ~[junit-platform-engine-1.8.2.jar:1.8.2]
	at org.junit.jupiter.engine.descriptor.ClassBasedTestDescriptor.instantiateAndPostProcessTestInstance(ClassBasedTestDescriptor.java:288) ~[junit-jupiter-engine-5.9.3.jar:5.9.3]
	at org.junit.jupiter.engine.descriptor.ClassBasedTestDescriptor.lambda$testInstancesProvider$4(ClassBasedTestDescriptor.java:278) ~[junit-jupiter-engine-5.9.3.jar:5.9.3]
	at java.base/java.util.Optional.orElseGet(Optional.java:364) ~[na:na]
	at org.junit.jupiter.engine.descriptor.ClassBasedTestDescriptor.lambda$testInstancesProvider$5(ClassBasedTestDescriptor.java:277) ~[junit-jupiter-engine-5.9.3.jar:5.9.3]
	at org.junit.jupiter.engine.execution.TestInstancesProvider.getTestInstances(TestInstancesProvider.java:31) ~[junit-jupiter-engine-5.9.3.jar:5.9.3]
	at org.junit.jupiter.engine.descriptor.TestMethodTestDescriptor.lambda$prepare$0(TestMethodTestDescriptor.java:105) ~[junit-jupiter-engine-5.9.3.jar:5.9.3]
	at org.junit.platform.engine.support.hierarchical.ThrowableCollector.execute(ThrowableCollector.java:73) ~[junit-platform-engine-1.8.2.jar:1.8.2]
	at org.junit.jupiter.engine.descriptor.TestMethodTestDescriptor.prepare(TestMethodTestDescriptor.java:104) ~[junit-jupiter-engine-5.9.3.jar:5.9.3]
	at org.junit.jupiter.engine.descriptor.TestMethodTestDescriptor.prepare(TestMethodTestDescriptor.java:68) ~[junit-jupiter-engine-5.9.3.jar:5.9.3]
	at org.junit.platform.engine.support.hierarchical.NodeTestTask.lambda$prepare$2(NodeTestTask.java:123) ~[junit-platform-engine-1.8.2.jar:1.8.2]
	at org.junit.platform.engine.support.hierarchical.ThrowableCollector.execute(ThrowableCollector.java:73) ~[junit-platform-engine-1.8.2.jar:1.8.2]
	at org.junit.platform.engine.support.hierarchical.NodeTestTask.prepare(NodeTestTask.java:123) ~[junit-platform-engine-1.8.2.jar:1.8.2]
	at org.junit.platform.engine.support.hierarchical.NodeTestTask.execute(NodeTestTask.java:90) ~[junit-platform-engine-1.8.2.jar:1.8.2]
	at java.base/java.util.ArrayList.forEach(ArrayList.java:1596) ~[na:na]
	at org.junit.platform.engine.support.hierarchical.SameThreadHierarchicalTestExecutorService.invokeAll(SameThreadHierarchicalTestExecutorService.java:41) ~[junit-platform-engine-1.8.2.jar:1.8.2]
	at org.junit.platform.engine.support.hierarchical.NodeTestTask.lambda$executeRecursively$6(NodeTestTask.java:155) ~[junit-platform-engine-1.8.2.jar:1.8.2]
	at org.junit.platform.engine.support.hierarchical.ThrowableCollector.execute(ThrowableCollector.java:73) ~[junit-platform-engine-1.8.2.jar:1.8.2]
	at org.junit.platform.engine.support.hierarchical.NodeTestTask.lambda$executeRecursively$8(NodeTestTask.java:141) ~[junit-platform-engine-1.8.2.jar:1.8.2]
	at org.junit.platform.engine.support.hierarchical.Node.around(Node.java:137) ~[junit-platform-engine-1.8.2.jar:1.8.2]
	at org.junit.platform.engine.support.hierarchical.NodeTestTask.lambda$executeRecursively$9(NodeTestTask.java:139) ~[junit-platform-engine-1.8.2.jar:1.8.2]
	at org.junit.platform.engine.support.hierarchical.ThrowableCollector.execute(ThrowableCollector.java:73) ~[junit-platform-engine-1.8.2.jar:1.8.2]
	at org.junit.platform.engine.support.hierarchical.NodeTestTask.executeRecursively(NodeTestTask.java:138) ~[junit-platform-engine-1.8.2.jar:1.8.2]
	at org.junit.platform.engine.support.hierarchical.NodeTestTask.execute(NodeTestTask.java:95) ~[junit-platform-engine-1.8.2.jar:1.8.2]
	at java.base/java.util.ArrayList.forEach(ArrayList.java:1596) ~[na:na]
	at org.junit.platform.engine.support.hierarchical.SameThreadHierarchicalTestExecutorService.invokeAll(SameThreadHierarchicalTestExecutorService.java:41) ~[junit-platform-engine-1.8.2.jar:1.8.2]
	at org.junit.platform.engine.support.hierarchical.NodeTestTask.lambda$executeRecursively$6(NodeTestTask.java:155) ~[junit-platform-engine-1.8.2.jar:1.8.2]
	at org.junit.platform.engine.support.hierarchical.ThrowableCollector.execute(ThrowableCollector.java:73) ~[junit-platform-engine-1.8.2.jar:1.8.2]
	at org.junit.platform.engine.support.hierarchical.NodeTestTask.lambda$executeRecursively$8(NodeTestTask.java:141) ~[junit-platform-engine-1.8.2.jar:1.8.2]
	at org.junit.platform.engine.support.hierarchical.Node.around(Node.java:137) ~[junit-platform-engine-1.8.2.jar:1.8.2]
	at org.junit.platform.engine.support.hierarchical.NodeTestTask.lambda$executeRecursively$9(NodeTestTask.java:139) ~[junit-platform-engine-1.8.2.jar:1.8.2]
	at org.junit.platform.engine.support.hierarchical.ThrowableCollector.execute(ThrowableCollector.java:73) ~[junit-platform-engine-1.8.2.jar:1.8.2]
	at org.junit.platform.engine.support.hierarchical.NodeTestTask.executeRecursively(NodeTestTask.java:138) ~[junit-platform-engine-1.8.2.jar:1.8.2]
	at org.junit.platform.engine.support.hierarchical.NodeTestTask.execute(NodeTestTask.java:95) ~[junit-platform-engine-1.8.2.jar:1.8.2]
	at org.junit.platform.engine.support.hierarchical.SameThreadHierarchicalTestExecutorService.submit(SameThreadHierarchicalTestExecutorService.java:35) ~[junit-platform-engine-1.8.2.jar:1.8.2]
	at org.junit.platform.engine.support.hierarchical.HierarchicalTestExecutor.execute(HierarchicalTestExecutor.java:57) ~[junit-platform-engine-1.8.2.jar:1.8.2]
	at org.junit.platform.engine.support.hierarchical.HierarchicalTestEngine.execute(HierarchicalTestEngine.java:54) ~[junit-platform-engine-1.8.2.jar:1.8.2]
	at org.junit.platform.launcher.core.DefaultLauncher.execute(DefaultLauncher.java:220) ~[junit-platform-launcher-1.3.1.jar:1.3.1]
	at org.junit.platform.launcher.core.DefaultLauncher.lambda$execute$6(DefaultLauncher.java:188) ~[junit-platform-launcher-1.3.1.jar:1.3.1]
	at org.junit.platform.launcher.core.DefaultLauncher.withInterceptedStreams(DefaultLauncher.java:202) ~[junit-platform-launcher-1.3.1.jar:1.3.1]
	at org.junit.platform.launcher.core.DefaultLauncher.execute(DefaultLauncher.java:181) ~[junit-platform-launcher-1.3.1.jar:1.3.1]
	at org.junit.platform.launcher.core.DefaultLauncher.execute(DefaultLauncher.java:128) ~[junit-platform-launcher-1.3.1.jar:1.3.1]
	at org.apache.maven.surefire.junitplatform.JUnitPlatformProvider.invokeAllTests(JUnitPlatformProvider.java:150) ~[surefire-junit-platform-2.22.2.jar:2.22.2]
	at org.apache.maven.surefire.junitplatform.JUnitPlatformProvider.invoke(JUnitPlatformProvider.java:124) ~[surefire-junit-platform-2.22.2.jar:2.22.2]
	at org.apache.maven.surefire.booter.ForkedBooter.invokeProviderInSameClassLoader(ForkedBooter.java:384) ~[surefire-booter-2.22.2.jar:2.22.2]
	at org.apache.maven.surefire.booter.ForkedBooter.runSuitesInProcess(ForkedBooter.java:345) ~[surefire-booter-2.22.2.jar:2.22.2]
	at org.apache.maven.surefire.booter.ForkedBooter.execute(ForkedBooter.java:126) ~[surefire-booter-2.22.2.jar:2.22.2]
	at org.apache.maven.surefire.booter.ForkedBooter.main(ForkedBooter.java:418) ~[surefire-booter-2.22.2.jar:2.22.2]
Caused by: java.net.ConnectException: Connection refused
	at java.base/sun.nio.ch.Net.pollConnect(Native Method) ~[na:na]
	at java.base/sun.nio.ch.Net.pollConnectNow(Net.java:682) ~[na:na]
	at java.base/sun.nio.ch.NioSocketImpl.timedFinishConnect(NioSocketImpl.java:542) ~[na:na]
	at java.base/sun.nio.ch.NioSocketImpl.connect(NioSocketImpl.java:592) ~[na:na]
	at java.base/java.net.SocksSocketImpl.connect(SocksSocketImpl.java:327) ~[na:na]
	at java.base/java.net.Socket.connect(Socket.java:751) ~[na:na]
	at org.postgresql.core.PGStream.createSocket(PGStream.java:243) ~[postgresql-42.7.1.jar:42.7.1]
	at org.postgresql.core.PGStream.<init>(PGStream.java:98) ~[postgresql-42.7.1.jar:42.7.1]
	at org.postgresql.core.v3.ConnectionFactoryImpl.tryConnect(ConnectionFactoryImpl.java:132) ~[postgresql-42.7.1.jar:42.7.1]
	at org.postgresql.core.v3.ConnectionFactoryImpl.openConnectionImpl(ConnectionFactoryImpl.java:258) ~[postgresql-42.7.1.jar:42.7.1]
	... 117 common frames omitted

2026-02-05 14:26:46.873  INFO 2945 --- [           main] org.hibernate.dialect.Dialect            : HHH000400: Using dialect: org.hibernate.dialect.PostgreSQLDialect
Hibernate: alter table contract drop constraint FKq28qogy68douoc4gkgcy3ow9p
2026-02-05 14:26:47.471  INFO 2945 --- [           main] com.zaxxer.hikari.HikariDataSource       : HikariPool-1 - Starting...
2026-02-05 14:26:48.474 ERROR 2945 --- [           main] com.zaxxer.hikari.pool.HikariPool        : HikariPool-1 - Exception during pool initialization.

org.postgresql.util.PSQLException: Connection to localhost:5432 refused. Check that the hostname and port are correct and that the postmaster is accepting TCP/IP connections.
	at org.postgresql.core.v3.ConnectionFactoryImpl.openConnectionImpl(ConnectionFactoryImpl.java:342) ~[postgresql-42.7.1.jar:42.7.1]
	at org.postgresql.core.ConnectionFactory.openConnection(ConnectionFactory.java:54) ~[postgresql-42.7.1.jar:42.7.1]
	at org.postgresql.jdbc.PgConnection.<init>(PgConnection.java:263) ~[postgresql-42.7.1.jar:42.7.1]
	at org.postgresql.Driver.makeConnection(Driver.java:444) ~[postgresql-42.7.1.jar:42.7.1]
	at org.postgresql.Driver.connect(Driver.java:297) ~[postgresql-42.7.1.jar:42.7.1]
	at com.zaxxer.hikari.util.DriverDataSource.getConnection(DriverDataSource.java:138) ~[HikariCP-4.0.3.jar:na]
	at com.zaxxer.hikari.pool.PoolBase.newConnection(PoolBase.java:364) ~[HikariCP-4.0.3.jar:na]
	at com.zaxxer.hikari.pool.PoolBase.newPoolEntry(PoolBase.java:206) ~[HikariCP-4.0.3.jar:na]
	at com.zaxxer.hikari.pool.HikariPool.createPoolEntry(HikariPool.java:476) ~[HikariCP-4.0.3.jar:na]
	at com.zaxxer.hikari.pool.HikariPool.checkFailFast(HikariPool.java:561) ~[HikariCP-4.0.3.jar:na]
	at com.zaxxer.hikari.pool.HikariPool.<init>(HikariPool.java:115) ~[HikariCP-4.0.3.jar:na]
	at com.zaxxer.hikari.HikariDataSource.getConnection(HikariDataSource.java:112) ~[HikariCP-4.0.3.jar:na]
	at org.hibernate.engine.jdbc.connections.internal.DatasourceConnectionProviderImpl.getConnection(DatasourceConnectionProviderImpl.java:122) ~[hibernate-core-5.6.15.Final.jar:5.6.15.Final]
	at org.hibernate.engine.jdbc.env.internal.JdbcEnvironmentInitiator$ConnectionProviderJdbcConnectionAccess.obtainConnection(JdbcEnvironmentInitiator.java:181) ~[hibernate-core-5.6.15.Final.jar:5.6.15.Final]
	at org.hibernate.resource.transaction.backend.jdbc.internal.DdlTransactionIsolatorNonJtaImpl.getIsolatedConnection(DdlTransactionIsolatorNonJtaImpl.java:44) ~[hibernate-core-5.6.15.Final.jar:5.6.15.Final]
	at org.hibernate.tool.schema.internal.exec.GenerationTargetToDatabase.jdbcStatement(GenerationTargetToDatabase.java:77) ~[hibernate-core-5.6.15.Final.jar:5.6.15.Final]
	at org.hibernate.tool.schema.internal.exec.GenerationTargetToDatabase.accept(GenerationTargetToDatabase.java:53) ~[hibernate-core-5.6.15.Final.jar:5.6.15.Final]
	at org.hibernate.tool.schema.internal.SchemaDropperImpl.applySqlString(SchemaDropperImpl.java:387) ~[hibernate-core-5.6.15.Final.jar:5.6.15.Final]
	at org.hibernate.tool.schema.internal.SchemaDropperImpl.applySqlStrings(SchemaDropperImpl.java:371) ~[hibernate-core-5.6.15.Final.jar:5.6.15.Final]
	at org.hibernate.tool.schema.internal.SchemaDropperImpl.applyConstraintDropping(SchemaDropperImpl.java:341) ~[hibernate-core-5.6.15.Final.jar:5.6.15.Final]
	at org.hibernate.tool.schema.internal.SchemaDropperImpl.dropFromMetadata(SchemaDropperImpl.java:235) ~[hibernate-core-5.6.15.Final.jar:5.6.15.Final]
	at org.hibernate.tool.schema.internal.SchemaDropperImpl.performDrop(SchemaDropperImpl.java:156) ~[hibernate-core-5.6.15.Final.jar:5.6.15.Final]
	at org.hibernate.tool.schema.internal.SchemaDropperImpl.doDrop(SchemaDropperImpl.java:128) ~[hibernate-core-5.6.15.Final.jar:5.6.15.Final]
	at org.hibernate.tool.schema.internal.SchemaDropperImpl.doDrop(SchemaDropperImpl.java:114) ~[hibernate-core-5.6.15.Final.jar:5.6.15.Final]
	at org.hibernate.tool.schema.spi.SchemaManagementToolCoordinator.performDatabaseAction(SchemaManagementToolCoordinator.java:157) ~[hibernate-core-5.6.15.Final.jar:5.6.15.Final]
	at org.hibernate.tool.schema.spi.SchemaManagementToolCoordinator.process(SchemaManagementToolCoordinator.java:85) ~[hibernate-core-5.6.15.Final.jar:5.6.15.Final]
	at org.hibernate.internal.SessionFactoryImpl.<init>(SessionFactoryImpl.java:335) ~[hibernate-core-5.6.15.Final.jar:5.6.15.Final]
	at org.hibernate.boot.internal.SessionFactoryBuilderImpl.build(SessionFactoryBuilderImpl.java:471) ~[hibernate-core-5.6.15.Final.jar:5.6.15.Final]
	at org.hibernate.jpa.boot.internal.EntityManagerFactoryBuilderImpl.build(EntityManagerFactoryBuilderImpl.java:1498) ~[hibernate-core-5.6.15.Final.jar:5.6.15.Final]
	at org.springframework.orm.jpa.vendor.SpringHibernateJpaPersistenceProvider.createContainerEntityManagerFactory(SpringHibernateJpaPersistenceProvider.java:58) ~[spring-orm-5.3.31.jar:5.3.31]
	at org.springframework.orm.jpa.LocalContainerEntityManagerFactoryBean.createNativeEntityManagerFactory(LocalContainerEntityManagerFactoryBean.java:365) ~[spring-orm-5.3.31.jar:5.3.31]
	at org.springframework.orm.jpa.AbstractEntityManagerFactoryBean.buildNativeEntityManagerFactory(AbstractEntityManagerFactoryBean.java:409) ~[spring-orm-5.3.31.jar:5.3.31]
	at org.springframework.orm.jpa.AbstractEntityManagerFactoryBean.afterPropertiesSet(AbstractEntityManagerFactoryBean.java:396) ~[spring-orm-5.3.31.jar:5.3.31]
	at org.springframework.orm.jpa.LocalContainerEntityManagerFactoryBean.afterPropertiesSet(LocalContainerEntityManagerFactoryBean.java:341) ~[spring-orm-5.3.31.jar:5.3.31]
	at org.springframework.beans.factory.support.AbstractAutowireCapableBeanFactory.invokeInitMethods(AbstractAutowireCapableBeanFactory.java:1863) ~[spring-beans-5.3.31.jar:5.3.31]
	at org.springframework.beans.factory.support.AbstractAutowireCapableBeanFactory.initializeBean(AbstractAutowireCapableBeanFactory.java:1800) ~[spring-beans-5.3.31.jar:5.3.31]
	at org.springframework.beans.factory.support.AbstractAutowireCapableBeanFactory.doCreateBean(AbstractAutowireCapableBeanFactory.java:620) ~[spring-beans-5.3.31.jar:5.3.31]
	at org.springframework.beans.factory.support.AbstractAutowireCapableBeanFactory.createBean(AbstractAutowireCapableBeanFactory.java:542) ~[spring-beans-5.3.31.jar:5.3.31]
	at org.springframework.beans.factory.support.AbstractBeanFactory.lambda$doGetBean$0(AbstractBeanFactory.java:335) ~[spring-beans-5.3.31.jar:5.3.31]
	at org.springframework.beans.factory.support.DefaultSingletonBeanRegistry.getSingleton(DefaultSingletonBeanRegistry.java:234) ~[spring-beans-5.3.31.jar:5.3.31]
	at org.springframework.beans.factory.support.AbstractBeanFactory.doGetBean(AbstractBeanFactory.java:333) ~[spring-beans-5.3.31.jar:5.3.31]
	at org.springframework.beans.factory.support.AbstractBeanFactory.getBean(AbstractBeanFactory.java:208) ~[spring-beans-5.3.31.jar:5.3.31]
	at org.springframework.context.support.AbstractApplicationContext.getBean(AbstractApplicationContext.java:1168) ~[spring-context-5.3.31.jar:5.3.31]
	at org.springframework.context.support.AbstractApplicationContext.finishBeanFactoryInitialization(AbstractApplicationContext.java:919) ~[spring-context-5.3.31.jar:5.3.31]
	at org.springframework.context.support.AbstractApplicationContext.refresh(AbstractApplicationContext.java:591) ~[spring-context-5.3.31.jar:5.3.31]
	at org.springframework.boot.SpringApplication.refresh(SpringApplication.java:732) ~[spring-boot-2.7.18.jar:2.7.18]
	at org.springframework.boot.SpringApplication.refreshContext(SpringApplication.java:409) ~[spring-boot-2.7.18.jar:2.7.18]
	at org.springframework.boot.SpringApplication.run(SpringApplication.java:308) ~[spring-boot-2.7.18.jar:2.7.18]
	at org.springframework.boot.test.context.SpringBootContextLoader.loadContext(SpringBootContextLoader.java:136) ~[spring-boot-test-2.7.18.jar:2.7.18]
	at org.springframework.test.context.cache.DefaultCacheAwareContextLoaderDelegate.loadContextInternal(DefaultCacheAwareContextLoaderDelegate.java:141) ~[spring-test-5.3.31.jar:5.3.31]
	at org.springframework.test.context.cache.DefaultCacheAwareContextLoaderDelegate.loadContext(DefaultCacheAwareContextLoaderDelegate.java:90) ~[spring-test-5.3.31.jar:5.3.31]
	at org.springframework.test.context.support.DefaultTestContext.getApplicationContext(DefaultTestContext.java:124) ~[spring-test-5.3.31.jar:5.3.31]
	at org.springframework.test.context.support.DependencyInjectionTestExecutionListener.injectDependencies(DependencyInjectionTestExecutionListener.java:118) ~[spring-test-5.3.31.jar:5.3.31]
	at org.springframework.test.context.support.DependencyInjectionTestExecutionListener.prepareTestInstance(DependencyInjectionTestExecutionListener.java:83) ~[spring-test-5.3.31.jar:5.3.31]
	at org.springframework.boot.test.autoconfigure.SpringBootDependencyInjectionTestExecutionListener.prepareTestInstance(SpringBootDependencyInjectionTestExecutionListener.java:43) ~[spring-boot-test-autoconfigure-2.7.18.jar:2.7.18]
	at org.springframework.test.context.TestContextManager.prepareTestInstance(TestContextManager.java:248) ~[spring-test-5.3.31.jar:5.3.31]
	at org.springframework.test.context.junit.jupiter.SpringExtension.postProcessTestInstance(SpringExtension.java:138) ~[spring-test-5.3.31.jar:5.3.31]
	at org.junit.jupiter.engine.descriptor.ClassBasedTestDescriptor.lambda$invokeTestInstancePostProcessors$10(ClassBasedTestDescriptor.java:377) ~[junit-jupiter-engine-5.9.3.jar:5.9.3]
	at org.junit.jupiter.engine.descriptor.ClassBasedTestDescriptor.executeAndMaskThrowable(ClassBasedTestDescriptor.java:382) ~[junit-jupiter-engine-5.9.3.jar:5.9.3]
	at org.junit.jupiter.engine.descriptor.ClassBasedTestDescriptor.lambda$invokeTestInstancePostProcessors$11(ClassBasedTestDescriptor.java:377) ~[junit-jupiter-engine-5.9.3.jar:5.9.3]
	at java.base/java.util.stream.ReferencePipeline$3$1.accept(ReferencePipeline.java:197) ~[na:na]
	at java.base/java.util.stream.ReferencePipeline$2$1.accept(ReferencePipeline.java:179) ~[na:na]
	at java.base/java.util.ArrayList$ArrayListSpliterator.forEachRemaining(ArrayList.java:1708) ~[na:na]
	at java.base/java.util.stream.AbstractPipeline.copyInto(AbstractPipeline.java:509) ~[na:na]
	at java.base/java.util.stream.AbstractPipeline.wrapAndCopyInto(AbstractPipeline.java:499) ~[na:na]
	at java.base/java.util.stream.StreamSpliterators$WrappingSpliterator.forEachRemaining(StreamSpliterators.java:310) ~[na:na]
	at java.base/java.util.stream.Streams$ConcatSpliterator.forEachRemaining(Streams.java:735) ~[na:na]
	at java.base/java.util.stream.Streams$ConcatSpliterator.forEachRemaining(Streams.java:734) ~[na:na]
	at java.base/java.util.stream.ReferencePipeline$Head.forEach(ReferencePipeline.java:762) ~[na:na]
	at org.junit.jupiter.engine.descriptor.ClassBasedTestDescriptor.invokeTestInstancePostProcessors(ClassBasedTestDescriptor.java:376) ~[junit-jupiter-engine-5.9.3.jar:5.9.3]
	at org.junit.jupiter.engine.descriptor.ClassBasedTestDescriptor.lambda$instantiateAndPostProcessTestInstance$6(ClassBasedTestDescriptor.java:289) ~[junit-jupiter-engine-5.9.3.jar:5.9.3]
	at org.junit.platform.engine.support.hierarchical.ThrowableCollector.execute(ThrowableCollector.java:73) ~[junit-platform-engine-1.8.2.jar:1.8.2]
	at org.junit.jupiter.engine.descriptor.ClassBasedTestDescriptor.instantiateAndPostProcessTestInstance(ClassBasedTestDescriptor.java:288) ~[junit-jupiter-engine-5.9.3.jar:5.9.3]
	at org.junit.jupiter.engine.descriptor.ClassBasedTestDescriptor.lambda$testInstancesProvider$4(ClassBasedTestDescriptor.java:278) ~[junit-jupiter-engine-5.9.3.jar:5.9.3]
	at java.base/java.util.Optional.orElseGet(Optional.java:364) ~[na:na]
	at org.junit.jupiter.engine.descriptor.ClassBasedTestDescriptor.lambda$testInstancesProvider$5(ClassBasedTestDescriptor.java:277) ~[junit-jupiter-engine-5.9.3.jar:5.9.3]
	at org.junit.jupiter.engine.execution.TestInstancesProvider.getTestInstances(TestInstancesProvider.java:31) ~[junit-jupiter-engine-5.9.3.jar:5.9.3]
	at org.junit.jupiter.engine.descriptor.TestMethodTestDescriptor.lambda$prepare$0(TestMethodTestDescriptor.java:105) ~[junit-jupiter-engine-5.9.3.jar:5.9.3]
	at org.junit.platform.engine.support.hierarchical.ThrowableCollector.execute(ThrowableCollector.java:73) ~[junit-platform-engine-1.8.2.jar:1.8.2]
	at org.junit.jupiter.engine.descriptor.TestMethodTestDescriptor.prepare(TestMethodTestDescriptor.java:104) ~[junit-jupiter-engine-5.9.3.jar:5.9.3]
	at org.junit.jupiter.engine.descriptor.TestMethodTestDescriptor.prepare(TestMethodTestDescriptor.java:68) ~[junit-jupiter-engine-5.9.3.jar:5.9.3]
	at org.junit.platform.engine.support.hierarchical.NodeTestTask.lambda$prepare$2(NodeTestTask.java:123) ~[junit-platform-engine-1.8.2.jar:1.8.2]
	at org.junit.platform.engine.support.hierarchical.ThrowableCollector.execute(ThrowableCollector.java:73) ~[junit-platform-engine-1.8.2.jar:1.8.2]
	at org.junit.platform.engine.support.hierarchical.NodeTestTask.prepare(NodeTestTask.java:123) ~[junit-platform-engine-1.8.2.jar:1.8.2]
	at org.junit.platform.engine.support.hierarchical.NodeTestTask.execute(NodeTestTask.java:90) ~[junit-platform-engine-1.8.2.jar:1.8.2]
	at java.base/java.util.ArrayList.forEach(ArrayList.java:1596) ~[na:na]
	at org.junit.platform.engine.support.hierarchical.SameThreadHierarchicalTestExecutorService.invokeAll(SameThreadHierarchicalTestExecutorService.java:41) ~[junit-platform-engine-1.8.2.jar:1.8.2]
	at org.junit.platform.engine.support.hierarchical.NodeTestTask.lambda$executeRecursively$6(NodeTestTask.java:155) ~[junit-platform-engine-1.8.2.jar:1.8.2]
	at org.junit.platform.engine.support.hierarchical.ThrowableCollector.execute(ThrowableCollector.java:73) ~[junit-platform-engine-1.8.2.jar:1.8.2]
	at org.junit.platform.engine.support.hierarchical.NodeTestTask.lambda$executeRecursively$8(NodeTestTask.java:141) ~[junit-platform-engine-1.8.2.jar:1.8.2]
	at org.junit.platform.engine.support.hierarchical.Node.around(Node.java:137) ~[junit-platform-engine-1.8.2.jar:1.8.2]
	at org.junit.platform.engine.support.hierarchical.NodeTestTask.lambda$executeRecursively$9(NodeTestTask.java:139) ~[junit-platform-engine-1.8.2.jar:1.8.2]
	at org.junit.platform.engine.support.hierarchical.ThrowableCollector.execute(ThrowableCollector.java:73) ~[junit-platform-engine-1.8.2.jar:1.8.2]
	at org.junit.platform.engine.support.hierarchical.NodeTestTask.executeRecursively(NodeTestTask.java:138) ~[junit-platform-engine-1.8.2.jar:1.8.2]
	at org.junit.platform.engine.support.hierarchical.NodeTestTask.execute(NodeTestTask.java:95) ~[junit-platform-engine-1.8.2.jar:1.8.2]
	at java.base/java.util.ArrayList.forEach(ArrayList.java:1596) ~[na:na]
	at org.junit.platform.engine.support.hierarchical.SameThreadHierarchicalTestExecutorService.invokeAll(SameThreadHierarchicalTestExecutorService.java:41) ~[junit-platform-engine-1.8.2.jar:1.8.2]
	at org.junit.platform.engine.support.hierarchical.NodeTestTask.lambda$executeRecursively$6(NodeTestTask.java:155) ~[junit-platform-engine-1.8.2.jar:1.8.2]
	at org.junit.platform.engine.support.hierarchical.ThrowableCollector.execute(ThrowableCollector.java:73) ~[junit-platform-engine-1.8.2.jar:1.8.2]
	at org.junit.platform.engine.support.hierarchical.NodeTestTask.lambda$executeRecursively$8(NodeTestTask.java:141) ~[junit-platform-engine-1.8.2.jar:1.8.2]
	at org.junit.platform.engine.support.hierarchical.Node.around(Node.java:137) ~[junit-platform-engine-1.8.2.jar:1.8.2]
	at org.junit.platform.engine.support.hierarchical.NodeTestTask.lambda$executeRecursively$9(NodeTestTask.java:139) ~[junit-platform-engine-1.8.2.jar:1.8.2]
	at org.junit.platform.engine.support.hierarchical.ThrowableCollector.execute(ThrowableCollector.java:73) ~[junit-platform-engine-1.8.2.jar:1.8.2]
	at org.junit.platform.engine.support.hierarchical.NodeTestTask.executeRecursively(NodeTestTask.java:138) ~[junit-platform-engine-1.8.2.jar:1.8.2]
	at org.junit.platform.engine.support.hierarchical.NodeTestTask.execute(NodeTestTask.java:95) ~[junit-platform-engine-1.8.2.jar:1.8.2]
	at org.junit.platform.engine.support.hierarchical.SameThreadHierarchicalTestExecutorService.submit(SameThreadHierarchicalTestExecutorService.java:35) ~[junit-platform-engine-1.8.2.jar:1.8.2]
	at org.junit.platform.engine.support.hierarchical.HierarchicalTestExecutor.execute(HierarchicalTestExecutor.java:57) ~[junit-platform-engine-1.8.2.jar:1.8.2]
	at org.junit.platform.engine.support.hierarchical.HierarchicalTestEngine.execute(HierarchicalTestEngine.java:54) ~[junit-platform-engine-1.8.2.jar:1.8.2]
	at org.junit.platform.launcher.core.DefaultLauncher.execute(DefaultLauncher.java:220) ~[junit-platform-launcher-1.3.1.jar:1.3.1]
	at org.junit.platform.launcher.core.DefaultLauncher.lambda$execute$6(DefaultLauncher.java:188) ~[junit-platform-launcher-1.3.1.jar:1.3.1]
	at org.junit.platform.launcher.core.DefaultLauncher.withInterceptedStreams(DefaultLauncher.java:202) ~[junit-platform-launcher-1.3.1.jar:1.3.1]
	at org.junit.platform.launcher.core.DefaultLauncher.execute(DefaultLauncher.java:181) ~[junit-platform-launcher-1.3.1.jar:1.3.1]
	at org.junit.platform.launcher.core.DefaultLauncher.execute(DefaultLauncher.java:128) ~[junit-platform-launcher-1.3.1.jar:1.3.1]
	at org.apache.maven.surefire.junitplatform.JUnitPlatformProvider.invokeAllTests(JUnitPlatformProvider.java:150) ~[surefire-junit-platform-2.22.2.jar:2.22.2]
	at org.apache.maven.surefire.junitplatform.JUnitPlatformProvider.invoke(JUnitPlatformProvider.java:124) ~[surefire-junit-platform-2.22.2.jar:2.22.2]
	at org.apache.maven.surefire.booter.ForkedBooter.invokeProviderInSameClassLoader(ForkedBooter.java:384) ~[surefire-booter-2.22.2.jar:2.22.2]
	at org.apache.maven.surefire.booter.ForkedBooter.runSuitesInProcess(ForkedBooter.java:345) ~[surefire-booter-2.22.2.jar:2.22.2]
	at org.apache.maven.surefire.booter.ForkedBooter.execute(ForkedBooter.java:126) ~[surefire-booter-2.22.2.jar:2.22.2]
	at org.apache.maven.surefire.booter.ForkedBooter.main(ForkedBooter.java:418) ~[surefire-booter-2.22.2.jar:2.22.2]
Caused by: java.net.ConnectException: Connection refused
	at java.base/sun.nio.ch.Net.pollConnect(Native Method) ~[na:na]
	at java.base/sun.nio.ch.Net.pollConnectNow(Net.java:682) ~[na:na]
	at java.base/sun.nio.ch.NioSocketImpl.timedFinishConnect(NioSocketImpl.java:542) ~[na:na]
	at java.base/sun.nio.ch.NioSocketImpl.connect(NioSocketImpl.java:592) ~[na:na]
	at java.base/java.net.SocksSocketImpl.connect(SocksSocketImpl.java:327) ~[na:na]
	at java.base/java.net.Socket.connect(Socket.java:751) ~[na:na]
	at org.postgresql.core.PGStream.createSocket(PGStream.java:243) ~[postgresql-42.7.1.jar:42.7.1]
	at org.postgresql.core.PGStream.<init>(PGStream.java:98) ~[postgresql-42.7.1.jar:42.7.1]
	at org.postgresql.core.v3.ConnectionFactoryImpl.tryConnect(ConnectionFactoryImpl.java:132) ~[postgresql-42.7.1.jar:42.7.1]
	at org.postgresql.core.v3.ConnectionFactoryImpl.openConnectionImpl(ConnectionFactoryImpl.java:258) ~[postgresql-42.7.1.jar:42.7.1]
	... 118 common frames omitted

2026-02-05 14:26:48.475  WARN 2945 --- [           main] o.h.engine.jdbc.spi.SqlExceptionHelper   : SQL Error: 0, SQLState: 08001
2026-02-05 14:26:48.475 ERROR 2945 --- [           main] o.h.engine.jdbc.spi.SqlExceptionHelper   : Connection to localhost:5432 refused. Check that the hostname and port are correct and that the postmaster is accepting TCP/IP connections.
2026-02-05 14:26:48.478 ERROR 2945 --- [           main] j.LocalContainerEntityManagerFactoryBean : Failed to initialize JPA EntityManagerFactory: [PersistenceUnit: default] Unable to build Hibernate SessionFactory; nested exception is org.hibernate.exception.JDBCConnectionException: Unable to open JDBC Connection for DDL execution
2026-02-05 14:26:48.479  WARN 2945 --- [           main] s.c.a.AnnotationConfigApplicationContext : Exception encountered during context initialization - cancelling refresh attempt: org.springframework.beans.factory.BeanCreationException: Error creating bean with name 'entityManagerFactory' defined in class path resource [org/springframework/boot/autoconfigure/orm/jpa/HibernateJpaConfiguration.class]: Invocation of init method failed; nested exception is javax.persistence.PersistenceException: [PersistenceUnit: default] Unable to build Hibernate SessionFactory; nested exception is org.hibernate.exception.JDBCConnectionException: Unable to open JDBC Connection for DDL execution
2026-02-05 14:26:48.483  INFO 2945 --- [           main] ConditionEvaluationReportLoggingListener : 

Error starting ApplicationContext. To display the conditions report re-run your application with 'debug' enabled.
2026-02-05 14:26:48.495 ERROR 2945 --- [           main] o.s.boot.SpringApplication               : Application run failed

org.springframework.beans.factory.BeanCreationException: Error creating bean with name 'entityManagerFactory' defined in class path resource [org/springframework/boot/autoconfigure/orm/jpa/HibernateJpaConfiguration.class]: Invocation of init method failed; nested exception is javax.persistence.PersistenceException: [PersistenceUnit: default] Unable to build Hibernate SessionFactory; nested exception is org.hibernate.exception.JDBCConnectionException: Unable to open JDBC Connection for DDL execution
	at org.springframework.beans.factory.support.AbstractAutowireCapableBeanFactory.initializeBean(AbstractAutowireCapableBeanFactory.java:1804) ~[spring-beans-5.3.31.jar:5.3.31]
	at org.springframework.beans.factory.support.AbstractAutowireCapableBeanFactory.doCreateBean(AbstractAutowireCapableBeanFactory.java:620) ~[spring-beans-5.3.31.jar:5.3.31]
	at org.springframework.beans.factory.support.AbstractAutowireCapableBeanFactory.createBean(AbstractAutowireCapableBeanFactory.java:542) ~[spring-beans-5.3.31.jar:5.3.31]
	at org.springframework.beans.factory.support.AbstractBeanFactory.lambda$doGetBean$0(AbstractBeanFactory.java:335) ~[spring-beans-5.3.31.jar:5.3.31]
	at org.springframework.beans.factory.support.DefaultSingletonBeanRegistry.getSingleton(DefaultSingletonBeanRegistry.java:234) ~[spring-beans-5.3.31.jar:5.3.31]
	at org.springframework.beans.factory.support.AbstractBeanFactory.doGetBean(AbstractBeanFactory.java:333) ~[spring-beans-5.3.31.jar:5.3.31]
	at org.springframework.beans.factory.support.AbstractBeanFactory.getBean(AbstractBeanFactory.java:208) ~[spring-beans-5.3.31.jar:5.3.31]
	at org.springframework.context.support.AbstractApplicationContext.getBean(AbstractApplicationContext.java:1168) ~[spring-context-5.3.31.jar:5.3.31]
	at org.springframework.context.support.AbstractApplicationContext.finishBeanFactoryInitialization(AbstractApplicationContext.java:919) ~[spring-context-5.3.31.jar:5.3.31]
	at org.springframework.context.support.AbstractApplicationContext.refresh(AbstractApplicationContext.java:591) ~[spring-context-5.3.31.jar:5.3.31]
	at org.springframework.boot.SpringApplication.refresh(SpringApplication.java:732) ~[spring-boot-2.7.18.jar:2.7.18]
	at org.springframework.boot.SpringApplication.refreshContext(SpringApplication.java:409) ~[spring-boot-2.7.18.jar:2.7.18]
	at org.springframework.boot.SpringApplication.run(SpringApplication.java:308) ~[spring-boot-2.7.18.jar:2.7.18]
	at org.springframework.boot.test.context.SpringBootContextLoader.loadContext(SpringBootContextLoader.java:136) ~[spring-boot-test-2.7.18.jar:2.7.18]
	at org.springframework.test.context.cache.DefaultCacheAwareContextLoaderDelegate.loadContextInternal(DefaultCacheAwareContextLoaderDelegate.java:141) ~[spring-test-5.3.31.jar:5.3.31]
	at org.springframework.test.context.cache.DefaultCacheAwareContextLoaderDelegate.loadContext(DefaultCacheAwareContextLoaderDelegate.java:90) ~[spring-test-5.3.31.jar:5.3.31]
	at org.springframework.test.context.support.DefaultTestContext.getApplicationContext(DefaultTestContext.java:124) ~[spring-test-5.3.31.jar:5.3.31]
	at org.springframework.test.context.support.DependencyInjectionTestExecutionListener.injectDependencies(DependencyInjectionTestExecutionListener.java:118) ~[spring-test-5.3.31.jar:5.3.31]
	at org.springframework.test.context.support.DependencyInjectionTestExecutionListener.prepareTestInstance(DependencyInjectionTestExecutionListener.java:83) ~[spring-test-5.3.31.jar:5.3.31]
	at org.springframework.boot.test.autoconfigure.SpringBootDependencyInjectionTestExecutionListener.prepareTestInstance(SpringBootDependencyInjectionTestExecutionListener.java:43) ~[spring-boot-test-autoconfigure-2.7.18.jar:2.7.18]
	at org.springframework.test.context.TestContextManager.prepareTestInstance(TestContextManager.java:248) ~[spring-test-5.3.31.jar:5.3.31]
	at org.springframework.test.context.junit.jupiter.SpringExtension.postProcessTestInstance(SpringExtension.java:138) ~[spring-test-5.3.31.jar:5.3.31]
	at org.junit.jupiter.engine.descriptor.ClassBasedTestDescriptor.lambda$invokeTestInstancePostProcessors$10(ClassBasedTestDescriptor.java:377) ~[junit-jupiter-engine-5.9.3.jar:5.9.3]
	at org.junit.jupiter.engine.descriptor.ClassBasedTestDescriptor.executeAndMaskThrowable(ClassBasedTestDescriptor.java:382) ~[junit-jupiter-engine-5.9.3.jar:5.9.3]
	at org.junit.jupiter.engine.descriptor.ClassBasedTestDescriptor.lambda$invokeTestInstancePostProcessors$11(ClassBasedTestDescriptor.java:377) ~[junit-jupiter-engine-5.9.3.jar:5.9.3]
	at java.base/java.util.stream.ReferencePipeline$3$1.accept(ReferencePipeline.java:197) ~[na:na]
	at java.base/java.util.stream.ReferencePipeline$2$1.accept(ReferencePipeline.java:179) ~[na:na]
	at java.base/java.util.ArrayList$ArrayListSpliterator.forEachRemaining(ArrayList.java:1708) ~[na:na]
	at java.base/java.util.stream.AbstractPipeline.copyInto(AbstractPipeline.java:509) ~[na:na]
	at java.base/java.util.stream.AbstractPipeline.wrapAndCopyInto(AbstractPipeline.java:499) ~[na:na]
	at java.base/java.util.stream.StreamSpliterators$WrappingSpliterator.forEachRemaining(StreamSpliterators.java:310) ~[na:na]
	at java.base/java.util.stream.Streams$ConcatSpliterator.forEachRemaining(Streams.java:735) ~[na:na]
	at java.base/java.util.stream.Streams$ConcatSpliterator.forEachRemaining(Streams.java:734) ~[na:na]
	at java.base/java.util.stream.ReferencePipeline$Head.forEach(ReferencePipeline.java:762) ~[na:na]
	at org.junit.jupiter.engine.descriptor.ClassBasedTestDescriptor.invokeTestInstancePostProcessors(ClassBasedTestDescriptor.java:376) ~[junit-jupiter-engine-5.9.3.jar:5.9.3]
	at org.junit.jupiter.engine.descriptor.ClassBasedTestDescriptor.lambda$instantiateAndPostProcessTestInstance$6(ClassBasedTestDescriptor.java:289) ~[junit-jupiter-engine-5.9.3.jar:5.9.3]
	at org.junit.platform.engine.support.hierarchical.ThrowableCollector.execute(ThrowableCollector.java:73) ~[junit-platform-engine-1.8.2.jar:1.8.2]
	at org.junit.jupiter.engine.descriptor.ClassBasedTestDescriptor.instantiateAndPostProcessTestInstance(ClassBasedTestDescriptor.java:288) ~[junit-jupiter-engine-5.9.3.jar:5.9.3]
	at org.junit.jupiter.engine.descriptor.ClassBasedTestDescriptor.lambda$testInstancesProvider$4(ClassBasedTestDescriptor.java:278) ~[junit-jupiter-engine-5.9.3.jar:5.9.3]
	at java.base/java.util.Optional.orElseGet(Optional.java:364) ~[na:na]
	at org.junit.jupiter.engine.descriptor.ClassBasedTestDescriptor.lambda$testInstancesProvider$5(ClassBasedTestDescriptor.java:277) ~[junit-jupiter-engine-5.9.3.jar:5.9.3]
	at org.junit.jupiter.engine.execution.TestInstancesProvider.getTestInstances(TestInstancesProvider.java:31) ~[junit-jupiter-engine-5.9.3.jar:5.9.3]
	at org.junit.jupiter.engine.descriptor.TestMethodTestDescriptor.lambda$prepare$0(TestMethodTestDescriptor.java:105) ~[junit-jupiter-engine-5.9.3.jar:5.9.3]
	at org.junit.platform.engine.support.hierarchical.ThrowableCollector.execute(ThrowableCollector.java:73) ~[junit-platform-engine-1.8.2.jar:1.8.2]
	at org.junit.jupiter.engine.descriptor.TestMethodTestDescriptor.prepare(TestMethodTestDescriptor.java:104) ~[junit-jupiter-engine-5.9.3.jar:5.9.3]
	at org.junit.jupiter.engine.descriptor.TestMethodTestDescriptor.prepare(TestMethodTestDescriptor.java:68) ~[junit-jupiter-engine-5.9.3.jar:5.9.3]
	at org.junit.platform.engine.support.hierarchical.NodeTestTask.lambda$prepare$2(NodeTestTask.java:123) ~[junit-platform-engine-1.8.2.jar:1.8.2]
	at org.junit.platform.engine.support.hierarchical.ThrowableCollector.execute(ThrowableCollector.java:73) ~[junit-platform-engine-1.8.2.jar:1.8.2]
	at org.junit.platform.engine.support.hierarchical.NodeTestTask.prepare(NodeTestTask.java:123) ~[junit-platform-engine-1.8.2.jar:1.8.2]
	at org.junit.platform.engine.support.hierarchical.NodeTestTask.execute(NodeTestTask.java:90) ~[junit-platform-engine-1.8.2.jar:1.8.2]
	at java.base/java.util.ArrayList.forEach(ArrayList.java:1596) ~[na:na]
	at org.junit.platform.engine.support.hierarchical.SameThreadHierarchicalTestExecutorService.invokeAll(SameThreadHierarchicalTestExecutorService.java:41) ~[junit-platform-engine-1.8.2.jar:1.8.2]
	at org.junit.platform.engine.support.hierarchical.NodeTestTask.lambda$executeRecursively$6(NodeTestTask.java:155) ~[junit-platform-engine-1.8.2.jar:1.8.2]
	at org.junit.platform.engine.support.hierarchical.ThrowableCollector.execute(ThrowableCollector.java:73) ~[junit-platform-engine-1.8.2.jar:1.8.2]
	at org.junit.platform.engine.support.hierarchical.NodeTestTask.lambda$executeRecursively$8(NodeTestTask.java:141) ~[junit-platform-engine-1.8.2.jar:1.8.2]
	at org.junit.platform.engine.support.hierarchical.Node.around(Node.java:137) ~[junit-platform-engine-1.8.2.jar:1.8.2]
	at org.junit.platform.engine.support.hierarchical.NodeTestTask.lambda$executeRecursively$9(NodeTestTask.java:139) ~[junit-platform-engine-1.8.2.jar:1.8.2]
	at org.junit.platform.engine.support.hierarchical.ThrowableCollector.execute(ThrowableCollector.java:73) ~[junit-platform-engine-1.8.2.jar:1.8.2]
	at org.junit.platform.engine.support.hierarchical.NodeTestTask.executeRecursively(NodeTestTask.java:138) ~[junit-platform-engine-1.8.2.jar:1.8.2]
	at org.junit.platform.engine.support.hierarchical.NodeTestTask.execute(NodeTestTask.java:95) ~[junit-platform-engine-1.8.2.jar:1.8.2]
	at java.base/java.util.ArrayList.forEach(ArrayList.java:1596) ~[na:na]
	at org.junit.platform.engine.support.hierarchical.SameThreadHierarchicalTestExecutorService.invokeAll(SameThreadHierarchicalTestExecutorService.java:41) ~[junit-platform-engine-1.8.2.jar:1.8.2]
	at org.junit.platform.engine.support.hierarchical.NodeTestTask.lambda$executeRecursively$6(NodeTestTask.java:155) ~[junit-platform-engine-1.8.2.jar:1.8.2]
	at org.junit.platform.engine.support.hierarchical.ThrowableCollector.execute(ThrowableCollector.java:73) ~[junit-platform-engine-1.8.2.jar:1.8.2]
	at org.junit.platform.engine.support.hierarchical.NodeTestTask.lambda$executeRecursively$8(NodeTestTask.java:141) ~[junit-platform-engine-1.8.2.jar:1.8.2]
	at org.junit.platform.engine.support.hierarchical.Node.around(Node.java:137) ~[junit-platform-engine-1.8.2.jar:1.8.2]
	at org.junit.platform.engine.support.hierarchical.NodeTestTask.lambda$executeRecursively$9(NodeTestTask.java:139) ~[junit-platform-engine-1.8.2.jar:1.8.2]
	at org.junit.platform.engine.support.hierarchical.ThrowableCollector.execute(ThrowableCollector.java:73) ~[junit-platform-engine-1.8.2.jar:1.8.2]
	at org.junit.platform.engine.support.hierarchical.NodeTestTask.executeRecursively(NodeTestTask.java:138) ~[junit-platform-engine-1.8.2.jar:1.8.2]
	at org.junit.platform.engine.support.hierarchical.NodeTestTask.execute(NodeTestTask.java:95) ~[junit-platform-engine-1.8.2.jar:1.8.2]
	at org.junit.platform.engine.support.hierarchical.SameThreadHierarchicalTestExecutorService.submit(SameThreadHierarchicalTestExecutorService.java:35) ~[junit-platform-engine-1.8.2.jar:1.8.2]
	at org.junit.platform.engine.support.hierarchical.HierarchicalTestExecutor.execute(HierarchicalTestExecutor.java:57) ~[junit-platform-engine-1.8.2.jar:1.8.2]
	at org.junit.platform.engine.support.hierarchical.HierarchicalTestEngine.execute(HierarchicalTestEngine.java:54) ~[junit-platform-engine-1.8.2.jar:1.8.2]
	at org.junit.platform.launcher.core.DefaultLauncher.execute(DefaultLauncher.java:220) ~[junit-platform-launcher-1.3.1.jar:1.3.1]
	at org.junit.platform.launcher.core.DefaultLauncher.lambda$execute$6(DefaultLauncher.java:188) ~[junit-platform-launcher-1.3.1.jar:1.3.1]
	at org.junit.platform.launcher.core.DefaultLauncher.withInterceptedStreams(DefaultLauncher.java:202) ~[junit-platform-launcher-1.3.1.jar:1.3.1]
	at org.junit.platform.launcher.core.DefaultLauncher.execute(DefaultLauncher.java:181) ~[junit-platform-launcher-1.3.1.jar:1.3.1]
	at org.junit.platform.launcher.core.DefaultLauncher.execute(DefaultLauncher.java:128) ~[junit-platform-launcher-1.3.1.jar:1.3.1]
	at org.apache.maven.surefire.junitplatform.JUnitPlatformProvider.invokeAllTests(JUnitPlatformProvider.java:150) ~[surefire-junit-platform-2.22.2.jar:2.22.2]
	at org.apache.maven.surefire.junitplatform.JUnitPlatformProvider.invoke(JUnitPlatformProvider.java:124) ~[surefire-junit-platform-2.22.2.jar:2.22.2]
	at org.apache.maven.surefire.booter.ForkedBooter.invokeProviderInSameClassLoader(ForkedBooter.java:384) ~[surefire-booter-2.22.2.jar:2.22.2]
	at org.apache.maven.surefire.booter.ForkedBooter.runSuitesInProcess(ForkedBooter.java:345) ~[surefire-booter-2.22.2.jar:2.22.2]
	at org.apache.maven.surefire.booter.ForkedBooter.execute(ForkedBooter.java:126) ~[surefire-booter-2.22.2.jar:2.22.2]
	at org.apache.maven.surefire.booter.ForkedBooter.main(ForkedBooter.java:418) ~[surefire-booter-2.22.2.jar:2.22.2]
Caused by: javax.persistence.PersistenceException: [PersistenceUnit: default] Unable to build Hibernate SessionFactory; nested exception is org.hibernate.exception.JDBCConnectionException: Unable to open JDBC Connection for DDL execution
	at org.springframework.orm.jpa.AbstractEntityManagerFactoryBean.buildNativeEntityManagerFactory(AbstractEntityManagerFactoryBean.java:421) ~[spring-orm-5.3.31.jar:5.3.31]
	at org.springframework.orm.jpa.AbstractEntityManagerFactoryBean.afterPropertiesSet(AbstractEntityManagerFactoryBean.java:396) ~[spring-orm-5.3.31.jar:5.3.31]
	at org.springframework.orm.jpa.LocalContainerEntityManagerFactoryBean.afterPropertiesSet(LocalContainerEntityManagerFactoryBean.java:341) ~[spring-orm-5.3.31.jar:5.3.31]
	at org.springframework.beans.factory.support.AbstractAutowireCapableBeanFactory.invokeInitMethods(AbstractAutowireCapableBeanFactory.java:1863) ~[spring-beans-5.3.31.jar:5.3.31]
	at org.springframework.beans.factory.support.AbstractAutowireCapableBeanFactory.initializeBean(AbstractAutowireCapableBeanFactory.java:1800) ~[spring-beans-5.3.31.jar:5.3.31]
	... 83 common frames omitted
Caused by: org.hibernate.exception.JDBCConnectionException: Unable to open JDBC Connection for DDL execution
	at org.hibernate.exception.internal.SQLStateConversionDelegate.convert(SQLStateConversionDelegate.java:112) ~[hibernate-core-5.6.15.Final.jar:5.6.15.Final]
	at org.hibernate.exception.internal.StandardSQLExceptionConverter.convert(StandardSQLExceptionConverter.java:37) ~[hibernate-core-5.6.15.Final.jar:5.6.15.Final]
	at org.hibernate.engine.jdbc.spi.SqlExceptionHelper.convert(SqlExceptionHelper.java:113) ~[hibernate-core-5.6.15.Final.jar:5.6.15.Final]
	at org.hibernate.engine.jdbc.spi.SqlExceptionHelper.convert(SqlExceptionHelper.java:99) ~[hibernate-core-5.6.15.Final.jar:5.6.15.Final]
	at org.hibernate.resource.transaction.backend.jdbc.internal.DdlTransactionIsolatorNonJtaImpl.getIsolatedConnection(DdlTransactionIsolatorNonJtaImpl.java:71) ~[hibernate-core-5.6.15.Final.jar:5.6.15.Final]
	at org.hibernate.tool.schema.internal.exec.GenerationTargetToDatabase.jdbcStatement(GenerationTargetToDatabase.java:77) ~[hibernate-core-5.6.15.Final.jar:5.6.15.Final]
	at org.hibernate.tool.schema.internal.exec.GenerationTargetToDatabase.accept(GenerationTargetToDatabase.java:53) ~[hibernate-core-5.6.15.Final.jar:5.6.15.Final]
	at org.hibernate.tool.schema.internal.SchemaDropperImpl.applySqlString(SchemaDropperImpl.java:387) ~[hibernate-core-5.6.15.Final.jar:5.6.15.Final]
	at org.hibernate.tool.schema.internal.SchemaDropperImpl.applySqlStrings(SchemaDropperImpl.java:371) ~[hibernate-core-5.6.15.Final.jar:5.6.15.Final]
	at org.hibernate.tool.schema.internal.SchemaDropperImpl.applyConstraintDropping(SchemaDropperImpl.java:341) ~[hibernate-core-5.6.15.Final.jar:5.6.15.Final]
	at org.hibernate.tool.schema.internal.SchemaDropperImpl.dropFromMetadata(SchemaDropperImpl.java:235) ~[hibernate-core-5.6.15.Final.jar:5.6.15.Final]
	at org.hibernate.tool.schema.internal.SchemaDropperImpl.performDrop(SchemaDropperImpl.java:156) ~[hibernate-core-5.6.15.Final.jar:5.6.15.Final]
	at org.hibernate.tool.schema.internal.SchemaDropperImpl.doDrop(SchemaDropperImpl.java:128) ~[hibernate-core-5.6.15.Final.jar:5.6.15.Final]
	at org.hibernate.tool.schema.internal.SchemaDropperImpl.doDrop(SchemaDropperImpl.java:114) ~[hibernate-core-5.6.15.Final.jar:5.6.15.Final]
	at org.hibernate.tool.schema.spi.SchemaManagementToolCoordinator.performDatabaseAction(SchemaManagementToolCoordinator.java:157) ~[hibernate-core-5.6.15.Final.jar:5.6.15.Final]
	at org.hibernate.tool.schema.spi.SchemaManagementToolCoordinator.process(SchemaManagementToolCoordinator.java:85) ~[hibernate-core-5.6.15.Final.jar:5.6.15.Final]
	at org.hibernate.internal.SessionFactoryImpl.<init>(SessionFactoryImpl.java:335) ~[hibernate-core-5.6.15.Final.jar:5.6.15.Final]
	at org.hibernate.boot.internal.SessionFactoryBuilderImpl.build(SessionFactoryBuilderImpl.java:471) ~[hibernate-core-5.6.15.Final.jar:5.6.15.Final]
	at org.hibernate.jpa.boot.internal.EntityManagerFactoryBuilderImpl.build(EntityManagerFactoryBuilderImpl.java:1498) ~[hibernate-core-5.6.15.Final.jar:5.6.15.Final]
	at org.springframework.orm.jpa.vendor.SpringHibernateJpaPersistenceProvider.createContainerEntityManagerFactory(SpringHibernateJpaPersistenceProvider.java:58) ~[spring-orm-5.3.31.jar:5.3.31]
	at org.springframework.orm.jpa.LocalContainerEntityManagerFactoryBean.createNativeEntityManagerFactory(LocalContainerEntityManagerFactoryBean.java:365) ~[spring-orm-5.3.31.jar:5.3.31]
	at org.springframework.orm.jpa.AbstractEntityManagerFactoryBean.buildNativeEntityManagerFactory(AbstractEntityManagerFactoryBean.java:409) ~[spring-orm-5.3.31.jar:5.3.31]
	... 87 common frames omitted
Caused by: org.postgresql.util.PSQLException: Connection to localhost:5432 refused. Check that the hostname and port are correct and that the postmaster is accepting TCP/IP connections.
	at org.postgresql.core.v3.ConnectionFactoryImpl.openConnectionImpl(ConnectionFactoryImpl.java:342) ~[postgresql-42.7.1.jar:42.7.1]
	at org.postgresql.core.ConnectionFactory.openConnection(ConnectionFactory.java:54) ~[postgresql-42.7.1.jar:42.7.1]
	at org.postgresql.jdbc.PgConnection.<init>(PgConnection.java:263) ~[postgresql-42.7.1.jar:42.7.1]
	at org.postgresql.Driver.makeConnection(Driver.java:444) ~[postgresql-42.7.1.jar:42.7.1]
	at org.postgresql.Driver.connect(Driver.java:297) ~[postgresql-42.7.1.jar:42.7.1]
	at com.zaxxer.hikari.util.DriverDataSource.getConnection(DriverDataSource.java:138) ~[HikariCP-4.0.3.jar:na]
	at com.zaxxer.hikari.pool.PoolBase.newConnection(PoolBase.java:364) ~[HikariCP-4.0.3.jar:na]
	at com.zaxxer.hikari.pool.PoolBase.newPoolEntry(PoolBase.java:206) ~[HikariCP-4.0.3.jar:na]
	at com.zaxxer.hikari.pool.HikariPool.createPoolEntry(HikariPool.java:476) ~[HikariCP-4.0.3.jar:na]
	at com.zaxxer.hikari.pool.HikariPool.checkFailFast(HikariPool.java:561) ~[HikariCP-4.0.3.jar:na]
	at com.zaxxer.hikari.pool.HikariPool.<init>(HikariPool.java:115) ~[HikariCP-4.0.3.jar:na]
	at com.zaxxer.hikari.HikariDataSource.getConnection(HikariDataSource.java:112) ~[HikariCP-4.0.3.jar:na]
	at org.hibernate.engine.jdbc.connections.internal.DatasourceConnectionProviderImpl.getConnection(DatasourceConnectionProviderImpl.java:122) ~[hibernate-core-5.6.15.Final.jar:5.6.15.Final]
	at org.hibernate.engine.jdbc.env.internal.JdbcEnvironmentInitiator$ConnectionProviderJdbcConnectionAccess.obtainConnection(JdbcEnvironmentInitiator.java:181) ~[hibernate-core-5.6.15.Final.jar:5.6.15.Final]
	at org.hibernate.resource.transaction.backend.jdbc.internal.DdlTransactionIsolatorNonJtaImpl.getIsolatedConnection(DdlTransactionIsolatorNonJtaImpl.java:44) ~[hibernate-core-5.6.15.Final.jar:5.6.15.Final]
	... 104 common frames omitted
Caused by: java.net.ConnectException: Connection refused
	at java.base/sun.nio.ch.Net.pollConnect(Native Method) ~[na:na]
	at java.base/sun.nio.ch.Net.pollConnectNow(Net.java:682) ~[na:na]
	at java.base/sun.nio.ch.NioSocketImpl.timedFinishConnect(NioSocketImpl.java:542) ~[na:na]
	at java.base/sun.nio.ch.NioSocketImpl.connect(NioSocketImpl.java:592) ~[na:na]
	at java.base/java.net.SocksSocketImpl.connect(SocksSocketImpl.java:327) ~[na:na]
	at java.base/java.net.Socket.connect(Socket.java:751) ~[na:na]
	at org.postgresql.core.PGStream.createSocket(PGStream.java:243) ~[postgresql-42.7.1.jar:42.7.1]
	at org.postgresql.core.PGStream.<init>(PGStream.java:98) ~[postgresql-42.7.1.jar:42.7.1]
	at org.postgresql.core.v3.ConnectionFactoryImpl.tryConnect(ConnectionFactoryImpl.java:132) ~[postgresql-42.7.1.jar:42.7.1]
	at org.postgresql.core.v3.ConnectionFactoryImpl.openConnectionImpl(ConnectionFactoryImpl.java:258) ~[postgresql-42.7.1.jar:42.7.1]
	... 118 common frames omitted

2026-02-05 14:26:48.496 ERROR 2945 --- [           main] o.s.test.context.TestContextManager      : Caught exception while allowing TestExecutionListener [org.springframework.boot.test.autoconfigure.SpringBootDependencyInjectionTestExecutionListener@77b5148c] to prepare test instance [crm.repository.RoleRepositoryTest@5e50df2e]

java.lang.IllegalStateException: Failed to load ApplicationContext
	at org.springframework.test.context.cache.DefaultCacheAwareContextLoaderDelegate.loadContext(DefaultCacheAwareContextLoaderDelegate.java:98) ~[spring-test-5.3.31.jar:5.3.31]
	at org.springframework.test.context.support.DefaultTestContext.getApplicationContext(DefaultTestContext.java:124) ~[spring-test-5.3.31.jar:5.3.31]
	at org.springframework.test.context.support.DependencyInjectionTestExecutionListener.injectDependencies(DependencyInjectionTestExecutionListener.java:118) ~[spring-test-5.3.31.jar:5.3.31]
	at org.springframework.test.context.support.DependencyInjectionTestExecutionListener.prepareTestInstance(DependencyInjectionTestExecutionListener.java:83) ~[spring-test-5.3.31.jar:5.3.31]
	at org.springframework.boot.test.autoconfigure.SpringBootDependencyInjectionTestExecutionListener.prepareTestInstance(SpringBootDependencyInjectionTestExecutionListener.java:43) ~[spring-boot-test-autoconfigure-2.7.18.jar:2.7.18]
	at org.springframework.test.context.TestContextManager.prepareTestInstance(TestContextManager.java:248) ~[spring-test-5.3.31.jar:5.3.31]
	at org.springframework.test.context.junit.jupiter.SpringExtension.postProcessTestInstance(SpringExtension.java:138) ~[spring-test-5.3.31.jar:5.3.31]
	at org.junit.jupiter.engine.descriptor.ClassBasedTestDescriptor.lambda$invokeTestInstancePostProcessors$10(ClassBasedTestDescriptor.java:377) ~[junit-jupiter-engine-5.9.3.jar:5.9.3]
	at org.junit.jupiter.engine.descriptor.ClassBasedTestDescriptor.executeAndMaskThrowable(ClassBasedTestDescriptor.java:382) ~[junit-jupiter-engine-5.9.3.jar:5.9.3]
	at org.junit.jupiter.engine.descriptor.ClassBasedTestDescriptor.lambda$invokeTestInstancePostProcessors$11(ClassBasedTestDescriptor.java:377) ~[junit-jupiter-engine-5.9.3.jar:5.9.3]
	at java.base/java.util.stream.ReferencePipeline$3$1.accept(ReferencePipeline.java:197) ~[na:na]
	at java.base/java.util.stream.ReferencePipeline$2$1.accept(ReferencePipeline.java:179) ~[na:na]
	at java.base/java.util.ArrayList$ArrayListSpliterator.forEachRemaining(ArrayList.java:1708) ~[na:na]
	at java.base/java.util.stream.AbstractPipeline.copyInto(AbstractPipeline.java:509) ~[na:na]
	at java.base/java.util.stream.AbstractPipeline.wrapAndCopyInto(AbstractPipeline.java:499) ~[na:na]
	at java.base/java.util.stream.StreamSpliterators$WrappingSpliterator.forEachRemaining(StreamSpliterators.java:310) ~[na:na]
	at java.base/java.util.stream.Streams$ConcatSpliterator.forEachRemaining(Streams.java:735) ~[na:na]
	at java.base/java.util.stream.Streams$ConcatSpliterator.forEachRemaining(Streams.java:734) ~[na:na]
	at java.base/java.util.stream.ReferencePipeline$Head.forEach(ReferencePipeline.java:762) ~[na:na]
	at org.junit.jupiter.engine.descriptor.ClassBasedTestDescriptor.invokeTestInstancePostProcessors(ClassBasedTestDescriptor.java:376) ~[junit-jupiter-engine-5.9.3.jar:5.9.3]
	at org.junit.jupiter.engine.descriptor.ClassBasedTestDescriptor.lambda$instantiateAndPostProcessTestInstance$6(ClassBasedTestDescriptor.java:289) ~[junit-jupiter-engine-5.9.3.jar:5.9.3]
	at org.junit.platform.engine.support.hierarchical.ThrowableCollector.execute(ThrowableCollector.java:73) ~[junit-platform-engine-1.8.2.jar:1.8.2]
	at org.junit.jupiter.engine.descriptor.ClassBasedTestDescriptor.instantiateAndPostProcessTestInstance(ClassBasedTestDescriptor.java:288) ~[junit-jupiter-engine-5.9.3.jar:5.9.3]
	at org.junit.jupiter.engine.descriptor.ClassBasedTestDescriptor.lambda$testInstancesProvider$4(ClassBasedTestDescriptor.java:278) ~[junit-jupiter-engine-5.9.3.jar:5.9.3]
	at java.base/java.util.Optional.orElseGet(Optional.java:364) ~[na:na]
	at org.junit.jupiter.engine.descriptor.ClassBasedTestDescriptor.lambda$testInstancesProvider$5(ClassBasedTestDescriptor.java:277) ~[junit-jupiter-engine-5.9.3.jar:5.9.3]
	at org.junit.jupiter.engine.execution.TestInstancesProvider.getTestInstances(TestInstancesProvider.java:31) ~[junit-jupiter-engine-5.9.3.jar:5.9.3]
	at org.junit.jupiter.engine.descriptor.TestMethodTestDescriptor.lambda$prepare$0(TestMethodTestDescriptor.java:105) ~[junit-jupiter-engine-5.9.3.jar:5.9.3]
	at org.junit.platform.engine.support.hierarchical.ThrowableCollector.execute(ThrowableCollector.java:73) ~[junit-platform-engine-1.8.2.jar:1.8.2]
	at org.junit.jupiter.engine.descriptor.TestMethodTestDescriptor.prepare(TestMethodTestDescriptor.java:104) ~[junit-jupiter-engine-5.9.3.jar:5.9.3]
	at org.junit.jupiter.engine.descriptor.TestMethodTestDescriptor.prepare(TestMethodTestDescriptor.java:68) ~[junit-jupiter-engine-5.9.3.jar:5.9.3]
	at org.junit.platform.engine.support.hierarchical.NodeTestTask.lambda$prepare$2(NodeTestTask.java:123) ~[junit-platform-engine-1.8.2.jar:1.8.2]
	at org.junit.platform.engine.support.hierarchical.ThrowableCollector.execute(ThrowableCollector.java:73) ~[junit-platform-engine-1.8.2.jar:1.8.2]
	at org.junit.platform.engine.support.hierarchical.NodeTestTask.prepare(NodeTestTask.java:123) ~[junit-platform-engine-1.8.2.jar:1.8.2]
	at org.junit.platform.engine.support.hierarchical.NodeTestTask.execute(NodeTestTask.java:90) ~[junit-platform-engine-1.8.2.jar:1.8.2]
	at java.base/java.util.ArrayList.forEach(ArrayList.java:1596) ~[na:na]
	at org.junit.platform.engine.support.hierarchical.SameThreadHierarchicalTestExecutorService.invokeAll(SameThreadHierarchicalTestExecutorService.java:41) ~[junit-platform-engine-1.8.2.jar:1.8.2]
	at org.junit.platform.engine.support.hierarchical.NodeTestTask.lambda$executeRecursively$6(NodeTestTask.java:155) ~[junit-platform-engine-1.8.2.jar:1.8.2]
	at org.junit.platform.engine.support.hierarchical.ThrowableCollector.execute(ThrowableCollector.java:73) ~[junit-platform-engine-1.8.2.jar:1.8.2]
	at org.junit.platform.engine.support.hierarchical.NodeTestTask.lambda$executeRecursively$8(NodeTestTask.java:141) ~[junit-platform-engine-1.8.2.jar:1.8.2]
	at org.junit.platform.engine.support.hierarchical.Node.around(Node.java:137) ~[junit-platform-engine-1.8.2.jar:1.8.2]
	at org.junit.platform.engine.support.hierarchical.NodeTestTask.lambda$executeRecursively$9(NodeTestTask.java:139) ~[junit-platform-engine-1.8.2.jar:1.8.2]
	at org.junit.platform.engine.support.hierarchical.ThrowableCollector.execute(ThrowableCollector.java:73) ~[junit-platform-engine-1.8.2.jar:1.8.2]
	at org.junit.platform.engine.support.hierarchical.NodeTestTask.executeRecursively(NodeTestTask.java:138) ~[junit-platform-engine-1.8.2.jar:1.8.2]
	at org.junit.platform.engine.support.hierarchical.NodeTestTask.execute(NodeTestTask.java:95) ~[junit-platform-engine-1.8.2.jar:1.8.2]
	at java.base/java.util.ArrayList.forEach(ArrayList.java:1596) ~[na:na]
	at org.junit.platform.engine.support.hierarchical.SameThreadHierarchicalTestExecutorService.invokeAll(SameThreadHierarchicalTestExecutorService.java:41) ~[junit-platform-engine-1.8.2.jar:1.8.2]
	at org.junit.platform.engine.support.hierarchical.NodeTestTask.lambda$executeRecursively$6(NodeTestTask.java:155) ~[junit-platform-engine-1.8.2.jar:1.8.2]
	at org.junit.platform.engine.support.hierarchical.ThrowableCollector.execute(ThrowableCollector.java:73) ~[junit-platform-engine-1.8.2.jar:1.8.2]
	at org.junit.platform.engine.support.hierarchical.NodeTestTask.lambda$executeRecursively$8(NodeTestTask.java:141) ~[junit-platform-engine-1.8.2.jar:1.8.2]
	at org.junit.platform.engine.support.hierarchical.Node.around(Node.java:137) ~[junit-platform-engine-1.8.2.jar:1.8.2]
	at org.junit.platform.engine.support.hierarchical.NodeTestTask.lambda$executeRecursively$9(NodeTestTask.java:139) ~[junit-platform-engine-1.8.2.jar:1.8.2]
	at org.junit.platform.engine.support.hierarchical.ThrowableCollector.execute(ThrowableCollector.java:73) ~[junit-platform-engine-1.8.2.jar:1.8.2]
	at org.junit.platform.engine.support.hierarchical.NodeTestTask.executeRecursively(NodeTestTask.java:138) ~[junit-platform-engine-1.8.2.jar:1.8.2]
	at org.junit.platform.engine.support.hierarchical.NodeTestTask.execute(NodeTestTask.java:95) ~[junit-platform-engine-1.8.2.jar:1.8.2]
	at org.junit.platform.engine.support.hierarchical.SameThreadHierarchicalTestExecutorService.submit(SameThreadHierarchicalTestExecutorService.java:35) ~[junit-platform-engine-1.8.2.jar:1.8.2]
	at org.junit.platform.engine.support.hierarchical.HierarchicalTestExecutor.execute(HierarchicalTestExecutor.java:57) ~[junit-platform-engine-1.8.2.jar:1.8.2]
	at org.junit.platform.engine.support.hierarchical.HierarchicalTestEngine.execute(HierarchicalTestEngine.java:54) ~[junit-platform-engine-1.8.2.jar:1.8.2]
	at org.junit.platform.launcher.core.DefaultLauncher.execute(DefaultLauncher.java:220) ~[junit-platform-launcher-1.3.1.jar:1.3.1]
	at org.junit.platform.launcher.core.DefaultLauncher.lambda$execute$6(DefaultLauncher.java:188) ~[junit-platform-launcher-1.3.1.jar:1.3.1]
	at org.junit.platform.launcher.core.DefaultLauncher.withInterceptedStreams(DefaultLauncher.java:202) ~[junit-platform-launcher-1.3.1.jar:1.3.1]
	at org.junit.platform.launcher.core.DefaultLauncher.execute(DefaultLauncher.java:181) ~[junit-platform-launcher-1.3.1.jar:1.3.1]
	at org.junit.platform.launcher.core.DefaultLauncher.execute(DefaultLauncher.java:128) ~[junit-platform-launcher-1.3.1.jar:1.3.1]
	at org.apache.maven.surefire.junitplatform.JUnitPlatformProvider.invokeAllTests(JUnitPlatformProvider.java:150) ~[surefire-junit-platform-2.22.2.jar:2.22.2]
	at org.apache.maven.surefire.junitplatform.JUnitPlatformProvider.invoke(JUnitPlatformProvider.java:124) ~[surefire-junit-platform-2.22.2.jar:2.22.2]
	at org.apache.maven.surefire.booter.ForkedBooter.invokeProviderInSameClassLoader(ForkedBooter.java:384) ~[surefire-booter-2.22.2.jar:2.22.2]
	at org.apache.maven.surefire.booter.ForkedBooter.runSuitesInProcess(ForkedBooter.java:345) ~[surefire-booter-2.22.2.jar:2.22.2]
	at org.apache.maven.surefire.booter.ForkedBooter.execute(ForkedBooter.java:126) ~[surefire-booter-2.22.2.jar:2.22.2]
	at org.apache.maven.surefire.booter.ForkedBooter.main(ForkedBooter.java:418) ~[surefire-booter-2.22.2.jar:2.22.2]
Caused by: org.springframework.beans.factory.BeanCreationException: Error creating bean with name 'entityManagerFactory' defined in class path resource [org/springframework/boot/autoconfigure/orm/jpa/HibernateJpaConfiguration.class]: Invocation of init method failed; nested exception is javax.persistence.PersistenceException: [PersistenceUnit: default] Unable to build Hibernate SessionFactory; nested exception is org.hibernate.exception.JDBCConnectionException: Unable to open JDBC Connection for DDL execution
	at org.springframework.beans.factory.support.AbstractAutowireCapableBeanFactory.initializeBean(AbstractAutowireCapableBeanFactory.java:1804) ~[spring-beans-5.3.31.jar:5.3.31]
	at org.springframework.beans.factory.support.AbstractAutowireCapableBeanFactory.doCreateBean(AbstractAutowireCapableBeanFactory.java:620) ~[spring-beans-5.3.31.jar:5.3.31]
	at org.springframework.beans.factory.support.AbstractAutowireCapableBeanFactory.createBean(AbstractAutowireCapableBeanFactory.java:542) ~[spring-beans-5.3.31.jar:5.3.31]
	at org.springframework.beans.factory.support.AbstractBeanFactory.lambda$doGetBean$0(AbstractBeanFactory.java:335) ~[spring-beans-5.3.31.jar:5.3.31]
	at org.springframework.beans.factory.support.DefaultSingletonBeanRegistry.getSingleton(DefaultSingletonBeanRegistry.java:234) ~[spring-beans-5.3.31.jar:5.3.31]
	at org.springframework.beans.factory.support.AbstractBeanFactory.doGetBean(AbstractBeanFactory.java:333) ~[spring-beans-5.3.31.jar:5.3.31]
	at org.springframework.beans.factory.support.AbstractBeanFactory.getBean(AbstractBeanFactory.java:208) ~[spring-beans-5.3.31.jar:5.3.31]
	at org.springframework.context.support.AbstractApplicationContext.getBean(AbstractApplicationContext.java:1168) ~[spring-context-5.3.31.jar:5.3.31]
	at org.springframework.context.support.AbstractApplicationContext.finishBeanFactoryInitialization(AbstractApplicationContext.java:919) ~[spring-context-5.3.31.jar:5.3.31]
	at org.springframework.context.support.AbstractApplicationContext.refresh(AbstractApplicationContext.java:591) ~[spring-context-5.3.31.jar:5.3.31]
	at org.springframework.boot.SpringApplication.refresh(SpringApplication.java:732) ~[spring-boot-2.7.18.jar:2.7.18]
	at org.springframework.boot.SpringApplication.refreshContext(SpringApplication.java:409) ~[spring-boot-2.7.18.jar:2.7.18]
	at org.springframework.boot.SpringApplication.run(SpringApplication.java:308) ~[spring-boot-2.7.18.jar:2.7.18]
	at org.springframework.boot.test.context.SpringBootContextLoader.loadContext(SpringBootContextLoader.java:136) ~[spring-boot-test-2.7.18.jar:2.7.18]
	at org.springframework.test.context.cache.DefaultCacheAwareContextLoaderDelegate.loadContextInternal(DefaultCacheAwareContextLoaderDelegate.java:141) ~[spring-test-5.3.31.jar:5.3.31]
	at org.springframework.test.context.cache.DefaultCacheAwareContextLoaderDelegate.loadContext(DefaultCacheAwareContextLoaderDelegate.java:90) ~[spring-test-5.3.31.jar:5.3.31]
	... 68 common frames omitted
Caused by: javax.persistence.PersistenceException: [PersistenceUnit: default] Unable to build Hibernate SessionFactory; nested exception is org.hibernate.exception.JDBCConnectionException: Unable to open JDBC Connection for DDL execution
	at org.springframework.orm.jpa.AbstractEntityManagerFactoryBean.buildNativeEntityManagerFactory(AbstractEntityManagerFactoryBean.java:421) ~[spring-orm-5.3.31.jar:5.3.31]
	at org.springframework.orm.jpa.AbstractEntityManagerFactoryBean.afterPropertiesSet(AbstractEntityManagerFactoryBean.java:396) ~[spring-orm-5.3.31.jar:5.3.31]
	at org.springframework.orm.jpa.LocalContainerEntityManagerFactoryBean.afterPropertiesSet(LocalContainerEntityManagerFactoryBean.java:341) ~[spring-orm-5.3.31.jar:5.3.31]
	at org.springframework.beans.factory.support.AbstractAutowireCapableBeanFactory.invokeInitMethods(AbstractAutowireCapableBeanFactory.java:1863) ~[spring-beans-5.3.31.jar:5.3.31]
	at org.springframework.beans.factory.support.AbstractAutowireCapableBeanFactory.initializeBean(AbstractAutowireCapableBeanFactory.java:1800) ~[spring-beans-5.3.31.jar:5.3.31]
	... 83 common frames omitted
Caused by: org.hibernate.exception.JDBCConnectionException: Unable to open JDBC Connection for DDL execution
	at org.hibernate.exception.internal.SQLStateConversionDelegate.convert(SQLStateConversionDelegate.java:112) ~[hibernate-core-5.6.15.Final.jar:5.6.15.Final]
	at org.hibernate.exception.internal.StandardSQLExceptionConverter.convert(StandardSQLExceptionConverter.java:37) ~[hibernate-core-5.6.15.Final.jar:5.6.15.Final]
	at org.hibernate.engine.jdbc.spi.SqlExceptionHelper.convert(SqlExceptionHelper.java:113) ~[hibernate-core-5.6.15.Final.jar:5.6.15.Final]
	at org.hibernate.engine.jdbc.spi.SqlExceptionHelper.convert(SqlExceptionHelper.java:99) ~[hibernate-core-5.6.15.Final.jar:5.6.15.Final]
	at org.hibernate.resource.transaction.backend.jdbc.internal.DdlTransactionIsolatorNonJtaImpl.getIsolatedConnection(DdlTransactionIsolatorNonJtaImpl.java:71) ~[hibernate-core-5.6.15.Final.jar:5.6.15.Final]
	at org.hibernate.tool.schema.internal.exec.GenerationTargetToDatabase.jdbcStatement(GenerationTargetToDatabase.java:77) ~[hibernate-core-5.6.15.Final.jar:5.6.15.Final]
	at org.hibernate.tool.schema.internal.exec.GenerationTargetToDatabase.accept(GenerationTargetToDatabase.java:53) ~[hibernate-core-5.6.15.Final.jar:5.6.15.Final]
	at org.hibernate.tool.schema.internal.SchemaDropperImpl.applySqlString(SchemaDropperImpl.java:387) ~[hibernate-core-5.6.15.Final.jar:5.6.15.Final]
	at org.hibernate.tool.schema.internal.SchemaDropperImpl.applySqlStrings(SchemaDropperImpl.java:371) ~[hibernate-core-5.6.15.Final.jar:5.6.15.Final]
	at org.hibernate.tool.schema.internal.SchemaDropperImpl.applyConstraintDropping(SchemaDropperImpl.java:341) ~[hibernate-core-5.6.15.Final.jar:5.6.15.Final]
	at org.hibernate.tool.schema.internal.SchemaDropperImpl.dropFromMetadata(SchemaDropperImpl.java:235) ~[hibernate-core-5.6.15.Final.jar:5.6.15.Final]
	at org.hibernate.tool.schema.internal.SchemaDropperImpl.performDrop(SchemaDropperImpl.java:156) ~[hibernate-core-5.6.15.Final.jar:5.6.15.Final]
	at org.hibernate.tool.schema.internal.SchemaDropperImpl.doDrop(SchemaDropperImpl.java:128) ~[hibernate-core-5.6.15.Final.jar:5.6.15.Final]
	at org.hibernate.tool.schema.internal.SchemaDropperImpl.doDrop(SchemaDropperImpl.java:114) ~[hibernate-core-5.6.15.Final.jar:5.6.15.Final]
	at org.hibernate.tool.schema.spi.SchemaManagementToolCoordinator.performDatabaseAction(SchemaManagementToolCoordinator.java:157) ~[hibernate-core-5.6.15.Final.jar:5.6.15.Final]
	at org.hibernate.tool.schema.spi.SchemaManagementToolCoordinator.process(SchemaManagementToolCoordinator.java:85) ~[hibernate-core-5.6.15.Final.jar:5.6.15.Final]
	at org.hibernate.internal.SessionFactoryImpl.<init>(SessionFactoryImpl.java:335) ~[hibernate-core-5.6.15.Final.jar:5.6.15.Final]
	at org.hibernate.boot.internal.SessionFactoryBuilderImpl.build(SessionFactoryBuilderImpl.java:471) ~[hibernate-core-5.6.15.Final.jar:5.6.15.Final]
	at org.hibernate.jpa.boot.internal.EntityManagerFactoryBuilderImpl.build(EntityManagerFactoryBuilderImpl.java:1498) ~[hibernate-core-5.6.15.Final.jar:5.6.15.Final]
	at org.springframework.orm.jpa.vendor.SpringHibernateJpaPersistenceProvider.createContainerEntityManagerFactory(SpringHibernateJpaPersistenceProvider.java:58) ~[spring-orm-5.3.31.jar:5.3.31]
	at org.springframework.orm.jpa.LocalContainerEntityManagerFactoryBean.createNativeEntityManagerFactory(LocalContainerEntityManagerFactoryBean.java:365) ~[spring-orm-5.3.31.jar:5.3.31]
	at org.springframework.orm.jpa.AbstractEntityManagerFactoryBean.buildNativeEntityManagerFactory(AbstractEntityManagerFactoryBean.java:409) ~[spring-orm-5.3.31.jar:5.3.31]
	... 87 common frames omitted
Caused by: org.postgresql.util.PSQLException: Connection to localhost:5432 refused. Check that the hostname and port are correct and that the postmaster is accepting TCP/IP connections.
	at org.postgresql.core.v3.ConnectionFactoryImpl.openConnectionImpl(ConnectionFactoryImpl.java:342) ~[postgresql-42.7.1.jar:42.7.1]
	at org.postgresql.core.ConnectionFactory.openConnection(ConnectionFactory.java:54) ~[postgresql-42.7.1.jar:42.7.1]
	at org.postgresql.jdbc.PgConnection.<init>(PgConnection.java:263) ~[postgresql-42.7.1.jar:42.7.1]
	at org.postgresql.Driver.makeConnection(Driver.java:444) ~[postgresql-42.7.1.jar:42.7.1]
	at org.postgresql.Driver.connect(Driver.java:297) ~[postgresql-42.7.1.jar:42.7.1]
	at com.zaxxer.hikari.util.DriverDataSource.getConnection(DriverDataSource.java:138) ~[HikariCP-4.0.3.jar:na]
	at com.zaxxer.hikari.pool.PoolBase.newConnection(PoolBase.java:364) ~[HikariCP-4.0.3.jar:na]
	at com.zaxxer.hikari.pool.PoolBase.newPoolEntry(PoolBase.java:206) ~[HikariCP-4.0.3.jar:na]
	at com.zaxxer.hikari.pool.HikariPool.createPoolEntry(HikariPool.java:476) ~[HikariCP-4.0.3.jar:na]
	at com.zaxxer.hikari.pool.HikariPool.checkFailFast(HikariPool.java:561) ~[HikariCP-4.0.3.jar:na]
	at com.zaxxer.hikari.pool.HikariPool.<init>(HikariPool.java:115) ~[HikariCP-4.0.3.jar:na]
	at com.zaxxer.hikari.HikariDataSource.getConnection(HikariDataSource.java:112) ~[HikariCP-4.0.3.jar:na]
	at org.hibernate.engine.jdbc.connections.internal.DatasourceConnectionProviderImpl.getConnection(DatasourceConnectionProviderImpl.java:122) ~[hibernate-core-5.6.15.Final.jar:5.6.15.Final]
	at org.hibernate.engine.jdbc.env.internal.JdbcEnvironmentInitiator$ConnectionProviderJdbcConnectionAccess.obtainConnection(JdbcEnvironmentInitiator.java:181) ~[hibernate-core-5.6.15.Final.jar:5.6.15.Final]
	at org.hibernate.resource.transaction.backend.jdbc.internal.DdlTransactionIsolatorNonJtaImpl.getIsolatedConnection(DdlTransactionIsolatorNonJtaImpl.java:44) ~[hibernate-core-5.6.15.Final.jar:5.6.15.Final]
	... 104 common frames omitted
Caused by: java.net.ConnectException: Connection refused
	at java.base/sun.nio.ch.Net.pollConnect(Native Method) ~[na:na]
	at java.base/sun.nio.ch.Net.pollConnectNow(Net.java:682) ~[na:na]
	at java.base/sun.nio.ch.NioSocketImpl.timedFinishConnect(NioSocketImpl.java:542) ~[na:na]
	at java.base/sun.nio.ch.NioSocketImpl.connect(NioSocketImpl.java:592) ~[na:na]
	at java.base/java.net.SocksSocketImpl.connect(SocksSocketImpl.java:327) ~[na:na]
	at java.base/java.net.Socket.connect(Socket.java:751) ~[na:na]
	at org.postgresql.core.PGStream.createSocket(PGStream.java:243) ~[postgresql-42.7.1.jar:42.7.1]
	at org.postgresql.core.PGStream.<init>(PGStream.java:98) ~[postgresql-42.7.1.jar:42.7.1]
	at org.postgresql.core.v3.ConnectionFactoryImpl.tryConnect(ConnectionFactoryImpl.java:132) ~[postgresql-42.7.1.jar:42.7.1]
	at org.postgresql.core.v3.ConnectionFactoryImpl.openConnectionImpl(ConnectionFactoryImpl.java:258) ~[postgresql-42.7.1.jar:42.7.1]
	... 118 common frames omitted

2026-02-05 14:26:48.499  INFO 2945 --- [           main] o.s.b.d.r.RestartApplicationListener     : Restart disabled due to context in which it is running

  .   ____          _            __ _ _
 /\\ / ___'_ __ _ _(_)_ __  __ _ \ \ \ \
( ( )\___ | '_ | '_| | '_ \/ _` | \ \ \ \
 \\/  ___)| |_)| | | | | || (_| |  ) ) ) )
  '  |____| .__|_| |_|_| |_\__, | / / / /
 =========|_|==============|___/=/_/_/_/
 :: Spring Boot ::               (v2.7.18)

2026-02-05 14:26:48.515  INFO 2945 --- [           main] crm.repository.RoleRepositoryTest        : Starting RoleRepositoryTest using Java 21.0.5 on d9688d684c55 with PID 2945 (started by studioai in /modernize-data/studio-data/TNT1001/APP1267/transformed-code/411/studio-workspace/MODTEST)
2026-02-05 14:26:48.515  INFO 2945 --- [           main] crm.repository.RoleRepositoryTest        : The following 1 profile is active: "preprod"
2026-02-05 14:26:48.570  INFO 2945 --- [           main] .s.d.r.c.RepositoryConfigurationDelegate : Bootstrapping Spring Data JPA repositories in DEFAULT mode.
2026-02-05 14:26:48.581  INFO 2945 --- [           main] .s.d.r.c.RepositoryConfigurationDelegate : Finished Spring Data repository scanning in 11 ms. Found 6 JPA repository interfaces.
2026-02-05 14:26:48.624  INFO 2945 --- [           main] com.zaxxer.hikari.HikariDataSource       : HikariPool-2 - Starting...
2026-02-05 14:26:49.626 ERROR 2945 --- [           main] com.zaxxer.hikari.pool.HikariPool        : HikariPool-2 - Exception during pool initialization.

org.postgresql.util.PSQLException: Connection to localhost:5432 refused. Check that the hostname and port are correct and that the postmaster is accepting TCP/IP connections.
	at org.postgresql.core.v3.ConnectionFactoryImpl.openConnectionImpl(ConnectionFactoryImpl.java:342) ~[postgresql-42.7.1.jar:42.7.1]
	at org.postgresql.core.ConnectionFactory.openConnection(ConnectionFactory.java:54) ~[postgresql-42.7.1.jar:42.7.1]
	at org.postgresql.jdbc.PgConnection.<init>(PgConnection.java:263) ~[postgresql-42.7.1.jar:42.7.1]
	at org.postgresql.Driver.makeConnection(Driver.java:444) ~[postgresql-42.7.1.jar:42.7.1]
	at org.postgresql.Driver.connect(Driver.java:297) ~[postgresql-42.7.1.jar:42.7.1]
	at com.zaxxer.hikari.util.DriverDataSource.getConnection(DriverDataSource.java:138) ~[HikariCP-4.0.3.jar:na]
	at com.zaxxer.hikari.pool.PoolBase.newConnection(PoolBase.java:364) ~[HikariCP-4.0.3.jar:na]
	at com.zaxxer.hikari.pool.PoolBase.newPoolEntry(PoolBase.java:206) ~[HikariCP-4.0.3.jar:na]
	at com.zaxxer.hikari.pool.HikariPool.createPoolEntry(HikariPool.java:476) ~[HikariCP-4.0.3.jar:na]
	at com.zaxxer.hikari.pool.HikariPool.checkFailFast(HikariPool.java:561) ~[HikariCP-4.0.3.jar:na]
	at com.zaxxer.hikari.pool.HikariPool.<init>(HikariPool.java:115) ~[HikariCP-4.0.3.jar:na]
	at com.zaxxer.hikari.HikariDataSource.getConnection(HikariDataSource.java:112) ~[HikariCP-4.0.3.jar:na]
	at org.springframework.jdbc.datasource.DataSourceUtils.fetchConnection(DataSourceUtils.java:160) ~[spring-jdbc-5.3.31.jar:5.3.31]
	at org.springframework.jdbc.datasource.DataSourceUtils.doGetConnection(DataSourceUtils.java:118) ~[spring-jdbc-5.3.31.jar:5.3.31]
	at org.springframework.jdbc.datasource.DataSourceUtils.getConnection(DataSourceUtils.java:81) ~[spring-jdbc-5.3.31.jar:5.3.31]
	at org.springframework.jdbc.core.JdbcTemplate.execute(JdbcTemplate.java:332) ~[spring-jdbc-5.3.31.jar:5.3.31]
	at org.springframework.boot.jdbc.EmbeddedDatabaseConnection.isEmbedded(EmbeddedDatabaseConnection.java:164) ~[spring-boot-2.7.18.jar:2.7.18]
	at org.springframework.boot.jdbc.init.DataSourceScriptDatabaseInitializer.isEmbeddedDatabase(DataSourceScriptDatabaseInitializer.java:70) ~[spring-boot-2.7.18.jar:2.7.18]
	at org.springframework.boot.sql.init.AbstractScriptDatabaseInitializer.isEnabled(AbstractScriptDatabaseInitializer.java:83) ~[spring-boot-2.7.18.jar:2.7.18]
	at org.springframework.boot.sql.init.AbstractScriptDatabaseInitializer.applyScripts(AbstractScriptDatabaseInitializer.java:106) ~[spring-boot-2.7.18.jar:2.7.18]
	at org.springframework.boot.sql.init.AbstractScriptDatabaseInitializer.applyDataScripts(AbstractScriptDatabaseInitializer.java:101) ~[spring-boot-2.7.18.jar:2.7.18]
	at org.springframework.boot.sql.init.AbstractScriptDatabaseInitializer.initializeDatabase(AbstractScriptDatabaseInitializer.java:76) ~[spring-boot-2.7.18.jar:2.7.18]
	at org.springframework.boot.sql.init.AbstractScriptDatabaseInitializer.afterPropertiesSet(AbstractScriptDatabaseInitializer.java:65) ~[spring-boot-2.7.18.jar:2.7.18]
	at org.springframework.beans.factory.support.AbstractAutowireCapableBeanFactory.invokeInitMethods(AbstractAutowireCapableBeanFactory.java:1863) ~[spring-beans-5.3.31.jar:5.3.31]
	at org.springframework.beans.factory.support.AbstractAutowireCapableBeanFactory.initializeBean(AbstractAutowireCapableBeanFactory.java:1800) ~[spring-beans-5.3.31.jar:5.3.31]
	at org.springframework.beans.factory.support.AbstractAutowireCapableBeanFactory.doCreateBean(AbstractAutowireCapableBeanFactory.java:620) ~[spring-beans-5.3.31.jar:5.3.31]
	at org.springframework.beans.factory.support.AbstractAutowireCapableBeanFactory.createBean(AbstractAutowireCapableBeanFactory.java:542) ~[spring-beans-5.3.31.jar:5.3.31]
	at org.springframework.beans.factory.support.AbstractBeanFactory.lambda$doGetBean$0(AbstractBeanFactory.java:335) ~[spring-beans-5.3.31.jar:5.3.31]
	at org.springframework.beans.factory.support.DefaultSingletonBeanRegistry.getSingleton(DefaultSingletonBeanRegistry.java:234) ~[spring-beans-5.3.31.jar:5.3.31]
	at org.springframework.beans.factory.support.AbstractBeanFactory.doGetBean(AbstractBeanFactory.java:333) ~[spring-beans-5.3.31.jar:5.3.31]
	at org.springframework.beans.factory.support.AbstractBeanFactory.getBean(AbstractBeanFactory.java:208) ~[spring-beans-5.3.31.jar:5.3.31]
	at org.springframework.beans.factory.support.AbstractBeanFactory.doGetBean(AbstractBeanFactory.java:322) ~[spring-beans-5.3.31.jar:5.3.31]
	at org.springframework.beans.factory.support.AbstractBeanFactory.getBean(AbstractBeanFactory.java:208) ~[spring-beans-5.3.31.jar:5.3.31]
	at org.springframework.context.support.AbstractApplicationContext.getBean(AbstractApplicationContext.java:1168) ~[spring-context-5.3.31.jar:5.3.31]
	at org.springframework.context.support.AbstractApplicationContext.finishBeanFactoryInitialization(AbstractApplicationContext.java:919) ~[spring-context-5.3.31.jar:5.3.31]
	at org.springframework.context.support.AbstractApplicationContext.refresh(AbstractApplicationContext.java:591) ~[spring-context-5.3.31.jar:5.3.31]
	at org.springframework.boot.SpringApplication.refresh(SpringApplication.java:732) ~[spring-boot-2.7.18.jar:2.7.18]
	at org.springframework.boot.SpringApplication.refreshContext(SpringApplication.java:409) ~[spring-boot-2.7.18.jar:2.7.18]
	at org.springframework.boot.SpringApplication.run(SpringApplication.java:308) ~[spring-boot-2.7.18.jar:2.7.18]
	at org.springframework.boot.test.context.SpringBootContextLoader.loadContext(SpringBootContextLoader.java:136) ~[spring-boot-test-2.7.18.jar:2.7.18]
	at org.springframework.test.context.cache.DefaultCacheAwareContextLoaderDelegate.loadContextInternal(DefaultCacheAwareContextLoaderDelegate.java:141) ~[spring-test-5.3.31.jar:5.3.31]
	at org.springframework.test.context.cache.DefaultCacheAwareContextLoaderDelegate.loadContext(DefaultCacheAwareContextLoaderDelegate.java:90) ~[spring-test-5.3.31.jar:5.3.31]
	at org.springframework.test.context.support.DefaultTestContext.getApplicationContext(DefaultTestContext.java:124) ~[spring-test-5.3.31.jar:5.3.31]
	at org.springframework.test.context.support.DependencyInjectionTestExecutionListener.injectDependencies(DependencyInjectionTestExecutionListener.java:118) ~[spring-test-5.3.31.jar:5.3.31]
	at org.springframework.test.context.support.DependencyInjectionTestExecutionListener.prepareTestInstance(DependencyInjectionTestExecutionListener.java:83) ~[spring-test-5.3.31.jar:5.3.31]
	at org.springframework.boot.test.autoconfigure.SpringBootDependencyInjectionTestExecutionListener.prepareTestInstance(SpringBootDependencyInjectionTestExecutionListener.java:43) ~[spring-boot-test-autoconfigure-2.7.18.jar:2.7.18]
	at org.springframework.test.context.TestContextManager.prepareTestInstance(TestContextManager.java:248) ~[spring-test-5.3.31.jar:5.3.31]
	at org.springframework.test.context.junit.jupiter.SpringExtension.postProcessTestInstance(SpringExtension.java:138) ~[spring-test-5.3.31.jar:5.3.31]
	at org.junit.jupiter.engine.descriptor.ClassBasedTestDescriptor.lambda$invokeTestInstancePostProcessors$10(ClassBasedTestDescriptor.java:377) ~[junit-jupiter-engine-5.9.3.jar:5.9.3]
	at org.junit.jupiter.engine.descriptor.ClassBasedTestDescriptor.executeAndMaskThrowable(ClassBasedTestDescriptor.java:382) ~[junit-jupiter-engine-5.9.3.jar:5.9.3]
	at org.junit.jupiter.engine.descriptor.ClassBasedTestDescriptor.lambda$invokeTestInstancePostProcessors$11(ClassBasedTestDescriptor.java:377) ~[junit-jupiter-engine-5.9.3.jar:5.9.3]
	at java.base/java.util.stream.ReferencePipeline$3$1.accept(ReferencePipeline.java:197) ~[na:na]
	at java.base/java.util.stream.ReferencePipeline$2$1.accept(ReferencePipeline.java:179) ~[na:na]
	at java.base/java.util.ArrayList$ArrayListSpliterator.forEachRemaining(ArrayList.java:1708) ~[na:na]
	at java.base/java.util.stream.AbstractPipeline.copyInto(AbstractPipeline.java:509) ~[na:na]
	at java.base/java.util.stream.AbstractPipeline.wrapAndCopyInto(AbstractPipeline.java:499) ~[na:na]
	at java.base/java.util.stream.StreamSpliterators$WrappingSpliterator.forEachRemaining(StreamSpliterators.java:310) ~[na:na]
	at java.base/java.util.stream.Streams$ConcatSpliterator.forEachRemaining(Streams.java:735) ~[na:na]
	at java.base/java.util.stream.Streams$ConcatSpliterator.forEachRemaining(Streams.java:734) ~[na:na]
	at java.base/java.util.stream.ReferencePipeline$Head.forEach(ReferencePipeline.java:762) ~[na:na]
	at org.junit.jupiter.engine.descriptor.ClassBasedTestDescriptor.invokeTestInstancePostProcessors(ClassBasedTestDescriptor.java:376) ~[junit-jupiter-engine-5.9.3.jar:5.9.3]
	at org.junit.jupiter.engine.descriptor.ClassBasedTestDescriptor.lambda$instantiateAndPostProcessTestInstance$6(ClassBasedTestDescriptor.java:289) ~[junit-jupiter-engine-5.9.3.jar:5.9.3]
	at org.junit.platform.engine.support.hierarchical.ThrowableCollector.execute(ThrowableCollector.java:73) ~[junit-platform-engine-1.8.2.jar:1.8.2]
	at org.junit.jupiter.engine.descriptor.ClassBasedTestDescriptor.instantiateAndPostProcessTestInstance(ClassBasedTestDescriptor.java:288) ~[junit-jupiter-engine-5.9.3.jar:5.9.3]
	at org.junit.jupiter.engine.descriptor.ClassBasedTestDescriptor.lambda$testInstancesProvider$4(ClassBasedTestDescriptor.java:278) ~[junit-jupiter-engine-5.9.3.jar:5.9.3]
	at java.base/java.util.Optional.orElseGet(Optional.java:364) ~[na:na]
	at org.junit.jupiter.engine.descriptor.ClassBasedTestDescriptor.lambda$testInstancesProvider$5(ClassBasedTestDescriptor.java:277) ~[junit-jupiter-engine-5.9.3.jar:5.9.3]
	at org.junit.jupiter.engine.execution.TestInstancesProvider.getTestInstances(TestInstancesProvider.java:31) ~[junit-jupiter-engine-5.9.3.jar:5.9.3]
	at org.junit.jupiter.engine.descriptor.TestMethodTestDescriptor.lambda$prepare$0(TestMethodTestDescriptor.java:105) ~[junit-jupiter-engine-5.9.3.jar:5.9.3]
	at org.junit.platform.engine.support.hierarchical.ThrowableCollector.execute(ThrowableCollector.java:73) ~[junit-platform-engine-1.8.2.jar:1.8.2]
	at org.junit.jupiter.engine.descriptor.TestMethodTestDescriptor.prepare(TestMethodTestDescriptor.java:104) ~[junit-jupiter-engine-5.9.3.jar:5.9.3]
	at org.junit.jupiter.engine.descriptor.TestMethodTestDescriptor.prepare(TestMethodTestDescriptor.java:68) ~[junit-jupiter-engine-5.9.3.jar:5.9.3]
	at org.junit.platform.engine.support.hierarchical.NodeTestTask.lambda$prepare$2(NodeTestTask.java:123) ~[junit-platform-engine-1.8.2.jar:1.8.2]
	at org.junit.platform.engine.support.hierarchical.ThrowableCollector.execute(ThrowableCollector.java:73) ~[junit-platform-engine-1.8.2.jar:1.8.2]
	at org.junit.platform.engine.support.hierarchical.NodeTestTask.prepare(NodeTestTask.java:123) ~[junit-platform-engine-1.8.2.jar:1.8.2]
	at org.junit.platform.engine.support.hierarchical.NodeTestTask.execute(NodeTestTask.java:90) ~[junit-platform-engine-1.8.2.jar:1.8.2]
	at java.base/java.util.ArrayList.forEach(ArrayList.java:1596) ~[na:na]
	at org.junit.platform.engine.support.hierarchical.SameThreadHierarchicalTestExecutorService.invokeAll(SameThreadHierarchicalTestExecutorService.java:41) ~[junit-platform-engine-1.8.2.jar:1.8.2]
	at org.junit.platform.engine.support.hierarchical.NodeTestTask.lambda$executeRecursively$6(NodeTestTask.java:155) ~[junit-platform-engine-1.8.2.jar:1.8.2]
	at org.junit.platform.engine.support.hierarchical.ThrowableCollector.execute(ThrowableCollector.java:73) ~[junit-platform-engine-1.8.2.jar:1.8.2]
	at org.junit.platform.engine.support.hierarchical.NodeTestTask.lambda$executeRecursively$8(NodeTestTask.java:141) ~[junit-platform-engine-1.8.2.jar:1.8.2]
	at org.junit.platform.engine.support.hierarchical.Node.around(Node.java:137) ~[junit-platform-engine-1.8.2.jar:1.8.2]
	at org.junit.platform.engine.support.hierarchical.NodeTestTask.lambda$executeRecursively$9(NodeTestTask.java:139) ~[junit-platform-engine-1.8.2.jar:1.8.2]
	at org.junit.platform.engine.support.hierarchical.ThrowableCollector.execute(ThrowableCollector.java:73) ~[junit-platform-engine-1.8.2.jar:1.8.2]
	at org.junit.platform.engine.support.hierarchical.NodeTestTask.executeRecursively(NodeTestTask.java:138) ~[junit-platform-engine-1.8.2.jar:1.8.2]
	at org.junit.platform.engine.support.hierarchical.NodeTestTask.execute(NodeTestTask.java:95) ~[junit-platform-engine-1.8.2.jar:1.8.2]
	at java.base/java.util.ArrayList.forEach(ArrayList.java:1596) ~[na:na]
	at org.junit.platform.engine.support.hierarchical.SameThreadHierarchicalTestExecutorService.invokeAll(SameThreadHierarchicalTestExecutorService.java:41) ~[junit-platform-engine-1.8.2.jar:1.8.2]
	at org.junit.platform.engine.support.hierarchical.NodeTestTask.lambda$executeRecursively$6(NodeTestTask.java:155) ~[junit-platform-engine-1.8.2.jar:1.8.2]
	at org.junit.platform.engine.support.hierarchical.ThrowableCollector.execute(ThrowableCollector.java:73) ~[junit-platform-engine-1.8.2.jar:1.8.2]
	at org.junit.platform.engine.support.hierarchical.NodeTestTask.lambda$executeRecursively$8(NodeTestTask.java:141) ~[junit-platform-engine-1.8.2.jar:1.8.2]
	at org.junit.platform.engine.support.hierarchical.Node.around(Node.java:137) ~[junit-platform-engine-1.8.2.jar:1.8.2]
	at org.junit.platform.engine.support.hierarchical.NodeTestTask.lambda$executeRecursively$9(NodeTestTask.java:139) ~[junit-platform-engine-1.8.2.jar:1.8.2]
	at org.junit.platform.engine.support.hierarchical.ThrowableCollector.execute(ThrowableCollector.java:73) ~[junit-platform-engine-1.8.2.jar:1.8.2]
	at org.junit.platform.engine.support.hierarchical.NodeTestTask.executeRecursively(NodeTestTask.java:138) ~[junit-platform-engine-1.8.2.jar:1.8.2]
	at org.junit.platform.engine.support.hierarchical.NodeTestTask.execute(NodeTestTask.java:95) ~[junit-platform-engine-1.8.2.jar:1.8.2]
	at org.junit.platform.engine.support.hierarchical.SameThreadHierarchicalTestExecutorService.submit(SameThreadHierarchicalTestExecutorService.java:35) ~[junit-platform-engine-1.8.2.jar:1.8.2]
	at org.junit.platform.engine.support.hierarchical.HierarchicalTestExecutor.execute(HierarchicalTestExecutor.java:57) ~[junit-platform-engine-1.8.2.jar:1.8.2]
	at org.junit.platform.engine.support.hierarchical.HierarchicalTestEngine.execute(HierarchicalTestEngine.java:54) ~[junit-platform-engine-1.8.2.jar:1.8.2]
	at org.junit.platform.launcher.core.DefaultLauncher.execute(DefaultLauncher.java:220) ~[junit-platform-launcher-1.3.1.jar:1.3.1]
	at org.junit.platform.launcher.core.DefaultLauncher.lambda$execute$6(DefaultLauncher.java:188) ~[junit-platform-launcher-1.3.1.jar:1.3.1]
	at org.junit.platform.launcher.core.DefaultLauncher.withInterceptedStreams(DefaultLauncher.java:202) ~[junit-platform-launcher-1.3.1.jar:1.3.1]
	at org.junit.platform.launcher.core.DefaultLauncher.execute(DefaultLauncher.java:181) ~[junit-platform-launcher-1.3.1.jar:1.3.1]
	at org.junit.platform.launcher.core.DefaultLauncher.execute(DefaultLauncher.java:128) ~[junit-platform-launcher-1.3.1.jar:1.3.1]
	at org.apache.maven.surefire.junitplatform.JUnitPlatformProvider.invokeAllTests(JUnitPlatformProvider.java:150) ~[surefire-junit-platform-2.22.2.jar:2.22.2]
	at org.apache.maven.surefire.junitplatform.JUnitPlatformProvider.invoke(JUnitPlatformProvider.java:124) ~[surefire-junit-platform-2.22.2.jar:2.22.2]
	at org.apache.maven.surefire.booter.ForkedBooter.invokeProviderInSameClassLoader(ForkedBooter.java:384) ~[surefire-booter-2.22.2.jar:2.22.2]
	at org.apache.maven.surefire.booter.ForkedBooter.runSuitesInProcess(ForkedBooter.java:345) ~[surefire-booter-2.22.2.jar:2.22.2]
	at org.apache.maven.surefire.booter.ForkedBooter.execute(ForkedBooter.java:126) ~[surefire-booter-2.22.2.jar:2.22.2]
	at org.apache.maven.surefire.booter.ForkedBooter.main(ForkedBooter.java:418) ~[surefire-booter-2.22.2.jar:2.22.2]
Caused by: java.net.ConnectException: Connection refused
	at java.base/sun.nio.ch.Net.pollConnect(Native Method) ~[na:na]
	at java.base/sun.nio.ch.Net.pollConnectNow(Net.java:682) ~[na:na]
	at java.base/sun.nio.ch.NioSocketImpl.timedFinishConnect(NioSocketImpl.java:542) ~[na:na]
	at java.base/sun.nio.ch.NioSocketImpl.connect(NioSocketImpl.java:592) ~[na:na]
	at java.base/java.net.SocksSocketImpl.connect(SocksSocketImpl.java:327) ~[na:na]
	at java.base/java.net.Socket.connect(Socket.java:751) ~[na:na]
	at org.postgresql.core.PGStream.createSocket(PGStream.java:243) ~[postgresql-42.7.1.jar:42.7.1]
	at org.postgresql.core.PGStream.<init>(PGStream.java:98) ~[postgresql-42.7.1.jar:42.7.1]
	at org.postgresql.core.v3.ConnectionFactoryImpl.tryConnect(ConnectionFactoryImpl.java:132) ~[postgresql-42.7.1.jar:42.7.1]
	at org.postgresql.core.v3.ConnectionFactoryImpl.openConnectionImpl(ConnectionFactoryImpl.java:258) ~[postgresql-42.7.1.jar:42.7.1]
	... 109 common frames omitted

2026-02-05 14:26:49.645  INFO 2945 --- [           main] o.hibernate.jpa.internal.util.LogHelper  : HHH000204: Processing PersistenceUnitInfo [name: default]
2026-02-05 14:26:49.648  INFO 2945 --- [           main] com.zaxxer.hikari.HikariDataSource       : HikariPool-2 - Starting...
2026-02-05 14:26:50.650 ERROR 2945 --- [           main] com.zaxxer.hikari.pool.HikariPool        : HikariPool-2 - Exception during pool initialization.

org.postgresql.util.PSQLException: Connection to localhost:5432 refused. Check that the hostname and port are correct and that the postmaster is accepting TCP/IP connections.
	at org.postgresql.core.v3.ConnectionFactoryImpl.openConnectionImpl(ConnectionFactoryImpl.java:342) ~[postgresql-42.7.1.jar:42.7.1]
	at org.postgresql.core.ConnectionFactory.openConnection(ConnectionFactory.java:54) ~[postgresql-42.7.1.jar:42.7.1]
	at org.postgresql.jdbc.PgConnection.<init>(PgConnection.java:263) ~[postgresql-42.7.1.jar:42.7.1]
	at org.postgresql.Driver.makeConnection(Driver.java:444) ~[postgresql-42.7.1.jar:42.7.1]
	at org.postgresql.Driver.connect(Driver.java:297) ~[postgresql-42.7.1.jar:42.7.1]
	at com.zaxxer.hikari.util.DriverDataSource.getConnection(DriverDataSource.java:138) ~[HikariCP-4.0.3.jar:na]
	at com.zaxxer.hikari.pool.PoolBase.newConnection(PoolBase.java:364) ~[HikariCP-4.0.3.jar:na]
	at com.zaxxer.hikari.pool.PoolBase.newPoolEntry(PoolBase.java:206) ~[HikariCP-4.0.3.jar:na]
	at com.zaxxer.hikari.pool.HikariPool.createPoolEntry(HikariPool.java:476) ~[HikariCP-4.0.3.jar:na]
	at com.zaxxer.hikari.pool.HikariPool.checkFailFast(HikariPool.java:561) ~[HikariCP-4.0.3.jar:na]
	at com.zaxxer.hikari.pool.HikariPool.<init>(HikariPool.java:115) ~[HikariCP-4.0.3.jar:na]
	at com.zaxxer.hikari.HikariDataSource.getConnection(HikariDataSource.java:112) ~[HikariCP-4.0.3.jar:na]
	at org.hibernate.engine.jdbc.connections.internal.DatasourceConnectionProviderImpl.getConnection(DatasourceConnectionProviderImpl.java:122) ~[hibernate-core-5.6.15.Final.jar:5.6.15.Final]
	at org.hibernate.engine.jdbc.env.internal.JdbcEnvironmentInitiator$ConnectionProviderJdbcConnectionAccess.obtainConnection(JdbcEnvironmentInitiator.java:181) ~[hibernate-core-5.6.15.Final.jar:5.6.15.Final]
	at org.hibernate.engine.jdbc.env.internal.JdbcEnvironmentInitiator.initiateService(JdbcEnvironmentInitiator.java:68) ~[hibernate-core-5.6.15.Final.jar:5.6.15.Final]
	at org.hibernate.engine.jdbc.env.internal.JdbcEnvironmentInitiator.initiateService(JdbcEnvironmentInitiator.java:35) ~[hibernate-core-5.6.15.Final.jar:5.6.15.Final]
	at org.hibernate.boot.registry.internal.StandardServiceRegistryImpl.initiateService(StandardServiceRegistryImpl.java:101) ~[hibernate-core-5.6.15.Final.jar:5.6.15.Final]
	at org.hibernate.service.internal.AbstractServiceRegistryImpl.createService(AbstractServiceRegistryImpl.java:272) ~[hibernate-core-5.6.15.Final.jar:5.6.15.Final]
	at org.hibernate.service.internal.AbstractServiceRegistryImpl.initializeService(AbstractServiceRegistryImpl.java:246) ~[hibernate-core-5.6.15.Final.jar:5.6.15.Final]
	at org.hibernate.service.internal.AbstractServiceRegistryImpl.getService(AbstractServiceRegistryImpl.java:223) ~[hibernate-core-5.6.15.Final.jar:5.6.15.Final]
	at org.hibernate.id.factory.internal.DefaultIdentifierGeneratorFactory.injectServices(DefaultIdentifierGeneratorFactory.java:175) ~[hibernate-core-5.6.15.Final.jar:5.6.15.Final]
	at org.hibernate.service.internal.AbstractServiceRegistryImpl.injectDependencies(AbstractServiceRegistryImpl.java:295) ~[hibernate-core-5.6.15.Final.jar:5.6.15.Final]
	at org.hibernate.service.internal.AbstractServiceRegistryImpl.initializeService(AbstractServiceRegistryImpl.java:252) ~[hibernate-core-5.6.15.Final.jar:5.6.15.Final]
	at org.hibernate.service.internal.AbstractServiceRegistryImpl.getService(AbstractServiceRegistryImpl.java:223) ~[hibernate-core-5.6.15.Final.jar:5.6.15.Final]
	at org.hibernate.boot.internal.InFlightMetadataCollectorImpl.<init>(InFlightMetadataCollectorImpl.java:173) ~[hibernate-core-5.6.15.Final.jar:5.6.15.Final]
	at org.hibernate.boot.model.process.spi.MetadataBuildingProcess.complete(MetadataBuildingProcess.java:127) ~[hibernate-core-5.6.15.Final.jar:5.6.15.Final]
	at org.hibernate.jpa.boot.internal.EntityManagerFactoryBuilderImpl.metadata(EntityManagerFactoryBuilderImpl.java:1460) ~[hibernate-core-5.6.15.Final.jar:5.6.15.Final]
	at org.hibernate.jpa.boot.internal.EntityManagerFactoryBuilderImpl.build(EntityManagerFactoryBuilderImpl.java:1494) ~[hibernate-core-5.6.15.Final.jar:5.6.15.Final]
	at org.springframework.orm.jpa.vendor.SpringHibernateJpaPersistenceProvider.createContainerEntityManagerFactory(SpringHibernateJpaPersistenceProvider.java:58) ~[spring-orm-5.3.31.jar:5.3.31]
	at org.springframework.orm.jpa.LocalContainerEntityManagerFactoryBean.createNativeEntityManagerFactory(LocalContainerEntityManagerFactoryBean.java:365) ~[spring-orm-5.3.31.jar:5.3.31]
	at org.springframework.orm.jpa.AbstractEntityManagerFactoryBean.buildNativeEntityManagerFactory(AbstractEntityManagerFactoryBean.java:409) ~[spring-orm-5.3.31.jar:5.3.31]
	at org.springframework.orm.jpa.AbstractEntityManagerFactoryBean.afterPropertiesSet(AbstractEntityManagerFactoryBean.java:396) ~[spring-orm-5.3.31.jar:5.3.31]
	at org.springframework.orm.jpa.LocalContainerEntityManagerFactoryBean.afterPropertiesSet(LocalContainerEntityManagerFactoryBean.java:341) ~[spring-orm-5.3.31.jar:5.3.31]
	at org.springframework.beans.factory.support.AbstractAutowireCapableBeanFactory.invokeInitMethods(AbstractAutowireCapableBeanFactory.java:1863) ~[spring-beans-5.3.31.jar:5.3.31]
	at org.springframework.beans.factory.support.AbstractAutowireCapableBeanFactory.initializeBean(AbstractAutowireCapableBeanFactory.java:1800) ~[spring-beans-5.3.31.jar:5.3.31]
	at org.springframework.beans.factory.support.AbstractAutowireCapableBeanFactory.doCreateBean(AbstractAutowireCapableBeanFactory.java:620) ~[spring-beans-5.3.31.jar:5.3.31]
	at org.springframework.beans.factory.support.AbstractAutowireCapableBeanFactory.createBean(AbstractAutowireCapableBeanFactory.java:542) ~[spring-beans-5.3.31.jar:5.3.31]
	at org.springframework.beans.factory.support.AbstractBeanFactory.lambda$doGetBean$0(AbstractBeanFactory.java:335) ~[spring-beans-5.3.31.jar:5.3.31]
	at org.springframework.beans.factory.support.DefaultSingletonBeanRegistry.getSingleton(DefaultSingletonBeanRegistry.java:234) ~[spring-beans-5.3.31.jar:5.3.31]
	at org.springframework.beans.factory.support.AbstractBeanFactory.doGetBean(AbstractBeanFactory.java:333) ~[spring-beans-5.3.31.jar:5.3.31]
	at org.springframework.beans.factory.support.AbstractBeanFactory.getBean(AbstractBeanFactory.java:208) ~[spring-beans-5.3.31.jar:5.3.31]
	at org.springframework.context.support.AbstractApplicationContext.getBean(AbstractApplicationContext.java:1168) ~[spring-context-5.3.31.jar:5.3.31]
	at org.springframework.context.support.AbstractApplicationContext.finishBeanFactoryInitialization(AbstractApplicationContext.java:919) ~[spring-context-5.3.31.jar:5.3.31]
	at org.springframework.context.support.AbstractApplicationContext.refresh(AbstractApplicationContext.java:591) ~[spring-context-5.3.31.jar:5.3.31]
	at org.springframework.boot.SpringApplication.refresh(SpringApplication.java:732) ~[spring-boot-2.7.18.jar:2.7.18]
	at org.springframework.boot.SpringApplication.refreshContext(SpringApplication.java:409) ~[spring-boot-2.7.18.jar:2.7.18]
	at org.springframework.boot.SpringApplication.run(SpringApplication.java:308) ~[spring-boot-2.7.18.jar:2.7.18]
	at org.springframework.boot.test.context.SpringBootContextLoader.loadContext(SpringBootContextLoader.java:136) ~[spring-boot-test-2.7.18.jar:2.7.18]
	at org.springframework.test.context.cache.DefaultCacheAwareContextLoaderDelegate.loadContextInternal(DefaultCacheAwareContextLoaderDelegate.java:141) ~[spring-test-5.3.31.jar:5.3.31]
	at org.springframework.test.context.cache.DefaultCacheAwareContextLoaderDelegate.loadContext(DefaultCacheAwareContextLoaderDelegate.java:90) ~[spring-test-5.3.31.jar:5.3.31]
	at org.springframework.test.context.support.DefaultTestContext.getApplicationContext(DefaultTestContext.java:124) ~[spring-test-5.3.31.jar:5.3.31]
	at org.springframework.test.context.support.DependencyInjectionTestExecutionListener.injectDependencies(DependencyInjectionTestExecutionListener.java:118) ~[spring-test-5.3.31.jar:5.3.31]
	at org.springframework.test.context.support.DependencyInjectionTestExecutionListener.prepareTestInstance(DependencyInjectionTestExecutionListener.java:83) ~[spring-test-5.3.31.jar:5.3.31]
	at org.springframework.boot.test.autoconfigure.SpringBootDependencyInjectionTestExecutionListener.prepareTestInstance(SpringBootDependencyInjectionTestExecutionListener.java:43) ~[spring-boot-test-autoconfigure-2.7.18.jar:2.7.18]
	at org.springframework.test.context.TestContextManager.prepareTestInstance(TestContextManager.java:248) ~[spring-test-5.3.31.jar:5.3.31]
	at org.springframework.test.context.junit.jupiter.SpringExtension.postProcessTestInstance(SpringExtension.java:138) ~[spring-test-5.3.31.jar:5.3.31]
	at org.junit.jupiter.engine.descriptor.ClassBasedTestDescriptor.lambda$invokeTestInstancePostProcessors$10(ClassBasedTestDescriptor.java:377) ~[junit-jupiter-engine-5.9.3.jar:5.9.3]
	at org.junit.jupiter.engine.descriptor.ClassBasedTestDescriptor.executeAndMaskThrowable(ClassBasedTestDescriptor.java:382) ~[junit-jupiter-engine-5.9.3.jar:5.9.3]
	at org.junit.jupiter.engine.descriptor.ClassBasedTestDescriptor.lambda$invokeTestInstancePostProcessors$11(ClassBasedTestDescriptor.java:377) ~[junit-jupiter-engine-5.9.3.jar:5.9.3]
	at java.base/java.util.stream.ReferencePipeline$3$1.accept(ReferencePipeline.java:197) ~[na:na]
	at java.base/java.util.stream.ReferencePipeline$2$1.accept(ReferencePipeline.java:179) ~[na:na]
	at java.base/java.util.ArrayList$ArrayListSpliterator.forEachRemaining(ArrayList.java:1708) ~[na:na]
	at java.base/java.util.stream.AbstractPipeline.copyInto(AbstractPipeline.java:509) ~[na:na]
	at java.base/java.util.stream.AbstractPipeline.wrapAndCopyInto(AbstractPipeline.java:499) ~[na:na]
	at java.base/java.util.stream.StreamSpliterators$WrappingSpliterator.forEachRemaining(StreamSpliterators.java:310) ~[na:na]
	at java.base/java.util.stream.Streams$ConcatSpliterator.forEachRemaining(Streams.java:735) ~[na:na]
	at java.base/java.util.stream.Streams$ConcatSpliterator.forEachRemaining(Streams.java:734) ~[na:na]
	at java.base/java.util.stream.ReferencePipeline$Head.forEach(ReferencePipeline.java:762) ~[na:na]
	at org.junit.jupiter.engine.descriptor.ClassBasedTestDescriptor.invokeTestInstancePostProcessors(ClassBasedTestDescriptor.java:376) ~[junit-jupiter-engine-5.9.3.jar:5.9.3]
	at org.junit.jupiter.engine.descriptor.ClassBasedTestDescriptor.lambda$instantiateAndPostProcessTestInstance$6(ClassBasedTestDescriptor.java:289) ~[junit-jupiter-engine-5.9.3.jar:5.9.3]
	at org.junit.platform.engine.support.hierarchical.ThrowableCollector.execute(ThrowableCollector.java:73) ~[junit-platform-engine-1.8.2.jar:1.8.2]
	at org.junit.jupiter.engine.descriptor.ClassBasedTestDescriptor.instantiateAndPostProcessTestInstance(ClassBasedTestDescriptor.java:288) ~[junit-jupiter-engine-5.9.3.jar:5.9.3]
	at org.junit.jupiter.engine.descriptor.ClassBasedTestDescriptor.lambda$testInstancesProvider$4(ClassBasedTestDescriptor.java:278) ~[junit-jupiter-engine-5.9.3.jar:5.9.3]
	at java.base/java.util.Optional.orElseGet(Optional.java:364) ~[na:na]
	at org.junit.jupiter.engine.descriptor.ClassBasedTestDescriptor.lambda$testInstancesProvider$5(ClassBasedTestDescriptor.java:277) ~[junit-jupiter-engine-5.9.3.jar:5.9.3]
	at org.junit.jupiter.engine.execution.TestInstancesProvider.getTestInstances(TestInstancesProvider.java:31) ~[junit-jupiter-engine-5.9.3.jar:5.9.3]
	at org.junit.jupiter.engine.descriptor.TestMethodTestDescriptor.lambda$prepare$0(TestMethodTestDescriptor.java:105) ~[junit-jupiter-engine-5.9.3.jar:5.9.3]
	at org.junit.platform.engine.support.hierarchical.ThrowableCollector.execute(ThrowableCollector.java:73) ~[junit-platform-engine-1.8.2.jar:1.8.2]
	at org.junit.jupiter.engine.descriptor.TestMethodTestDescriptor.prepare(TestMethodTestDescriptor.java:104) ~[junit-jupiter-engine-5.9.3.jar:5.9.3]
	at org.junit.jupiter.engine.descriptor.TestMethodTestDescriptor.prepare(TestMethodTestDescriptor.java:68) ~[junit-jupiter-engine-5.9.3.jar:5.9.3]
	at org.junit.platform.engine.support.hierarchical.NodeTestTask.lambda$prepare$2(NodeTestTask.java:123) ~[junit-platform-engine-1.8.2.jar:1.8.2]
	at org.junit.platform.engine.support.hierarchical.ThrowableCollector.execute(ThrowableCollector.java:73) ~[junit-platform-engine-1.8.2.jar:1.8.2]
	at org.junit.platform.engine.support.hierarchical.NodeTestTask.prepare(NodeTestTask.java:123) ~[junit-platform-engine-1.8.2.jar:1.8.2]
	at org.junit.platform.engine.support.hierarchical.NodeTestTask.execute(NodeTestTask.java:90) ~[junit-platform-engine-1.8.2.jar:1.8.2]
	at java.base/java.util.ArrayList.forEach(ArrayList.java:1596) ~[na:na]
	at org.junit.platform.engine.support.hierarchical.SameThreadHierarchicalTestExecutorService.invokeAll(SameThreadHierarchicalTestExecutorService.java:41) ~[junit-platform-engine-1.8.2.jar:1.8.2]
	at org.junit.platform.engine.support.hierarchical.NodeTestTask.lambda$executeRecursively$6(NodeTestTask.java:155) ~[junit-platform-engine-1.8.2.jar:1.8.2]
	at org.junit.platform.engine.support.hierarchical.ThrowableCollector.execute(ThrowableCollector.java:73) ~[junit-platform-engine-1.8.2.jar:1.8.2]
	at org.junit.platform.engine.support.hierarchical.NodeTestTask.lambda$executeRecursively$8(NodeTestTask.java:141) ~[junit-platform-engine-1.8.2.jar:1.8.2]
	at org.junit.platform.engine.support.hierarchical.Node.around(Node.java:137) ~[junit-platform-engine-1.8.2.jar:1.8.2]
	at org.junit.platform.engine.support.hierarchical.NodeTestTask.lambda$executeRecursively$9(NodeTestTask.java:139) ~[junit-platform-engine-1.8.2.jar:1.8.2]
	at org.junit.platform.engine.support.hierarchical.ThrowableCollector.execute(ThrowableCollector.java:73) ~[junit-platform-engine-1.8.2.jar:1.8.2]
	at org.junit.platform.engine.support.hierarchical.NodeTestTask.executeRecursively(NodeTestTask.java:138) ~[junit-platform-engine-1.8.2.jar:1.8.2]
	at org.junit.platform.engine.support.hierarchical.NodeTestTask.execute(NodeTestTask.java:95) ~[junit-platform-engine-1.8.2.jar:1.8.2]
	at java.base/java.util.ArrayList.forEach(ArrayList.java:1596) ~[na:na]
	at org.junit.platform.engine.support.hierarchical.SameThreadHierarchicalTestExecutorService.invokeAll(SameThreadHierarchicalTestExecutorService.java:41) ~[junit-platform-engine-1.8.2.jar:1.8.2]
	at org.junit.platform.engine.support.hierarchical.NodeTestTask.lambda$executeRecursively$6(NodeTestTask.java:155) ~[junit-platform-engine-1.8.2.jar:1.8.2]
	at org.junit.platform.engine.support.hierarchical.ThrowableCollector.execute(ThrowableCollector.java:73) ~[junit-platform-engine-1.8.2.jar:1.8.2]
	at org.junit.platform.engine.support.hierarchical.NodeTestTask.lambda$executeRecursively$8(NodeTestTask.java:141) ~[junit-platform-engine-1.8.2.jar:1.8.2]
	at org.junit.platform.engine.support.hierarchical.Node.around(Node.java:137) ~[junit-platform-engine-1.8.2.jar:1.8.2]
	at org.junit.platform.engine.support.hierarchical.NodeTestTask.lambda$executeRecursively$9(NodeTestTask.java:139) ~[junit-platform-engine-1.8.2.jar:1.8.2]
	at org.junit.platform.engine.support.hierarchical.ThrowableCollector.execute(ThrowableCollector.java:73) ~[junit-platform-engine-1.8.2.jar:1.8.2]
	at org.junit.platform.engine.support.hierarchical.NodeTestTask.executeRecursively(NodeTestTask.java:138) ~[junit-platform-engine-1.8.2.jar:1.8.2]
	at org.junit.platform.engine.support.hierarchical.NodeTestTask.execute(NodeTestTask.java:95) ~[junit-platform-engine-1.8.2.jar:1.8.2]
	at org.junit.platform.engine.support.hierarchical.SameThreadHierarchicalTestExecutorService.submit(SameThreadHierarchicalTestExecutorService.java:35) ~[junit-platform-engine-1.8.2.jar:1.8.2]
	at org.junit.platform.engine.support.hierarchical.HierarchicalTestExecutor.execute(HierarchicalTestExecutor.java:57) ~[junit-platform-engine-1.8.2.jar:1.8.2]
	at org.junit.platform.engine.support.hierarchical.HierarchicalTestEngine.execute(HierarchicalTestEngine.java:54) ~[junit-platform-engine-1.8.2.jar:1.8.2]
	at org.junit.platform.launcher.core.DefaultLauncher.execute(DefaultLauncher.java:220) ~[junit-platform-launcher-1.3.1.jar:1.3.1]
	at org.junit.platform.launcher.core.DefaultLauncher.lambda$execute$6(DefaultLauncher.java:188) ~[junit-platform-launcher-1.3.1.jar:1.3.1]
	at org.junit.platform.launcher.core.DefaultLauncher.withInterceptedStreams(DefaultLauncher.java:202) ~[junit-platform-launcher-1.3.1.jar:1.3.1]
	at org.junit.platform.launcher.core.DefaultLauncher.execute(DefaultLauncher.java:181) ~[junit-platform-launcher-1.3.1.jar:1.3.1]
	at org.junit.platform.launcher.core.DefaultLauncher.execute(DefaultLauncher.java:128) ~[junit-platform-launcher-1.3.1.jar:1.3.1]
	at org.apache.maven.surefire.junitplatform.JUnitPlatformProvider.invokeAllTests(JUnitPlatformProvider.java:150) ~[surefire-junit-platform-2.22.2.jar:2.22.2]
	at org.apache.maven.surefire.junitplatform.JUnitPlatformProvider.invoke(JUnitPlatformProvider.java:124) ~[surefire-junit-platform-2.22.2.jar:2.22.2]
	at org.apache.maven.surefire.booter.ForkedBooter.invokeProviderInSameClassLoader(ForkedBooter.java:384) ~[surefire-booter-2.22.2.jar:2.22.2]
	at org.apache.maven.surefire.booter.ForkedBooter.runSuitesInProcess(ForkedBooter.java:345) ~[surefire-booter-2.22.2.jar:2.22.2]
	at org.apache.maven.surefire.booter.ForkedBooter.execute(ForkedBooter.java:126) ~[surefire-booter-2.22.2.jar:2.22.2]
	at org.apache.maven.surefire.booter.ForkedBooter.main(ForkedBooter.java:418) ~[surefire-booter-2.22.2.jar:2.22.2]
Caused by: java.net.ConnectException: Connection refused
	at java.base/sun.nio.ch.Net.pollConnect(Native Method) ~[na:na]
	at java.base/sun.nio.ch.Net.pollConnectNow(Net.java:682) ~[na:na]
	at java.base/sun.nio.ch.NioSocketImpl.timedFinishConnect(NioSocketImpl.java:542) ~[na:na]
	at java.base/sun.nio.ch.NioSocketImpl.connect(NioSocketImpl.java:592) ~[na:na]
	at java.base/java.net.SocksSocketImpl.connect(SocksSocketImpl.java:327) ~[na:na]
	at java.base/java.net.Socket.connect(Socket.java:751) ~[na:na]
	at org.postgresql.core.PGStream.createSocket(PGStream.java:243) ~[postgresql-42.7.1.jar:42.7.1]
	at org.postgresql.core.PGStream.<init>(PGStream.java:98) ~[postgresql-42.7.1.jar:42.7.1]
	at org.postgresql.core.v3.ConnectionFactoryImpl.tryConnect(ConnectionFactoryImpl.java:132) ~[postgresql-42.7.1.jar:42.7.1]
	at org.postgresql.core.v3.ConnectionFactoryImpl.openConnectionImpl(ConnectionFactoryImpl.java:258) ~[postgresql-42.7.1.jar:42.7.1]
	... 117 common frames omitted

2026-02-05 14:26:50.651  WARN 2945 --- [           main] o.h.e.j.e.i.JdbcEnvironmentInitiator     : HHH000342: Could not obtain connection to query metadata

org.postgresql.util.PSQLException: Connection to localhost:5432 refused. Check that the hostname and port are correct and that the postmaster is accepting TCP/IP connections.
	at org.postgresql.core.v3.ConnectionFactoryImpl.openConnectionImpl(ConnectionFactoryImpl.java:342) ~[postgresql-42.7.1.jar:42.7.1]
	at org.postgresql.core.ConnectionFactory.openConnection(ConnectionFactory.java:54) ~[postgresql-42.7.1.jar:42.7.1]
	at org.postgresql.jdbc.PgConnection.<init>(PgConnection.java:263) ~[postgresql-42.7.1.jar:42.7.1]
	at org.postgresql.Driver.makeConnection(Driver.java:444) ~[postgresql-42.7.1.jar:42.7.1]
	at org.postgresql.Driver.connect(Driver.java:297) ~[postgresql-42.7.1.jar:42.7.1]
	at com.zaxxer.hikari.util.DriverDataSource.getConnection(DriverDataSource.java:138) ~[HikariCP-4.0.3.jar:na]
	at com.zaxxer.hikari.pool.PoolBase.newConnection(PoolBase.java:364) ~[HikariCP-4.0.3.jar:na]
	at com.zaxxer.hikari.pool.PoolBase.newPoolEntry(PoolBase.java:206) ~[HikariCP-4.0.3.jar:na]
	at com.zaxxer.hikari.pool.HikariPool.createPoolEntry(HikariPool.java:476) ~[HikariCP-4.0.3.jar:na]
	at com.zaxxer.hikari.pool.HikariPool.checkFailFast(HikariPool.java:561) ~[HikariCP-4.0.3.jar:na]
	at com.zaxxer.hikari.pool.HikariPool.<init>(HikariPool.java:115) ~[HikariCP-4.0.3.jar:na]
	at com.zaxxer.hikari.HikariDataSource.getConnection(HikariDataSource.java:112) ~[HikariCP-4.0.3.jar:na]
	at org.hibernate.engine.jdbc.connections.internal.DatasourceConnectionProviderImpl.getConnection(DatasourceConnectionProviderImpl.java:122) ~[hibernate-core-5.6.15.Final.jar:5.6.15.Final]
	at org.hibernate.engine.jdbc.env.internal.JdbcEnvironmentInitiator$ConnectionProviderJdbcConnectionAccess.obtainConnection(JdbcEnvironmentInitiator.java:181) ~[hibernate-core-5.6.15.Final.jar:5.6.15.Final]
	at org.hibernate.engine.jdbc.env.internal.JdbcEnvironmentInitiator.initiateService(JdbcEnvironmentInitiator.java:68) ~[hibernate-core-5.6.15.Final.jar:5.6.15.Final]
	at org.hibernate.engine.jdbc.env.internal.JdbcEnvironmentInitiator.initiateService(JdbcEnvironmentInitiator.java:35) ~[hibernate-core-5.6.15.Final.jar:5.6.15.Final]
	at org.hibernate.boot.registry.internal.StandardServiceRegistryImpl.initiateService(StandardServiceRegistryImpl.java:101) ~[hibernate-core-5.6.15.Final.jar:5.6.15.Final]
	at org.hibernate.service.internal.AbstractServiceRegistryImpl.createService(AbstractServiceRegistryImpl.java:272) ~[hibernate-core-5.6.15.Final.jar:5.6.15.Final]
	at org.hibernate.service.internal.AbstractServiceRegistryImpl.initializeService(AbstractServiceRegistryImpl.java:246) ~[hibernate-core-5.6.15.Final.jar:5.6.15.Final]
	at org.hibernate.service.internal.AbstractServiceRegistryImpl.getService(AbstractServiceRegistryImpl.java:223) ~[hibernate-core-5.6.15.Final.jar:5.6.15.Final]
	at org.hibernate.id.factory.internal.DefaultIdentifierGeneratorFactory.injectServices(DefaultIdentifierGeneratorFactory.java:175) ~[hibernate-core-5.6.15.Final.jar:5.6.15.Final]
	at org.hibernate.service.internal.AbstractServiceRegistryImpl.injectDependencies(AbstractServiceRegistryImpl.java:295) ~[hibernate-core-5.6.15.Final.jar:5.6.15.Final]
	at org.hibernate.service.internal.AbstractServiceRegistryImpl.initializeService(AbstractServiceRegistryImpl.java:252) ~[hibernate-core-5.6.15.Final.jar:5.6.15.Final]
	at org.hibernate.service.internal.AbstractServiceRegistryImpl.getService(AbstractServiceRegistryImpl.java:223) ~[hibernate-core-5.6.15.Final.jar:5.6.15.Final]
	at org.hibernate.boot.internal.InFlightMetadataCollectorImpl.<init>(InFlightMetadataCollectorImpl.java:173) ~[hibernate-core-5.6.15.Final.jar:5.6.15.Final]
	at org.hibernate.boot.model.process.spi.MetadataBuildingProcess.complete(MetadataBuildingProcess.java:127) ~[hibernate-core-5.6.15.Final.jar:5.6.15.Final]
	at org.hibernate.jpa.boot.internal.EntityManagerFactoryBuilderImpl.metadata(EntityManagerFactoryBuilderImpl.java:1460) ~[hibernate-core-5.6.15.Final.jar:5.6.15.Final]
	at org.hibernate.jpa.boot.internal.EntityManagerFactoryBuilderImpl.build(EntityManagerFactoryBuilderImpl.java:1494) ~[hibernate-core-5.6.15.Final.jar:5.6.15.Final]
	at org.springframework.orm.jpa.vendor.SpringHibernateJpaPersistenceProvider.createContainerEntityManagerFactory(SpringHibernateJpaPersistenceProvider.java:58) ~[spring-orm-5.3.31.jar:5.3.31]
	at org.springframework.orm.jpa.LocalContainerEntityManagerFactoryBean.createNativeEntityManagerFactory(LocalContainerEntityManagerFactoryBean.java:365) ~[spring-orm-5.3.31.jar:5.3.31]
	at org.springframework.orm.jpa.AbstractEntityManagerFactoryBean.buildNativeEntityManagerFactory(AbstractEntityManagerFactoryBean.java:409) ~[spring-orm-5.3.31.jar:5.3.31]
	at org.springframework.orm.jpa.AbstractEntityManagerFactoryBean.afterPropertiesSet(AbstractEntityManagerFactoryBean.java:396) ~[spring-orm-5.3.31.jar:5.3.31]
	at org.springframework.orm.jpa.LocalContainerEntityManagerFactoryBean.afterPropertiesSet(LocalContainerEntityManagerFactoryBean.java:341) ~[spring-orm-5.3.31.jar:5.3.31]
	at org.springframework.beans.factory.support.AbstractAutowireCapableBeanFactory.invokeInitMethods(AbstractAutowireCapableBeanFactory.java:1863) ~[spring-beans-5.3.31.jar:5.3.31]
	at org.springframework.beans.factory.support.AbstractAutowireCapableBeanFactory.initializeBean(AbstractAutowireCapableBeanFactory.java:1800) ~[spring-beans-5.3.31.jar:5.3.31]
	at org.springframework.beans.factory.support.AbstractAutowireCapableBeanFactory.doCreateBean(AbstractAutowireCapableBeanFactory.java:620) ~[spring-beans-5.3.31.jar:5.3.31]
	at org.springframework.beans.factory.support.AbstractAutowireCapableBeanFactory.createBean(AbstractAutowireCapableBeanFactory.java:542) ~[spring-beans-5.3.31.jar:5.3.31]
	at org.springframework.beans.factory.support.AbstractBeanFactory.lambda$doGetBean$0(AbstractBeanFactory.java:335) ~[spring-beans-5.3.31.jar:5.3.31]
	at org.springframework.beans.factory.support.DefaultSingletonBeanRegistry.getSingleton(DefaultSingletonBeanRegistry.java:234) ~[spring-beans-5.3.31.jar:5.3.31]
	at org.springframework.beans.factory.support.AbstractBeanFactory.doGetBean(AbstractBeanFactory.java:333) ~[spring-beans-5.3.31.jar:5.3.31]
	at org.springframework.beans.factory.support.AbstractBeanFactory.getBean(AbstractBeanFactory.java:208) ~[spring-beans-5.3.31.jar:5.3.31]
	at org.springframework.context.support.AbstractApplicationContext.getBean(AbstractApplicationContext.java:1168) ~[spring-context-5.3.31.jar:5.3.31]
	at org.springframework.context.support.AbstractApplicationContext.finishBeanFactoryInitialization(AbstractApplicationContext.java:919) ~[spring-context-5.3.31.jar:5.3.31]
	at org.springframework.context.support.AbstractApplicationContext.refresh(AbstractApplicationContext.java:591) ~[spring-context-5.3.31.jar:5.3.31]
	at org.springframework.boot.SpringApplication.refresh(SpringApplication.java:732) ~[spring-boot-2.7.18.jar:2.7.18]
	at org.springframework.boot.SpringApplication.refreshContext(SpringApplication.java:409) ~[spring-boot-2.7.18.jar:2.7.18]
	at org.springframework.boot.SpringApplication.run(SpringApplication.java:308) ~[spring-boot-2.7.18.jar:2.7.18]
	at org.springframework.boot.test.context.SpringBootContextLoader.loadContext(SpringBootContextLoader.java:136) ~[spring-boot-test-2.7.18.jar:2.7.18]
	at org.springframework.test.context.cache.DefaultCacheAwareContextLoaderDelegate.loadContextInternal(DefaultCacheAwareContextLoaderDelegate.java:141) ~[spring-test-5.3.31.jar:5.3.31]
	at org.springframework.test.context.cache.DefaultCacheAwareContextLoaderDelegate.loadContext(DefaultCacheAwareContextLoaderDelegate.java:90) ~[spring-test-5.3.31.jar:5.3.31]
	at org.springframework.test.context.support.DefaultTestContext.getApplicationContext(DefaultTestContext.java:124) ~[spring-test-5.3.31.jar:5.3.31]
	at org.springframework.test.context.support.DependencyInjectionTestExecutionListener.injectDependencies(DependencyInjectionTestExecutionListener.java:118) ~[spring-test-5.3.31.jar:5.3.31]
	at org.springframework.test.context.support.DependencyInjectionTestExecutionListener.prepareTestInstance(DependencyInjectionTestExecutionListener.java:83) ~[spring-test-5.3.31.jar:5.3.31]
	at org.springframework.boot.test.autoconfigure.SpringBootDependencyInjectionTestExecutionListener.prepareTestInstance(SpringBootDependencyInjectionTestExecutionListener.java:43) ~[spring-boot-test-autoconfigure-2.7.18.jar:2.7.18]
	at org.springframework.test.context.TestContextManager.prepareTestInstance(TestContextManager.java:248) ~[spring-test-5.3.31.jar:5.3.31]
	at org.springframework.test.context.junit.jupiter.SpringExtension.postProcessTestInstance(SpringExtension.java:138) ~[spring-test-5.3.31.jar:5.3.31]
	at org.junit.jupiter.engine.descriptor.ClassBasedTestDescriptor.lambda$invokeTestInstancePostProcessors$10(ClassBasedTestDescriptor.java:377) ~[junit-jupiter-engine-5.9.3.jar:5.9.3]
	at org.junit.jupiter.engine.descriptor.ClassBasedTestDescriptor.executeAndMaskThrowable(ClassBasedTestDescriptor.java:382) ~[junit-jupiter-engine-5.9.3.jar:5.9.3]
	at org.junit.jupiter.engine.descriptor.ClassBasedTestDescriptor.lambda$invokeTestInstancePostProcessors$11(ClassBasedTestDescriptor.java:377) ~[junit-jupiter-engine-5.9.3.jar:5.9.3]
	at java.base/java.util.stream.ReferencePipeline$3$1.accept(ReferencePipeline.java:197) ~[na:na]
	at java.base/java.util.stream.ReferencePipeline$2$1.accept(ReferencePipeline.java:179) ~[na:na]
	at java.base/java.util.ArrayList$ArrayListSpliterator.forEachRemaining(ArrayList.java:1708) ~[na:na]
	at java.base/java.util.stream.AbstractPipeline.copyInto(AbstractPipeline.java:509) ~[na:na]
	at java.base/java.util.stream.AbstractPipeline.wrapAndCopyInto(AbstractPipeline.java:499) ~[na:na]
	at java.base/java.util.stream.StreamSpliterators$WrappingSpliterator.forEachRemaining(StreamSpliterators.java:310) ~[na:na]
	at java.base/java.util.stream.Streams$ConcatSpliterator.forEachRemaining(Streams.java:735) ~[na:na]
	at java.base/java.util.stream.Streams$ConcatSpliterator.forEachRemaining(Streams.java:734) ~[na:na]
	at java.base/java.util.stream.ReferencePipeline$Head.forEach(ReferencePipeline.java:762) ~[na:na]
	at org.junit.jupiter.engine.descriptor.ClassBasedTestDescriptor.invokeTestInstancePostProcessors(ClassBasedTestDescriptor.java:376) ~[junit-jupiter-engine-5.9.3.jar:5.9.3]
	at org.junit.jupiter.engine.descriptor.ClassBasedTestDescriptor.lambda$instantiateAndPostProcessTestInstance$6(ClassBasedTestDescriptor.java:289) ~[junit-jupiter-engine-5.9.3.jar:5.9.3]
	at org.junit.platform.engine.support.hierarchical.ThrowableCollector.execute(ThrowableCollector.java:73) ~[junit-platform-engine-1.8.2.jar:1.8.2]
	at org.junit.jupiter.engine.descriptor.ClassBasedTestDescriptor.instantiateAndPostProcessTestInstance(ClassBasedTestDescriptor.java:288) ~[junit-jupiter-engine-5.9.3.jar:5.9.3]
	at org.junit.jupiter.engine.descriptor.ClassBasedTestDescriptor.lambda$testInstancesProvider$4(ClassBasedTestDescriptor.java:278) ~[junit-jupiter-engine-5.9.3.jar:5.9.3]
	at java.base/java.util.Optional.orElseGet(Optional.java:364) ~[na:na]
	at org.junit.jupiter.engine.descriptor.ClassBasedTestDescriptor.lambda$testInstancesProvider$5(ClassBasedTestDescriptor.java:277) ~[junit-jupiter-engine-5.9.3.jar:5.9.3]
	at org.junit.jupiter.engine.execution.TestInstancesProvider.getTestInstances(TestInstancesProvider.java:31) ~[junit-jupiter-engine-5.9.3.jar:5.9.3]
	at org.junit.jupiter.engine.descriptor.TestMethodTestDescriptor.lambda$prepare$0(TestMethodTestDescriptor.java:105) ~[junit-jupiter-engine-5.9.3.jar:5.9.3]
	at org.junit.platform.engine.support.hierarchical.ThrowableCollector.execute(ThrowableCollector.java:73) ~[junit-platform-engine-1.8.2.jar:1.8.2]
	at org.junit.jupiter.engine.descriptor.TestMethodTestDescriptor.prepare(TestMethodTestDescriptor.java:104) ~[junit-jupiter-engine-5.9.3.jar:5.9.3]
	at org.junit.jupiter.engine.descriptor.TestMethodTestDescriptor.prepare(TestMethodTestDescriptor.java:68) ~[junit-jupiter-engine-5.9.3.jar:5.9.3]
	at org.junit.platform.engine.support.hierarchical.NodeTestTask.lambda$prepare$2(NodeTestTask.java:123) ~[junit-platform-engine-1.8.2.jar:1.8.2]
	at org.junit.platform.engine.support.hierarchical.ThrowableCollector.execute(ThrowableCollector.java:73) ~[junit-platform-engine-1.8.2.jar:1.8.2]
	at org.junit.platform.engine.support.hierarchical.NodeTestTask.prepare(NodeTestTask.java:123) ~[junit-platform-engine-1.8.2.jar:1.8.2]
	at org.junit.platform.engine.support.hierarchical.NodeTestTask.execute(NodeTestTask.java:90) ~[junit-platform-engine-1.8.2.jar:1.8.2]
	at java.base/java.util.ArrayList.forEach(ArrayList.java:1596) ~[na:na]
	at org.junit.platform.engine.support.hierarchical.SameThreadHierarchicalTestExecutorService.invokeAll(SameThreadHierarchicalTestExecutorService.java:41) ~[junit-platform-engine-1.8.2.jar:1.8.2]
	at org.junit.platform.engine.support.hierarchical.NodeTestTask.lambda$executeRecursively$6(NodeTestTask.java:155) ~[junit-platform-engine-1.8.2.jar:1.8.2]
	at org.junit.platform.engine.support.hierarchical.ThrowableCollector.execute(ThrowableCollector.java:73) ~[junit-platform-engine-1.8.2.jar:1.8.2]
	at org.junit.platform.engine.support.hierarchical.NodeTestTask.lambda$executeRecursively$8(NodeTestTask.java:141) ~[junit-platform-engine-1.8.2.jar:1.8.2]
	at org.junit.platform.engine.support.hierarchical.Node.around(Node.java:137) ~[junit-platform-engine-1.8.2.jar:1.8.2]
	at org.junit.platform.engine.support.hierarchical.NodeTestTask.lambda$executeRecursively$9(NodeTestTask.java:139) ~[junit-platform-engine-1.8.2.jar:1.8.2]
	at org.junit.platform.engine.support.hierarchical.ThrowableCollector.execute(ThrowableCollector.java:73) ~[junit-platform-engine-1.8.2.jar:1.8.2]
	at org.junit.platform.engine.support.hierarchical.NodeTestTask.executeRecursively(NodeTestTask.java:138) ~[junit-platform-engine-1.8.2.jar:1.8.2]
	at org.junit.platform.engine.support.hierarchical.NodeTestTask.execute(NodeTestTask.java:95) ~[junit-platform-engine-1.8.2.jar:1.8.2]
	at java.base/java.util.ArrayList.forEach(ArrayList.java:1596) ~[na:na]
	at org.junit.platform.engine.support.hierarchical.SameThreadHierarchicalTestExecutorService.invokeAll(SameThreadHierarchicalTestExecutorService.java:41) ~[junit-platform-engine-1.8.2.jar:1.8.2]
	at org.junit.platform.engine.support.hierarchical.NodeTestTask.lambda$executeRecursively$6(NodeTestTask.java:155) ~[junit-platform-engine-1.8.2.jar:1.8.2]
	at org.junit.platform.engine.support.hierarchical.ThrowableCollector.execute(ThrowableCollector.java:73) ~[junit-platform-engine-1.8.2.jar:1.8.2]
	at org.junit.platform.engine.support.hierarchical.NodeTestTask.lambda$executeRecursively$8(NodeTestTask.java:141) ~[junit-platform-engine-1.8.2.jar:1.8.2]
	at org.junit.platform.engine.support.hierarchical.Node.around(Node.java:137) ~[junit-platform-engine-1.8.2.jar:1.8.2]
	at org.junit.platform.engine.support.hierarchical.NodeTestTask.lambda$executeRecursively$9(NodeTestTask.java:139) ~[junit-platform-engine-1.8.2.jar:1.8.2]
	at org.junit.platform.engine.support.hierarchical.ThrowableCollector.execute(ThrowableCollector.java:73) ~[junit-platform-engine-1.8.2.jar:1.8.2]
	at org.junit.platform.engine.support.hierarchical.NodeTestTask.executeRecursively(NodeTestTask.java:138) ~[junit-platform-engine-1.8.2.jar:1.8.2]
	at org.junit.platform.engine.support.hierarchical.NodeTestTask.execute(NodeTestTask.java:95) ~[junit-platform-engine-1.8.2.jar:1.8.2]
	at org.junit.platform.engine.support.hierarchical.SameThreadHierarchicalTestExecutorService.submit(SameThreadHierarchicalTestExecutorService.java:35) ~[junit-platform-engine-1.8.2.jar:1.8.2]
	at org.junit.platform.engine.support.hierarchical.HierarchicalTestExecutor.execute(HierarchicalTestExecutor.java:57) ~[junit-platform-engine-1.8.2.jar:1.8.2]
	at org.junit.platform.engine.support.hierarchical.HierarchicalTestEngine.execute(HierarchicalTestEngine.java:54) ~[junit-platform-engine-1.8.2.jar:1.8.2]
	at org.junit.platform.launcher.core.DefaultLauncher.execute(DefaultLauncher.java:220) ~[junit-platform-launcher-1.3.1.jar:1.3.1]
	at org.junit.platform.launcher.core.DefaultLauncher.lambda$execute$6(DefaultLauncher.java:188) ~[junit-platform-launcher-1.3.1.jar:1.3.1]
	at org.junit.platform.launcher.core.DefaultLauncher.withInterceptedStreams(DefaultLauncher.java:202) ~[junit-platform-launcher-1.3.1.jar:1.3.1]
	at org.junit.platform.launcher.core.DefaultLauncher.execute(DefaultLauncher.java:181) ~[junit-platform-launcher-1.3.1.jar:1.3.1]
	at org.junit.platform.launcher.core.DefaultLauncher.execute(DefaultLauncher.java:128) ~[junit-platform-launcher-1.3.1.jar:1.3.1]
	at org.apache.maven.surefire.junitplatform.JUnitPlatformProvider.invokeAllTests(JUnitPlatformProvider.java:150) ~[surefire-junit-platform-2.22.2.jar:2.22.2]
	at org.apache.maven.surefire.junitplatform.JUnitPlatformProvider.invoke(JUnitPlatformProvider.java:124) ~[surefire-junit-platform-2.22.2.jar:2.22.2]
	at org.apache.maven.surefire.booter.ForkedBooter.invokeProviderInSameClassLoader(ForkedBooter.java:384) ~[surefire-booter-2.22.2.jar:2.22.2]
	at org.apache.maven.surefire.booter.ForkedBooter.runSuitesInProcess(ForkedBooter.java:345) ~[surefire-booter-2.22.2.jar:2.22.2]
	at org.apache.maven.surefire.booter.ForkedBooter.execute(ForkedBooter.java:126) ~[surefire-booter-2.22.2.jar:2.22.2]
	at org.apache.maven.surefire.booter.ForkedBooter.main(ForkedBooter.java:418) ~[surefire-booter-2.22.2.jar:2.22.2]
Caused by: java.net.ConnectException: Connection refused
	at java.base/sun.nio.ch.Net.pollConnect(Native Method) ~[na:na]
	at java.base/sun.nio.ch.Net.pollConnectNow(Net.java:682) ~[na:na]
	at java.base/sun.nio.ch.NioSocketImpl.timedFinishConnect(NioSocketImpl.java:542) ~[na:na]
	at java.base/sun.nio.ch.NioSocketImpl.connect(NioSocketImpl.java:592) ~[na:na]
	at java.base/java.net.SocksSocketImpl.connect(SocksSocketImpl.java:327) ~[na:na]
	at java.base/java.net.Socket.connect(Socket.java:751) ~[na:na]
	at org.postgresql.core.PGStream.createSocket(PGStream.java:243) ~[postgresql-42.7.1.jar:42.7.1]
	at org.postgresql.core.PGStream.<init>(PGStream.java:98) ~[postgresql-42.7.1.jar:42.7.1]
	at org.postgresql.core.v3.ConnectionFactoryImpl.tryConnect(ConnectionFactoryImpl.java:132) ~[postgresql-42.7.1.jar:42.7.1]
	at org.postgresql.core.v3.ConnectionFactoryImpl.openConnectionImpl(ConnectionFactoryImpl.java:258) ~[postgresql-42.7.1.jar:42.7.1]
	... 117 common frames omitted

2026-02-05 14:26:50.651  INFO 2945 --- [           main] org.hibernate.dialect.Dialect            : HHH000400: Using dialect: org.hibernate.dialect.PostgreSQLDialect
Hibernate: alter table contract drop constraint FKq28qogy68douoc4gkgcy3ow9p
2026-02-05 14:26:50.705  INFO 2945 --- [           main] com.zaxxer.hikari.HikariDataSource       : HikariPool-2 - Starting...
2026-02-05 14:26:51.707 ERROR 2945 --- [           main] com.zaxxer.hikari.pool.HikariPool        : HikariPool-2 - Exception during pool initialization.

org.postgresql.util.PSQLException: Connection to localhost:5432 refused. Check that the hostname and port are correct and that the postmaster is accepting TCP/IP connections.
	at org.postgresql.core.v3.ConnectionFactoryImpl.openConnectionImpl(ConnectionFactoryImpl.java:342) ~[postgresql-42.7.1.jar:42.7.1]
	at org.postgresql.core.ConnectionFactory.openConnection(ConnectionFactory.java:54) ~[postgresql-42.7.1.jar:42.7.1]
	at org.postgresql.jdbc.PgConnection.<init>(PgConnection.java:263) ~[postgresql-42.7.1.jar:42.7.1]
	at org.postgresql.Driver.makeConnection(Driver.java:444) ~[postgresql-42.7.1.jar:42.7.1]
	at org.postgresql.Driver.connect(Driver.java:297) ~[postgresql-42.7.1.jar:42.7.1]
	at com.zaxxer.hikari.util.DriverDataSource.getConnection(DriverDataSource.java:138) ~[HikariCP-4.0.3.jar:na]
	at com.zaxxer.hikari.pool.PoolBase.newConnection(PoolBase.java:364) ~[HikariCP-4.0.3.jar:na]
	at com.zaxxer.hikari.pool.PoolBase.newPoolEntry(PoolBase.java:206) ~[HikariCP-4.0.3.jar:na]
	at com.zaxxer.hikari.pool.HikariPool.createPoolEntry(HikariPool.java:476) ~[HikariCP-4.0.3.jar:na]
	at com.zaxxer.hikari.pool.HikariPool.checkFailFast(HikariPool.java:561) ~[HikariCP-4.0.3.jar:na]
	at com.zaxxer.hikari.pool.HikariPool.<init>(HikariPool.java:115) ~[HikariCP-4.0.3.jar:na]
	at com.zaxxer.hikari.HikariDataSource.getConnection(HikariDataSource.java:112) ~[HikariCP-4.0.3.jar:na]
	at org.hibernate.engine.jdbc.connections.internal.DatasourceConnectionProviderImpl.getConnection(DatasourceConnectionProviderImpl.java:122) ~[hibernate-core-5.6.15.Final.jar:5.6.15.Final]
	at org.hibernate.engine.jdbc.env.internal.JdbcEnvironmentInitiator$ConnectionProviderJdbcConnectionAccess.obtainConnection(JdbcEnvironmentInitiator.java:181) ~[hibernate-core-5.6.15.Final.jar:5.6.15.Final]
	at org.hibernate.resource.transaction.backend.jdbc.internal.DdlTransactionIsolatorNonJtaImpl.getIsolatedConnection(DdlTransactionIsolatorNonJtaImpl.java:44) ~[hibernate-core-5.6.15.Final.jar:5.6.15.Final]
	at org.hibernate.tool.schema.internal.exec.GenerationTargetToDatabase.jdbcStatement(GenerationTargetToDatabase.java:77) ~[hibernate-core-5.6.15.Final.jar:5.6.15.Final]
	at org.hibernate.tool.schema.internal.exec.GenerationTargetToDatabase.accept(GenerationTargetToDatabase.java:53) ~[hibernate-core-5.6.15.Final.jar:5.6.15.Final]
	at org.hibernate.tool.schema.internal.SchemaDropperImpl.applySqlString(SchemaDropperImpl.java:387) ~[hibernate-core-5.6.15.Final.jar:5.6.15.Final]
	at org.hibernate.tool.schema.internal.SchemaDropperImpl.applySqlStrings(SchemaDropperImpl.java:371) ~[hibernate-core-5.6.15.Final.jar:5.6.15.Final]
	at org.hibernate.tool.schema.internal.SchemaDropperImpl.applyConstraintDropping(SchemaDropperImpl.java:341) ~[hibernate-core-5.6.15.Final.jar:5.6.15.Final]
	at org.hibernate.tool.schema.internal.SchemaDropperImpl.dropFromMetadata(SchemaDropperImpl.java:235) ~[hibernate-core-5.6.15.Final.jar:5.6.15.Final]
	at org.hibernate.tool.schema.internal.SchemaDropperImpl.performDrop(SchemaDropperImpl.java:156) ~[hibernate-core-5.6.15.Final.jar:5.6.15.Final]
	at org.hibernate.tool.schema.internal.SchemaDropperImpl.doDrop(SchemaDropperImpl.java:128) ~[hibernate-core-5.6.15.Final.jar:5.6.15.Final]
	at org.hibernate.tool.schema.internal.SchemaDropperImpl.doDrop(SchemaDropperImpl.java:114) ~[hibernate-core-5.6.15.Final.jar:5.6.15.Final]
	at org.hibernate.tool.schema.spi.SchemaManagementToolCoordinator.performDatabaseAction(SchemaManagementToolCoordinator.java:157) ~[hibernate-core-5.6.15.Final.jar:5.6.15.Final]
	at org.hibernate.tool.schema.spi.SchemaManagementToolCoordinator.process(SchemaManagementToolCoordinator.java:85) ~[hibernate-core-5.6.15.Final.jar:5.6.15.Final]
	at org.hibernate.internal.SessionFactoryImpl.<init>(SessionFactoryImpl.java:335) ~[hibernate-core-5.6.15.Final.jar:5.6.15.Final]
	at org.hibernate.boot.internal.SessionFactoryBuilderImpl.build(SessionFactoryBuilderImpl.java:471) ~[hibernate-core-5.6.15.Final.jar:5.6.15.Final]
	at org.hibernate.jpa.boot.internal.EntityManagerFactoryBuilderImpl.build(EntityManagerFactoryBuilderImpl.java:1498) ~[hibernate-core-5.6.15.Final.jar:5.6.15.Final]
	at org.springframework.orm.jpa.vendor.SpringHibernateJpaPersistenceProvider.createContainerEntityManagerFactory(SpringHibernateJpaPersistenceProvider.java:58) ~[spring-orm-5.3.31.jar:5.3.31]
	at org.springframework.orm.jpa.LocalContainerEntityManagerFactoryBean.createNativeEntityManagerFactory(LocalContainerEntityManagerFactoryBean.java:365) ~[spring-orm-5.3.31.jar:5.3.31]
	at org.springframework.orm.jpa.AbstractEntityManagerFactoryBean.buildNativeEntityManagerFactory(AbstractEntityManagerFactoryBean.java:409) ~[spring-orm-5.3.31.jar:5.3.31]
	at org.springframework.orm.jpa.AbstractEntityManagerFactoryBean.afterPropertiesSet(AbstractEntityManagerFactoryBean.java:396) ~[spring-orm-5.3.31.jar:5.3.31]
	at org.springframework.orm.jpa.LocalContainerEntityManagerFactoryBean.afterPropertiesSet(LocalContainerEntityManagerFactoryBean.java:341) ~[spring-orm-5.3.31.jar:5.3.31]
	at org.springframework.beans.factory.support.AbstractAutowireCapableBeanFactory.invokeInitMethods(AbstractAutowireCapableBeanFactory.java:1863) ~[spring-beans-5.3.31.jar:5.3.31]
	at org.springframework.beans.factory.support.AbstractAutowireCapableBeanFactory.initializeBean(AbstractAutowireCapableBeanFactory.java:1800) ~[spring-beans-5.3.31.jar:5.3.31]
	at org.springframework.beans.factory.support.AbstractAutowireCapableBeanFactory.doCreateBean(AbstractAutowireCapableBeanFactory.java:620) ~[spring-beans-5.3.31.jar:5.3.31]
	at org.springframework.beans.factory.support.AbstractAutowireCapableBeanFactory.createBean(AbstractAutowireCapableBeanFactory.java:542) ~[spring-beans-5.3.31.jar:5.3.31]
	at org.springframework.beans.factory.support.AbstractBeanFactory.lambda$doGetBean$0(AbstractBeanFactory.java:335) ~[spring-beans-5.3.31.jar:5.3.31]
	at org.springframework.beans.factory.support.DefaultSingletonBeanRegistry.getSingleton(DefaultSingletonBeanRegistry.java:234) ~[spring-beans-5.3.31.jar:5.3.31]
	at org.springframework.beans.factory.support.AbstractBeanFactory.doGetBean(AbstractBeanFactory.java:333) ~[spring-beans-5.3.31.jar:5.3.31]
	at org.springframework.beans.factory.support.AbstractBeanFactory.getBean(AbstractBeanFactory.java:208) ~[spring-beans-5.3.31.jar:5.3.31]
	at org.springframework.context.support.AbstractApplicationContext.getBean(AbstractApplicationContext.java:1168) ~[spring-context-5.3.31.jar:5.3.31]
	at org.springframework.context.support.AbstractApplicationContext.finishBeanFactoryInitialization(AbstractApplicationContext.java:919) ~[spring-context-5.3.31.jar:5.3.31]
	at org.springframework.context.support.AbstractApplicationContext.refresh(AbstractApplicationContext.java:591) ~[spring-context-5.3.31.jar:5.3.31]
	at org.springframework.boot.SpringApplication.refresh(SpringApplication.java:732) ~[spring-boot-2.7.18.jar:2.7.18]
	at org.springframework.boot.SpringApplication.refreshContext(SpringApplication.java:409) ~[spring-boot-2.7.18.jar:2.7.18]
	at org.springframework.boot.SpringApplication.run(SpringApplication.java:308) ~[spring-boot-2.7.18.jar:2.7.18]
	at org.springframework.boot.test.context.SpringBootContextLoader.loadContext(SpringBootContextLoader.java:136) ~[spring-boot-test-2.7.18.jar:2.7.18]
	at org.springframework.test.context.cache.DefaultCacheAwareContextLoaderDelegate.loadContextInternal(DefaultCacheAwareContextLoaderDelegate.java:141) ~[spring-test-5.3.31.jar:5.3.31]
	at org.springframework.test.context.cache.DefaultCacheAwareContextLoaderDelegate.loadContext(DefaultCacheAwareContextLoaderDelegate.java:90) ~[spring-test-5.3.31.jar:5.3.31]
	at org.springframework.test.context.support.DefaultTestContext.getApplicationContext(DefaultTestContext.java:124) ~[spring-test-5.3.31.jar:5.3.31]
	at org.springframework.test.context.support.DependencyInjectionTestExecutionListener.injectDependencies(DependencyInjectionTestExecutionListener.java:118) ~[spring-test-5.3.31.jar:5.3.31]
	at org.springframework.test.context.support.DependencyInjectionTestExecutionListener.prepareTestInstance(DependencyInjectionTestExecutionListener.java:83) ~[spring-test-5.3.31.jar:5.3.31]
	at org.springframework.boot.test.autoconfigure.SpringBootDependencyInjectionTestExecutionListener.prepareTestInstance(SpringBootDependencyInjectionTestExecutionListener.java:43) ~[spring-boot-test-autoconfigure-2.7.18.jar:2.7.18]
	at org.springframework.test.context.TestContextManager.prepareTestInstance(TestContextManager.java:248) ~[spring-test-5.3.31.jar:5.3.31]
	at org.springframework.test.context.junit.jupiter.SpringExtension.postProcessTestInstance(SpringExtension.java:138) ~[spring-test-5.3.31.jar:5.3.31]
	at org.junit.jupiter.engine.descriptor.ClassBasedTestDescriptor.lambda$invokeTestInstancePostProcessors$10(ClassBasedTestDescriptor.java:377) ~[junit-jupiter-engine-5.9.3.jar:5.9.3]
	at org.junit.jupiter.engine.descriptor.ClassBasedTestDescriptor.executeAndMaskThrowable(ClassBasedTestDescriptor.java:382) ~[junit-jupiter-engine-5.9.3.jar:5.9.3]
	at org.junit.jupiter.engine.descriptor.ClassBasedTestDescriptor.lambda$invokeTestInstancePostProcessors$11(ClassBasedTestDescriptor.java:377) ~[junit-jupiter-engine-5.9.3.jar:5.9.3]
	at java.base/java.util.stream.ReferencePipeline$3$1.accept(ReferencePipeline.java:197) ~[na:na]
	at java.base/java.util.stream.ReferencePipeline$2$1.accept(ReferencePipeline.java:179) ~[na:na]
	at java.base/java.util.ArrayList$ArrayListSpliterator.forEachRemaining(ArrayList.java:1708) ~[na:na]
	at java.base/java.util.stream.AbstractPipeline.copyInto(AbstractPipeline.java:509) ~[na:na]
	at java.base/java.util.stream.AbstractPipeline.wrapAndCopyInto(AbstractPipeline.java:499) ~[na:na]
	at java.base/java.util.stream.StreamSpliterators$WrappingSpliterator.forEachRemaining(StreamSpliterators.java:310) ~[na:na]
	at java.base/java.util.stream.Streams$ConcatSpliterator.forEachRemaining(Streams.java:735) ~[na:na]
	at java.base/java.util.stream.Streams$ConcatSpliterator.forEachRemaining(Streams.java:734) ~[na:na]
	at java.base/java.util.stream.ReferencePipeline$Head.forEach(ReferencePipeline.java:762) ~[na:na]
	at org.junit.jupiter.engine.descriptor.ClassBasedTestDescriptor.invokeTestInstancePostProcessors(ClassBasedTestDescriptor.java:376) ~[junit-jupiter-engine-5.9.3.jar:5.9.3]
	at org.junit.jupiter.engine.descriptor.ClassBasedTestDescriptor.lambda$instantiateAndPostProcessTestInstance$6(ClassBasedTestDescriptor.java:289) ~[junit-jupiter-engine-5.9.3.jar:5.9.3]
	at org.junit.platform.engine.support.hierarchical.ThrowableCollector.execute(ThrowableCollector.java:73) ~[junit-platform-engine-1.8.2.jar:1.8.2]
	at org.junit.jupiter.engine.descriptor.ClassBasedTestDescriptor.instantiateAndPostProcessTestInstance(ClassBasedTestDescriptor.java:288) ~[junit-jupiter-engine-5.9.3.jar:5.9.3]
	at org.junit.jupiter.engine.descriptor.ClassBasedTestDescriptor.lambda$testInstancesProvider$4(ClassBasedTestDescriptor.java:278) ~[junit-jupiter-engine-5.9.3.jar:5.9.3]
	at java.base/java.util.Optional.orElseGet(Optional.java:364) ~[na:na]
	at org.junit.jupiter.engine.descriptor.ClassBasedTestDescriptor.lambda$testInstancesProvider$5(ClassBasedTestDescriptor.java:277) ~[junit-jupiter-engine-5.9.3.jar:5.9.3]
	at org.junit.jupiter.engine.execution.TestInstancesProvider.getTestInstances(TestInstancesProvider.java:31) ~[junit-jupiter-engine-5.9.3.jar:5.9.3]
	at org.junit.jupiter.engine.descriptor.TestMethodTestDescriptor.lambda$prepare$0(TestMethodTestDescriptor.java:105) ~[junit-jupiter-engine-5.9.3.jar:5.9.3]
	at org.junit.platform.engine.support.hierarchical.ThrowableCollector.execute(ThrowableCollector.java:73) ~[junit-platform-engine-1.8.2.jar:1.8.2]
	at org.junit.jupiter.engine.descriptor.TestMethodTestDescriptor.prepare(TestMethodTestDescriptor.java:104) ~[junit-jupiter-engine-5.9.3.jar:5.9.3]
	at org.junit.jupiter.engine.descriptor.TestMethodTestDescriptor.prepare(TestMethodTestDescriptor.java:68) ~[junit-jupiter-engine-5.9.3.jar:5.9.3]
	at org.junit.platform.engine.support.hierarchical.NodeTestTask.lambda$prepare$2(NodeTestTask.java:123) ~[junit-platform-engine-1.8.2.jar:1.8.2]
	at org.junit.platform.engine.support.hierarchical.ThrowableCollector.execute(ThrowableCollector.java:73) ~[junit-platform-engine-1.8.2.jar:1.8.2]
	at org.junit.platform.engine.support.hierarchical.NodeTestTask.prepare(NodeTestTask.java:123) ~[junit-platform-engine-1.8.2.jar:1.8.2]
	at org.junit.platform.engine.support.hierarchical.NodeTestTask.execute(NodeTestTask.java:90) ~[junit-platform-engine-1.8.2.jar:1.8.2]
	at java.base/java.util.ArrayList.forEach(ArrayList.java:1596) ~[na:na]
	at org.junit.platform.engine.support.hierarchical.SameThreadHierarchicalTestExecutorService.invokeAll(SameThreadHierarchicalTestExecutorService.java:41) ~[junit-platform-engine-1.8.2.jar:1.8.2]
	at org.junit.platform.engine.support.hierarchical.NodeTestTask.lambda$executeRecursively$6(NodeTestTask.java:155) ~[junit-platform-engine-1.8.2.jar:1.8.2]
	at org.junit.platform.engine.support.hierarchical.ThrowableCollector.execute(ThrowableCollector.java:73) ~[junit-platform-engine-1.8.2.jar:1.8.2]
	at org.junit.platform.engine.support.hierarchical.NodeTestTask.lambda$executeRecursively$8(NodeTestTask.java:141) ~[junit-platform-engine-1.8.2.jar:1.8.2]
	at org.junit.platform.engine.support.hierarchical.Node.around(Node.java:137) ~[junit-platform-engine-1.8.2.jar:1.8.2]
	at org.junit.platform.engine.support.hierarchical.NodeTestTask.lambda$executeRecursively$9(NodeTestTask.java:139) ~[junit-platform-engine-1.8.2.jar:1.8.2]
	at org.junit.platform.engine.support.hierarchical.ThrowableCollector.execute(ThrowableCollector.java:73) ~[junit-platform-engine-1.8.2.jar:1.8.2]
	at org.junit.platform.engine.support.hierarchical.NodeTestTask.executeRecursively(NodeTestTask.java:138) ~[junit-platform-engine-1.8.2.jar:1.8.2]
	at org.junit.platform.engine.support.hierarchical.NodeTestTask.execute(NodeTestTask.java:95) ~[junit-platform-engine-1.8.2.jar:1.8.2]
	at java.base/java.util.ArrayList.forEach(ArrayList.java:1596) ~[na:na]
	at org.junit.platform.engine.support.hierarchical.SameThreadHierarchicalTestExecutorService.invokeAll(SameThreadHierarchicalTestExecutorService.java:41) ~[junit-platform-engine-1.8.2.jar:1.8.2]
	at org.junit.platform.engine.support.hierarchical.NodeTestTask.lambda$executeRecursively$6(NodeTestTask.java:155) ~[junit-platform-engine-1.8.2.jar:1.8.2]
	at org.junit.platform.engine.support.hierarchical.ThrowableCollector.execute(ThrowableCollector.java:73) ~[junit-platform-engine-1.8.2.jar:1.8.2]
	at org.junit.platform.engine.support.hierarchical.NodeTestTask.lambda$executeRecursively$8(NodeTestTask.java:141) ~[junit-platform-engine-1.8.2.jar:1.8.2]
	at org.junit.platform.engine.support.hierarchical.Node.around(Node.java:137) ~[junit-platform-engine-1.8.2.jar:1.8.2]
	at org.junit.platform.engine.support.hierarchical.NodeTestTask.lambda$executeRecursively$9(NodeTestTask.java:139) ~[junit-platform-engine-1.8.2.jar:1.8.2]
	at org.junit.platform.engine.support.hierarchical.ThrowableCollector.execute(ThrowableCollector.java:73) ~[junit-platform-engine-1.8.2.jar:1.8.2]
	at org.junit.platform.engine.support.hierarchical.NodeTestTask.executeRecursively(NodeTestTask.java:138) ~[junit-platform-engine-1.8.2.jar:1.8.2]
	at org.junit.platform.engine.support.hierarchical.NodeTestTask.execute(NodeTestTask.java:95) ~[junit-platform-engine-1.8.2.jar:1.8.2]
	at org.junit.platform.engine.support.hierarchical.SameThreadHierarchicalTestExecutorService.submit(SameThreadHierarchicalTestExecutorService.java:35) ~[junit-platform-engine-1.8.2.jar:1.8.2]
	at org.junit.platform.engine.support.hierarchical.HierarchicalTestExecutor.execute(HierarchicalTestExecutor.java:57) ~[junit-platform-engine-1.8.2.jar:1.8.2]
	at org.junit.platform.engine.support.hierarchical.HierarchicalTestEngine.execute(HierarchicalTestEngine.java:54) ~[junit-platform-engine-1.8.2.jar:1.8.2]
	at org.junit.platform.launcher.core.DefaultLauncher.execute(DefaultLauncher.java:220) ~[junit-platform-launcher-1.3.1.jar:1.3.1]
	at org.junit.platform.launcher.core.DefaultLauncher.lambda$execute$6(DefaultLauncher.java:188) ~[junit-platform-launcher-1.3.1.jar:1.3.1]
	at org.junit.platform.launcher.core.DefaultLauncher.withInterceptedStreams(DefaultLauncher.java:202) ~[junit-platform-launcher-1.3.1.jar:1.3.1]
	at org.junit.platform.launcher.core.DefaultLauncher.execute(DefaultLauncher.java:181) ~[junit-platform-launcher-1.3.1.jar:1.3.1]
	at org.junit.platform.launcher.core.DefaultLauncher.execute(DefaultLauncher.java:128) ~[junit-platform-launcher-1.3.1.jar:1.3.1]
	at org.apache.maven.surefire.junitplatform.JUnitPlatformProvider.invokeAllTests(JUnitPlatformProvider.java:150) ~[surefire-junit-platform-2.22.2.jar:2.22.2]
	at org.apache.maven.surefire.junitplatform.JUnitPlatformProvider.invoke(JUnitPlatformProvider.java:124) ~[surefire-junit-platform-2.22.2.jar:2.22.2]
	at org.apache.maven.surefire.booter.ForkedBooter.invokeProviderInSameClassLoader(ForkedBooter.java:384) ~[surefire-booter-2.22.2.jar:2.22.2]
	at org.apache.maven.surefire.booter.ForkedBooter.runSuitesInProcess(ForkedBooter.java:345) ~[surefire-booter-2.22.2.jar:2.22.2]
	at org.apache.maven.surefire.booter.ForkedBooter.execute(ForkedBooter.java:126) ~[surefire-booter-2.22.2.jar:2.22.2]
	at org.apache.maven.surefire.booter.ForkedBooter.main(ForkedBooter.java:418) ~[surefire-booter-2.22.2.jar:2.22.2]
Caused by: java.net.ConnectException: Connection refused
	at java.base/sun.nio.ch.Net.pollConnect(Native Method) ~[na:na]
	at java.base/sun.nio.ch.Net.pollConnectNow(Net.java:682) ~[na:na]
	at java.base/sun.nio.ch.NioSocketImpl.timedFinishConnect(NioSocketImpl.java:542) ~[na:na]
	at java.base/sun.nio.ch.NioSocketImpl.connect(NioSocketImpl.java:592) ~[na:na]
	at java.base/java.net.SocksSocketImpl.connect(SocksSocketImpl.java:327) ~[na:na]
	at java.base/java.net.Socket.connect(Socket.java:751) ~[na:na]
	at org.postgresql.core.PGStream.createSocket(PGStream.java:243) ~[postgresql-42.7.1.jar:42.7.1]
	at org.postgresql.core.PGStream.<init>(PGStream.java:98) ~[postgresql-42.7.1.jar:42.7.1]
	at org.postgresql.core.v3.ConnectionFactoryImpl.tryConnect(ConnectionFactoryImpl.java:132) ~[postgresql-42.7.1.jar:42.7.1]
	at org.postgresql.core.v3.ConnectionFactoryImpl.openConnectionImpl(ConnectionFactoryImpl.java:258) ~[postgresql-42.7.1.jar:42.7.1]
	... 118 common frames omitted

2026-02-05 14:26:51.707  WARN 2945 --- [           main] o.h.engine.jdbc.spi.SqlExceptionHelper   : SQL Error: 0, SQLState: 08001
2026-02-05 14:26:51.707 ERROR 2945 --- [           main] o.h.engine.jdbc.spi.SqlExceptionHelper   : Connection to localhost:5432 refused. Check that the hostname and port are correct and that the postmaster is accepting TCP/IP connections.
2026-02-05 14:26:51.708 ERROR 2945 --- [           main] j.LocalContainerEntityManagerFactoryBean : Failed to initialize JPA EntityManagerFactory: [PersistenceUnit: default] Unable to build Hibernate SessionFactory; nested exception is org.hibernate.exception.JDBCConnectionException: Unable to open JDBC Connection for DDL execution
2026-02-05 14:26:51.708  WARN 2945 --- [           main] s.c.a.AnnotationConfigApplicationContext : Exception encountered during context initialization - cancelling refresh attempt: org.springframework.beans.factory.BeanCreationException: Error creating bean with name 'entityManagerFactory' defined in class path resource [org/springframework/boot/autoconfigure/orm/jpa/HibernateJpaConfiguration.class]: Invocation of init method failed; nested exception is javax.persistence.PersistenceException: [PersistenceUnit: default] Unable to build Hibernate SessionFactory; nested exception is org.hibernate.exception.JDBCConnectionException: Unable to open JDBC Connection for DDL execution
2026-02-05 14:26:51.709  INFO 2945 --- [           main] ConditionEvaluationReportLoggingListener : 

Error starting ApplicationContext. To display the conditions report re-run your application with 'debug' enabled.
2026-02-05 14:26:51.711 ERROR 2945 --- [           main] o.s.boot.SpringApplication               : Application run failed

org.springframework.beans.factory.BeanCreationException: Error creating bean with name 'entityManagerFactory' defined in class path resource [org/springframework/boot/autoconfigure/orm/jpa/HibernateJpaConfiguration.class]: Invocation of init method failed; nested exception is javax.persistence.PersistenceException: [PersistenceUnit: default] Unable to build Hibernate SessionFactory; nested exception is org.hibernate.exception.JDBCConnectionException: Unable to open JDBC Connection for DDL execution
	at org.springframework.beans.factory.support.AbstractAutowireCapableBeanFactory.initializeBean(AbstractAutowireCapableBeanFactory.java:1804) ~[spring-beans-5.3.31.jar:5.3.31]
	at org.springframework.beans.factory.support.AbstractAutowireCapableBeanFactory.doCreateBean(AbstractAutowireCapableBeanFactory.java:620) ~[spring-beans-5.3.31.jar:5.3.31]
	at org.springframework.beans.factory.support.AbstractAutowireCapableBeanFactory.createBean(AbstractAutowireCapableBeanFactory.java:542) ~[spring-beans-5.3.31.jar:5.3.31]
	at org.springframework.beans.factory.support.AbstractBeanFactory.lambda$doGetBean$0(AbstractBeanFactory.java:335) ~[spring-beans-5.3.31.jar:5.3.31]
	at org.springframework.beans.factory.support.DefaultSingletonBeanRegistry.getSingleton(DefaultSingletonBeanRegistry.java:234) ~[spring-beans-5.3.31.jar:5.3.31]
	at org.springframework.beans.factory.support.AbstractBeanFactory.doGetBean(AbstractBeanFactory.java:333) ~[spring-beans-5.3.31.jar:5.3.31]
	at org.springframework.beans.factory.support.AbstractBeanFactory.getBean(AbstractBeanFactory.java:208) ~[spring-beans-5.3.31.jar:5.3.31]
	at org.springframework.context.support.AbstractApplicationContext.getBean(AbstractApplicationContext.java:1168) ~[spring-context-5.3.31.jar:5.3.31]
	at org.springframework.context.support.AbstractApplicationContext.finishBeanFactoryInitialization(AbstractApplicationContext.java:919) ~[spring-context-5.3.31.jar:5.3.31]
	at org.springframework.context.support.AbstractApplicationContext.refresh(AbstractApplicationContext.java:591) ~[spring-context-5.3.31.jar:5.3.31]
	at org.springframework.boot.SpringApplication.refresh(SpringApplication.java:732) ~[spring-boot-2.7.18.jar:2.7.18]
	at org.springframework.boot.SpringApplication.refreshContext(SpringApplication.java:409) ~[spring-boot-2.7.18.jar:2.7.18]
	at org.springframework.boot.SpringApplication.run(SpringApplication.java:308) ~[spring-boot-2.7.18.jar:2.7.18]
	at org.springframework.boot.test.context.SpringBootContextLoader.loadContext(SpringBootContextLoader.java:136) ~[spring-boot-test-2.7.18.jar:2.7.18]
	at org.springframework.test.context.cache.DefaultCacheAwareContextLoaderDelegate.loadContextInternal(DefaultCacheAwareContextLoaderDelegate.java:141) ~[spring-test-5.3.31.jar:5.3.31]
	at org.springframework.test.context.cache.DefaultCacheAwareContextLoaderDelegate.loadContext(DefaultCacheAwareContextLoaderDelegate.java:90) ~[spring-test-5.3.31.jar:5.3.31]
	at org.springframework.test.context.support.DefaultTestContext.getApplicationContext(DefaultTestContext.java:124) ~[spring-test-5.3.31.jar:5.3.31]
	at org.springframework.test.context.support.DependencyInjectionTestExecutionListener.injectDependencies(DependencyInjectionTestExecutionListener.java:118) ~[spring-test-5.3.31.jar:5.3.31]
	at org.springframework.test.context.support.DependencyInjectionTestExecutionListener.prepareTestInstance(DependencyInjectionTestExecutionListener.java:83) ~[spring-test-5.3.31.jar:5.3.31]
	at org.springframework.boot.test.autoconfigure.SpringBootDependencyInjectionTestExecutionListener.prepareTestInstance(SpringBootDependencyInjectionTestExecutionListener.java:43) ~[spring-boot-test-autoconfigure-2.7.18.jar:2.7.18]
	at org.springframework.test.context.TestContextManager.prepareTestInstance(TestContextManager.java:248) ~[spring-test-5.3.31.jar:5.3.31]
	at org.springframework.test.context.junit.jupiter.SpringExtension.postProcessTestInstance(SpringExtension.java:138) ~[spring-test-5.3.31.jar:5.3.31]
	at org.junit.jupiter.engine.descriptor.ClassBasedTestDescriptor.lambda$invokeTestInstancePostProcessors$10(ClassBasedTestDescriptor.java:377) ~[junit-jupiter-engine-5.9.3.jar:5.9.3]
	at org.junit.jupiter.engine.descriptor.ClassBasedTestDescriptor.executeAndMaskThrowable(ClassBasedTestDescriptor.java:382) ~[junit-jupiter-engine-5.9.3.jar:5.9.3]
	at org.junit.jupiter.engine.descriptor.ClassBasedTestDescriptor.lambda$invokeTestInstancePostProcessors$11(ClassBasedTestDescriptor.java:377) ~[junit-jupiter-engine-5.9.3.jar:5.9.3]
	at java.base/java.util.stream.ReferencePipeline$3$1.accept(ReferencePipeline.java:197) ~[na:na]
	at java.base/java.util.stream.ReferencePipeline$2$1.accept(ReferencePipeline.java:179) ~[na:na]
	at java.base/java.util.ArrayList$ArrayListSpliterator.forEachRemaining(ArrayList.java:1708) ~[na:na]
	at java.base/java.util.stream.AbstractPipeline.copyInto(AbstractPipeline.java:509) ~[na:na]
	at java.base/java.util.stream.AbstractPipeline.wrapAndCopyInto(AbstractPipeline.java:499) ~[na:na]
	at java.base/java.util.stream.StreamSpliterators$WrappingSpliterator.forEachRemaining(StreamSpliterators.java:310) ~[na:na]
	at java.base/java.util.stream.Streams$ConcatSpliterator.forEachRemaining(Streams.java:735) ~[na:na]
	at java.base/java.util.stream.Streams$ConcatSpliterator.forEachRemaining(Streams.java:734) ~[na:na]
	at java.base/java.util.stream.ReferencePipeline$Head.forEach(ReferencePipeline.java:762) ~[na:na]
	at org.junit.jupiter.engine.descriptor.ClassBasedTestDescriptor.invokeTestInstancePostProcessors(ClassBasedTestDescriptor.java:376) ~[junit-jupiter-engine-5.9.3.jar:5.9.3]
	at org.junit.jupiter.engine.descriptor.ClassBasedTestDescriptor.lambda$instantiateAndPostProcessTestInstance$6(ClassBasedTestDescriptor.java:289) ~[junit-jupiter-engine-5.9.3.jar:5.9.3]
	at org.junit.platform.engine.support.hierarchical.ThrowableCollector.execute(ThrowableCollector.java:73) ~[junit-platform-engine-1.8.2.jar:1.8.2]
	at org.junit.jupiter.engine.descriptor.ClassBasedTestDescriptor.instantiateAndPostProcessTestInstance(ClassBasedTestDescriptor.java:288) ~[junit-jupiter-engine-5.9.3.jar:5.9.3]
	at org.junit.jupiter.engine.descriptor.ClassBasedTestDescriptor.lambda$testInstancesProvider$4(ClassBasedTestDescriptor.java:278) ~[junit-jupiter-engine-5.9.3.jar:5.9.3]
	at java.base/java.util.Optional.orElseGet(Optional.java:364) ~[na:na]
	at org.junit.jupiter.engine.descriptor.ClassBasedTestDescriptor.lambda$testInstancesProvider$5(ClassBasedTestDescriptor.java:277) ~[junit-jupiter-engine-5.9.3.jar:5.9.3]
	at org.junit.jupiter.engine.execution.TestInstancesProvider.getTestInstances(TestInstancesProvider.java:31) ~[junit-jupiter-engine-5.9.3.jar:5.9.3]
	at org.junit.jupiter.engine.descriptor.TestMethodTestDescriptor.lambda$prepare$0(TestMethodTestDescriptor.java:105) ~[junit-jupiter-engine-5.9.3.jar:5.9.3]
	at org.junit.platform.engine.support.hierarchical.ThrowableCollector.execute(ThrowableCollector.java:73) ~[junit-platform-engine-1.8.2.jar:1.8.2]
	at org.junit.jupiter.engine.descriptor.TestMethodTestDescriptor.prepare(TestMethodTestDescriptor.java:104) ~[junit-jupiter-engine-5.9.3.jar:5.9.3]
	at org.junit.jupiter.engine.descriptor.TestMethodTestDescriptor.prepare(TestMethodTestDescriptor.java:68) ~[junit-jupiter-engine-5.9.3.jar:5.9.3]
	at org.junit.platform.engine.support.hierarchical.NodeTestTask.lambda$prepare$2(NodeTestTask.java:123) ~[junit-platform-engine-1.8.2.jar:1.8.2]
	at org.junit.platform.engine.support.hierarchical.ThrowableCollector.execute(ThrowableCollector.java:73) ~[junit-platform-engine-1.8.2.jar:1.8.2]
	at org.junit.platform.engine.support.hierarchical.NodeTestTask.prepare(NodeTestTask.java:123) ~[junit-platform-engine-1.8.2.jar:1.8.2]
	at org.junit.platform.engine.support.hierarchical.NodeTestTask.execute(NodeTestTask.java:90) ~[junit-platform-engine-1.8.2.jar:1.8.2]
	at java.base/java.util.ArrayList.forEach(ArrayList.java:1596) ~[na:na]
	at org.junit.platform.engine.support.hierarchical.SameThreadHierarchicalTestExecutorService.invokeAll(SameThreadHierarchicalTestExecutorService.java:41) ~[junit-platform-engine-1.8.2.jar:1.8.2]
	at org.junit.platform.engine.support.hierarchical.NodeTestTask.lambda$executeRecursively$6(NodeTestTask.java:155) ~[junit-platform-engine-1.8.2.jar:1.8.2]
	at org.junit.platform.engine.support.hierarchical.ThrowableCollector.execute(ThrowableCollector.java:73) ~[junit-platform-engine-1.8.2.jar:1.8.2]
	at org.junit.platform.engine.support.hierarchical.NodeTestTask.lambda$executeRecursively$8(NodeTestTask.java:141) ~[junit-platform-engine-1.8.2.jar:1.8.2]
	at org.junit.platform.engine.support.hierarchical.Node.around(Node.java:137) ~[junit-platform-engine-1.8.2.jar:1.8.2]
	at org.junit.platform.engine.support.hierarchical.NodeTestTask.lambda$executeRecursively$9(NodeTestTask.java:139) ~[junit-platform-engine-1.8.2.jar:1.8.2]
	at org.junit.platform.engine.support.hierarchical.ThrowableCollector.execute(ThrowableCollector.java:73) ~[junit-platform-engine-1.8.2.jar:1.8.2]
	at org.junit.platform.engine.support.hierarchical.NodeTestTask.executeRecursively(NodeTestTask.java:138) ~[junit-platform-engine-1.8.2.jar:1.8.2]
	at org.junit.platform.engine.support.hierarchical.NodeTestTask.execute(NodeTestTask.java:95) ~[junit-platform-engine-1.8.2.jar:1.8.2]
	at java.base/java.util.ArrayList.forEach(ArrayList.java:1596) ~[na:na]
	at org.junit.platform.engine.support.hierarchical.SameThreadHierarchicalTestExecutorService.invokeAll(SameThreadHierarchicalTestExecutorService.java:41) ~[junit-platform-engine-1.8.2.jar:1.8.2]
	at org.junit.platform.engine.support.hierarchical.NodeTestTask.lambda$executeRecursively$6(NodeTestTask.java:155) ~[junit-platform-engine-1.8.2.jar:1.8.2]
	at org.junit.platform.engine.support.hierarchical.ThrowableCollector.execute(ThrowableCollector.java:73) ~[junit-platform-engine-1.8.2.jar:1.8.2]
	at org.junit.platform.engine.support.hierarchical.NodeTestTask.lambda$executeRecursively$8(NodeTestTask.java:141) ~[junit-platform-engine-1.8.2.jar:1.8.2]
	at org.junit.platform.engine.support.hierarchical.Node.around(Node.java:137) ~[junit-platform-engine-1.8.2.jar:1.8.2]
	at org.junit.platform.engine.support.hierarchical.NodeTestTask.lambda$executeRecursively$9(NodeTestTask.java:139) ~[junit-platform-engine-1.8.2.jar:1.8.2]
	at org.junit.platform.engine.support.hierarchical.ThrowableCollector.execute(ThrowableCollector.java:73) ~[junit-platform-engine-1.8.2.jar:1.8.2]
	at org.junit.platform.engine.support.hierarchical.NodeTestTask.executeRecursively(NodeTestTask.java:138) ~[junit-platform-engine-1.8.2.jar:1.8.2]
	at org.junit.platform.engine.support.hierarchical.NodeTestTask.execute(NodeTestTask.java:95) ~[junit-platform-engine-1.8.2.jar:1.8.2]
	at org.junit.platform.engine.support.hierarchical.SameThreadHierarchicalTestExecutorService.submit(SameThreadHierarchicalTestExecutorService.java:35) ~[junit-platform-engine-1.8.2.jar:1.8.2]
	at org.junit.platform.engine.support.hierarchical.HierarchicalTestExecutor.execute(HierarchicalTestExecutor.java:57) ~[junit-platform-engine-1.8.2.jar:1.8.2]
	at org.junit.platform.engine.support.hierarchical.HierarchicalTestEngine.execute(HierarchicalTestEngine.java:54) ~[junit-platform-engine-1.8.2.jar:1.8.2]
	at org.junit.platform.launcher.core.DefaultLauncher.execute(DefaultLauncher.java:220) ~[junit-platform-launcher-1.3.1.jar:1.3.1]
	at org.junit.platform.launcher.core.DefaultLauncher.lambda$execute$6(DefaultLauncher.java:188) ~[junit-platform-launcher-1.3.1.jar:1.3.1]
	at org.junit.platform.launcher.core.DefaultLauncher.withInterceptedStreams(DefaultLauncher.java:202) ~[junit-platform-launcher-1.3.1.jar:1.3.1]
	at org.junit.platform.launcher.core.DefaultLauncher.execute(DefaultLauncher.java:181) ~[junit-platform-launcher-1.3.1.jar:1.3.1]
	at org.junit.platform.launcher.core.DefaultLauncher.execute(DefaultLauncher.java:128) ~[junit-platform-launcher-1.3.1.jar:1.3.1]
	at org.apache.maven.surefire.junitplatform.JUnitPlatformProvider.invokeAllTests(JUnitPlatformProvider.java:150) ~[surefire-junit-platform-2.22.2.jar:2.22.2]
	at org.apache.maven.surefire.junitplatform.JUnitPlatformProvider.invoke(JUnitPlatformProvider.java:124) ~[surefire-junit-platform-2.22.2.jar:2.22.2]
	at org.apache.maven.surefire.booter.ForkedBooter.invokeProviderInSameClassLoader(ForkedBooter.java:384) ~[surefire-booter-2.22.2.jar:2.22.2]
	at org.apache.maven.surefire.booter.ForkedBooter.runSuitesInProcess(ForkedBooter.java:345) ~[surefire-booter-2.22.2.jar:2.22.2]
	at org.apache.maven.surefire.booter.ForkedBooter.execute(ForkedBooter.java:126) ~[surefire-booter-2.22.2.jar:2.22.2]
	at org.apache.maven.surefire.booter.ForkedBooter.main(ForkedBooter.java:418) ~[surefire-booter-2.22.2.jar:2.22.2]
Caused by: javax.persistence.PersistenceException: [PersistenceUnit: default] Unable to build Hibernate SessionFactory; nested exception is org.hibernate.exception.JDBCConnectionException: Unable to open JDBC Connection for DDL execution
	at org.springframework.orm.jpa.AbstractEntityManagerFactoryBean.buildNativeEntityManagerFactory(AbstractEntityManagerFactoryBean.java:421) ~[spring-orm-5.3.31.jar:5.3.31]
	at org.springframework.orm.jpa.AbstractEntityManagerFactoryBean.afterPropertiesSet(AbstractEntityManagerFactoryBean.java:396) ~[spring-orm-5.3.31.jar:5.3.31]
	at org.springframework.orm.jpa.LocalContainerEntityManagerFactoryBean.afterPropertiesSet(LocalContainerEntityManagerFactoryBean.java:341) ~[spring-orm-5.3.31.jar:5.3.31]
	at org.springframework.beans.factory.support.AbstractAutowireCapableBeanFactory.invokeInitMethods(AbstractAutowireCapableBeanFactory.java:1863) ~[spring-beans-5.3.31.jar:5.3.31]
	at org.springframework.beans.factory.support.AbstractAutowireCapableBeanFactory.initializeBean(AbstractAutowireCapableBeanFactory.java:1800) ~[spring-beans-5.3.31.jar:5.3.31]
	... 83 common frames omitted
Caused by: org.hibernate.exception.JDBCConnectionException: Unable to open JDBC Connection for DDL execution
	at org.hibernate.exception.internal.SQLStateConversionDelegate.convert(SQLStateConversionDelegate.java:112) ~[hibernate-core-5.6.15.Final.jar:5.6.15.Final]
	at org.hibernate.exception.internal.StandardSQLExceptionConverter.convert(StandardSQLExceptionConverter.java:37) ~[hibernate-core-5.6.15.Final.jar:5.6.15.Final]
	at org.hibernate.engine.jdbc.spi.SqlExceptionHelper.convert(SqlExceptionHelper.java:113) ~[hibernate-core-5.6.15.Final.jar:5.6.15.Final]
	at org.hibernate.engine.jdbc.spi.SqlExceptionHelper.convert(SqlExceptionHelper.java:99) ~[hibernate-core-5.6.15.Final.jar:5.6.15.Final]
	at org.hibernate.resource.transaction.backend.jdbc.internal.DdlTransactionIsolatorNonJtaImpl.getIsolatedConnection(DdlTransactionIsolatorNonJtaImpl.java:71) ~[hibernate-core-5.6.15.Final.jar:5.6.15.Final]
	at org.hibernate.tool.schema.internal.exec.GenerationTargetToDatabase.jdbcStatement(GenerationTargetToDatabase.java:77) ~[hibernate-core-5.6.15.Final.jar:5.6.15.Final]
	at org.hibernate.tool.schema.internal.exec.GenerationTargetToDatabase.accept(GenerationTargetToDatabase.java:53) ~[hibernate-core-5.6.15.Final.jar:5.6.15.Final]
	at org.hibernate.tool.schema.internal.SchemaDropperImpl.applySqlString(SchemaDropperImpl.java:387) ~[hibernate-core-5.6.15.Final.jar:5.6.15.Final]
	at org.hibernate.tool.schema.internal.SchemaDropperImpl.applySqlStrings(SchemaDropperImpl.java:371) ~[hibernate-core-5.6.15.Final.jar:5.6.15.Final]
	at org.hibernate.tool.schema.internal.SchemaDropperImpl.applyConstraintDropping(SchemaDropperImpl.java:341) ~[hibernate-core-5.6.15.Final.jar:5.6.15.Final]
	at org.hibernate.tool.schema.internal.SchemaDropperImpl.dropFromMetadata(SchemaDropperImpl.java:235) ~[hibernate-core-5.6.15.Final.jar:5.6.15.Final]
	at org.hibernate.tool.schema.internal.SchemaDropperImpl.performDrop(SchemaDropperImpl.java:156) ~[hibernate-core-5.6.15.Final.jar:5.6.15.Final]
	at org.hibernate.tool.schema.internal.SchemaDropperImpl.doDrop(SchemaDropperImpl.java:128) ~[hibernate-core-5.6.15.Final.jar:5.6.15.Final]
	at org.hibernate.tool.schema.internal.SchemaDropperImpl.doDrop(SchemaDropperImpl.java:114) ~[hibernate-core-5.6.15.Final.jar:5.6.15.Final]
	at org.hibernate.tool.schema.spi.SchemaManagementToolCoordinator.performDatabaseAction(SchemaManagementToolCoordinator.java:157) ~[hibernate-core-5.6.15.Final.jar:5.6.15.Final]
	at org.hibernate.tool.schema.spi.SchemaManagementToolCoordinator.process(SchemaManagementToolCoordinator.java:85) ~[hibernate-core-5.6.15.Final.jar:5.6.15.Final]
	at org.hibernate.internal.SessionFactoryImpl.<init>(SessionFactoryImpl.java:335) ~[hibernate-core-5.6.15.Final.jar:5.6.15.Final]
	at org.hibernate.boot.internal.SessionFactoryBuilderImpl.build(SessionFactoryBuilderImpl.java:471) ~[hibernate-core-5.6.15.Final.jar:5.6.15.Final]
	at org.hibernate.jpa.boot.internal.EntityManagerFactoryBuilderImpl.build(EntityManagerFactoryBuilderImpl.java:1498) ~[hibernate-core-5.6.15.Final.jar:5.6.15.Final]
	at org.springframework.orm.jpa.vendor.SpringHibernateJpaPersistenceProvider.createContainerEntityManagerFactory(SpringHibernateJpaPersistenceProvider.java:58) ~[spring-orm-5.3.31.jar:5.3.31]
	at org.springframework.orm.jpa.LocalContainerEntityManagerFactoryBean.createNativeEntityManagerFactory(LocalContainerEntityManagerFactoryBean.java:365) ~[spring-orm-5.3.31.jar:5.3.31]
	at org.springframework.orm.jpa.AbstractEntityManagerFactoryBean.buildNativeEntityManagerFactory(AbstractEntityManagerFactoryBean.java:409) ~[spring-orm-5.3.31.jar:5.3.31]
	... 87 common frames omitted
Caused by: org.postgresql.util.PSQLException: Connection to localhost:5432 refused. Check that the hostname and port are correct and that the postmaster is accepting TCP/IP connections.
	at org.postgresql.core.v3.ConnectionFactoryImpl.openConnectionImpl(ConnectionFactoryImpl.java:342) ~[postgresql-42.7.1.jar:42.7.1]
	at org.postgresql.core.ConnectionFactory.openConnection(ConnectionFactory.java:54) ~[postgresql-42.7.1.jar:42.7.1]
	at org.postgresql.jdbc.PgConnection.<init>(PgConnection.java:263) ~[postgresql-42.7.1.jar:42.7.1]
	at org.postgresql.Driver.makeConnection(Driver.java:444) ~[postgresql-42.7.1.jar:42.7.1]
	at org.postgresql.Driver.connect(Driver.java:297) ~[postgresql-42.7.1.jar:42.7.1]
	at com.zaxxer.hikari.util.DriverDataSource.getConnection(DriverDataSource.java:138) ~[HikariCP-4.0.3.jar:na]
	at com.zaxxer.hikari.pool.PoolBase.newConnection(PoolBase.java:364) ~[HikariCP-4.0.3.jar:na]
	at com.zaxxer.hikari.pool.PoolBase.newPoolEntry(PoolBase.java:206) ~[HikariCP-4.0.3.jar:na]
	at com.zaxxer.hikari.pool.HikariPool.createPoolEntry(HikariPool.java:476) ~[HikariCP-4.0.3.jar:na]
	at com.zaxxer.hikari.pool.HikariPool.checkFailFast(HikariPool.java:561) ~[HikariCP-4.0.3.jar:na]
	at com.zaxxer.hikari.pool.HikariPool.<init>(HikariPool.java:115) ~[HikariCP-4.0.3.jar:na]
	at com.zaxxer.hikari.HikariDataSource.getConnection(HikariDataSource.java:112) ~[HikariCP-4.0.3.jar:na]
	at org.hibernate.engine.jdbc.connections.internal.DatasourceConnectionProviderImpl.getConnection(DatasourceConnectionProviderImpl.java:122) ~[hibernate-core-5.6.15.Final.jar:5.6.15.Final]
	at org.hibernate.engine.jdbc.env.internal.JdbcEnvironmentInitiator$ConnectionProviderJdbcConnectionAccess.obtainConnection(JdbcEnvironmentInitiator.java:181) ~[hibernate-core-5.6.15.Final.jar:5.6.15.Final]
	at org.hibernate.resource.transaction.backend.jdbc.internal.DdlTransactionIsolatorNonJtaImpl.getIsolatedConnection(DdlTransactionIsolatorNonJtaImpl.java:44) ~[hibernate-core-5.6.15.Final.jar:5.6.15.Final]
	... 104 common frames omitted
Caused by: java.net.ConnectException: Connection refused
	at java.base/sun.nio.ch.Net.pollConnect(Native Method) ~[na:na]
	at java.base/sun.nio.ch.Net.pollConnectNow(Net.java:682) ~[na:na]
	at java.base/sun.nio.ch.NioSocketImpl.timedFinishConnect(NioSocketImpl.java:542) ~[na:na]
	at java.base/sun.nio.ch.NioSocketImpl.connect(NioSocketImpl.java:592) ~[na:na]
	at java.base/java.net.SocksSocketImpl.connect(SocksSocketImpl.java:327) ~[na:na]
	at java.base/java.net.Socket.connect(Socket.java:751) ~[na:na]
	at org.postgresql.core.PGStream.createSocket(PGStream.java:243) ~[postgresql-42.7.1.jar:42.7.1]
	at org.postgresql.core.PGStream.<init>(PGStream.java:98) ~[postgresql-42.7.1.jar:42.7.1]
	at org.postgresql.core.v3.ConnectionFactoryImpl.tryConnect(ConnectionFactoryImpl.java:132) ~[postgresql-42.7.1.jar:42.7.1]
	at org.postgresql.core.v3.ConnectionFactoryImpl.openConnectionImpl(ConnectionFactoryImpl.java:258) ~[postgresql-42.7.1.jar:42.7.1]
	... 118 common frames omitted

2026-02-05 14:26:51.712 ERROR 2945 --- [           main] o.s.test.context.TestContextManager      : Caught exception while allowing TestExecutionListener [org.springframework.boot.test.autoconfigure.SpringBootDependencyInjectionTestExecutionListener@77b5148c] to prepare test instance [crm.repository.RoleRepositoryTest@6bc8d8bd]

java.lang.IllegalStateException: Failed to load ApplicationContext
	at org.springframework.test.context.cache.DefaultCacheAwareContextLoaderDelegate.loadContext(DefaultCacheAwareContextLoaderDelegate.java:98) ~[spring-test-5.3.31.jar:5.3.31]
	at org.springframework.test.context.support.DefaultTestContext.getApplicationContext(DefaultTestContext.java:124) ~[spring-test-5.3.31.jar:5.3.31]
	at org.springframework.test.context.support.DependencyInjectionTestExecutionListener.injectDependencies(DependencyInjectionTestExecutionListener.java:118) ~[spring-test-5.3.31.jar:5.3.31]
	at org.springframework.test.context.support.DependencyInjectionTestExecutionListener.prepareTestInstance(DependencyInjectionTestExecutionListener.java:83) ~[spring-test-5.3.31.jar:5.3.31]
	at org.springframework.boot.test.autoconfigure.SpringBootDependencyInjectionTestExecutionListener.prepareTestInstance(SpringBootDependencyInjectionTestExecutionListener.java:43) ~[spring-boot-test-autoconfigure-2.7.18.jar:2.7.18]
	at org.springframework.test.context.TestContextManager.prepareTestInstance(TestContextManager.java:248) ~[spring-test-5.3.31.jar:5.3.31]
	at org.springframework.test.context.junit.jupiter.SpringExtension.postProcessTestInstance(SpringExtension.java:138) ~[spring-test-5.3.31.jar:5.3.31]
	at org.junit.jupiter.engine.descriptor.ClassBasedTestDescriptor.lambda$invokeTestInstancePostProcessors$10(ClassBasedTestDescriptor.java:377) ~[junit-jupiter-engine-5.9.3.jar:5.9.3]
	at org.junit.jupiter.engine.descriptor.ClassBasedTestDescriptor.executeAndMaskThrowable(ClassBasedTestDescriptor.java:382) ~[junit-jupiter-engine-5.9.3.jar:5.9.3]
	at org.junit.jupiter.engine.descriptor.ClassBasedTestDescriptor.lambda$invokeTestInstancePostProcessors$11(ClassBasedTestDescriptor.java:377) ~[junit-jupiter-engine-5.9.3.jar:5.9.3]
	at java.base/java.util.stream.ReferencePipeline$3$1.accept(ReferencePipeline.java:197) ~[na:na]
	at java.base/java.util.stream.ReferencePipeline$2$1.accept(ReferencePipeline.java:179) ~[na:na]
	at java.base/java.util.ArrayList$ArrayListSpliterator.forEachRemaining(ArrayList.java:1708) ~[na:na]
	at java.base/java.util.stream.AbstractPipeline.copyInto(AbstractPipeline.java:509) ~[na:na]
	at java.base/java.util.stream.AbstractPipeline.wrapAndCopyInto(AbstractPipeline.java:499) ~[na:na]
	at java.base/java.util.stream.StreamSpliterators$WrappingSpliterator.forEachRemaining(StreamSpliterators.java:310) ~[na:na]
	at java.base/java.util.stream.Streams$ConcatSpliterator.forEachRemaining(Streams.java:735) ~[na:na]
	at java.base/java.util.stream.Streams$ConcatSpliterator.forEachRemaining(Streams.java:734) ~[na:na]
	at java.base/java.util.stream.ReferencePipeline$Head.forEach(ReferencePipeline.java:762) ~[na:na]
	at org.junit.jupiter.engine.descriptor.ClassBasedTestDescriptor.invokeTestInstancePostProcessors(ClassBasedTestDescriptor.java:376) ~[junit-jupiter-engine-5.9.3.jar:5.9.3]
	at org.junit.jupiter.engine.descriptor.ClassBasedTestDescriptor.lambda$instantiateAndPostProcessTestInstance$6(ClassBasedTestDescriptor.java:289) ~[junit-jupiter-engine-5.9.3.jar:5.9.3]
	at org.junit.platform.engine.support.hierarchical.ThrowableCollector.execute(ThrowableCollector.java:73) ~[junit-platform-engine-1.8.2.jar:1.8.2]
	at org.junit.jupiter.engine.descriptor.ClassBasedTestDescriptor.instantiateAndPostProcessTestInstance(ClassBasedTestDescriptor.java:288) ~[junit-jupiter-engine-5.9.3.jar:5.9.3]
	at org.junit.jupiter.engine.descriptor.ClassBasedTestDescriptor.lambda$testInstancesProvider$4(ClassBasedTestDescriptor.java:278) ~[junit-jupiter-engine-5.9.3.jar:5.9.3]
	at java.base/java.util.Optional.orElseGet(Optional.java:364) ~[na:na]
	at org.junit.jupiter.engine.descriptor.ClassBasedTestDescriptor.lambda$testInstancesProvider$5(ClassBasedTestDescriptor.java:277) ~[junit-jupiter-engine-5.9.3.jar:5.9.3]
	at org.junit.jupiter.engine.execution.TestInstancesProvider.getTestInstances(TestInstancesProvider.java:31) ~[junit-jupiter-engine-5.9.3.jar:5.9.3]
	at org.junit.jupiter.engine.descriptor.TestMethodTestDescriptor.lambda$prepare$0(TestMethodTestDescriptor.java:105) ~[junit-jupiter-engine-5.9.3.jar:5.9.3]
	at org.junit.platform.engine.support.hierarchical.ThrowableCollector.execute(ThrowableCollector.java:73) ~[junit-platform-engine-1.8.2.jar:1.8.2]
	at org.junit.jupiter.engine.descriptor.TestMethodTestDescriptor.prepare(TestMethodTestDescriptor.java:104) ~[junit-jupiter-engine-5.9.3.jar:5.9.3]
	at org.junit.jupiter.engine.descriptor.TestMethodTestDescriptor.prepare(TestMethodTestDescriptor.java:68) ~[junit-jupiter-engine-5.9.3.jar:5.9.3]
	at org.junit.platform.engine.support.hierarchical.NodeTestTask.lambda$prepare$2(NodeTestTask.java:123) ~[junit-platform-engine-1.8.2.jar:1.8.2]
	at org.junit.platform.engine.support.hierarchical.ThrowableCollector.execute(ThrowableCollector.java:73) ~[junit-platform-engine-1.8.2.jar:1.8.2]
	at org.junit.platform.engine.support.hierarchical.NodeTestTask.prepare(NodeTestTask.java:123) ~[junit-platform-engine-1.8.2.jar:1.8.2]
	at org.junit.platform.engine.support.hierarchical.NodeTestTask.execute(NodeTestTask.java:90) ~[junit-platform-engine-1.8.2.jar:1.8.2]
	at java.base/java.util.ArrayList.forEach(ArrayList.java:1596) ~[na:na]
	at org.junit.platform.engine.support.hierarchical.SameThreadHierarchicalTestExecutorService.invokeAll(SameThreadHierarchicalTestExecutorService.java:41) ~[junit-platform-engine-1.8.2.jar:1.8.2]
	at org.junit.platform.engine.support.hierarchical.NodeTestTask.lambda$executeRecursively$6(NodeTestTask.java:155) ~[junit-platform-engine-1.8.2.jar:1.8.2]
	at org.junit.platform.engine.support.hierarchical.ThrowableCollector.execute(ThrowableCollector.java:73) ~[junit-platform-engine-1.8.2.jar:1.8.2]
	at org.junit.platform.engine.support.hierarchical.NodeTestTask.lambda$executeRecursively$8(NodeTestTask.java:141) ~[junit-platform-engine-1.8.2.jar:1.8.2]
	at org.junit.platform.engine.support.hierarchical.Node.around(Node.java:137) ~[junit-platform-engine-1.8.2.jar:1.8.2]
	at org.junit.platform.engine.support.hierarchical.NodeTestTask.lambda$executeRecursively$9(NodeTestTask.java:139) ~[junit-platform-engine-1.8.2.jar:1.8.2]
	at org.junit.platform.engine.support.hierarchical.ThrowableCollector.execute(ThrowableCollector.java:73) ~[junit-platform-engine-1.8.2.jar:1.8.2]
	at org.junit.platform.engine.support.hierarchical.NodeTestTask.executeRecursively(NodeTestTask.java:138) ~[junit-platform-engine-1.8.2.jar:1.8.2]
	at org.junit.platform.engine.support.hierarchical.NodeTestTask.execute(NodeTestTask.java:95) ~[junit-platform-engine-1.8.2.jar:1.8.2]
	at java.base/java.util.ArrayList.forEach(ArrayList.java:1596) ~[na:na]
	at org.junit.platform.engine.support.hierarchical.SameThreadHierarchicalTestExecutorService.invokeAll(SameThreadHierarchicalTestExecutorService.java:41) ~[junit-platform-engine-1.8.2.jar:1.8.2]
	at org.junit.platform.engine.support.hierarchical.NodeTestTask.lambda$executeRecursively$6(NodeTestTask.java:155) ~[junit-platform-engine-1.8.2.jar:1.8.2]
	at org.junit.platform.engine.support.hierarchical.ThrowableCollector.execute(ThrowableCollector.java:73) ~[junit-platform-engine-1.8.2.jar:1.8.2]
	at org.junit.platform.engine.support.hierarchical.NodeTestTask.lambda$executeRecursively$8(NodeTestTask.java:141) ~[junit-platform-engine-1.8.2.jar:1.8.2]
	at org.junit.platform.engine.support.hierarchical.Node.around(Node.java:137) ~[junit-platform-engine-1.8.2.jar:1.8.2]
	at org.junit.platform.engine.support.hierarchical.NodeTestTask.lambda$executeRecursively$9(NodeTestTask.java:139) ~[junit-platform-engine-1.8.2.jar:1.8.2]
	at org.junit.platform.engine.support.hierarchical.ThrowableCollector.execute(ThrowableCollector.java:73) ~[junit-platform-engine-1.8.2.jar:1.8.2]
	at org.junit.platform.engine.support.hierarchical.NodeTestTask.executeRecursively(NodeTestTask.java:138) ~[junit-platform-engine-1.8.2.jar:1.8.2]
	at org.junit.platform.engine.support.hierarchical.NodeTestTask.execute(NodeTestTask.java:95) ~[junit-platform-engine-1.8.2.jar:1.8.2]
	at org.junit.platform.engine.support.hierarchical.SameThreadHierarchicalTestExecutorService.submit(SameThreadHierarchicalTestExecutorService.java:35) ~[junit-platform-engine-1.8.2.jar:1.8.2]
	at org.junit.platform.engine.support.hierarchical.HierarchicalTestExecutor.execute(HierarchicalTestExecutor.java:57) ~[junit-platform-engine-1.8.2.jar:1.8.2]
	at org.junit.platform.engine.support.hierarchical.HierarchicalTestEngine.execute(HierarchicalTestEngine.java:54) ~[junit-platform-engine-1.8.2.jar:1.8.2]
	at org.junit.platform.launcher.core.DefaultLauncher.execute(DefaultLauncher.java:220) ~[junit-platform-launcher-1.3.1.jar:1.3.1]
	at org.junit.platform.launcher.core.DefaultLauncher.lambda$execute$6(DefaultLauncher.java:188) ~[junit-platform-launcher-1.3.1.jar:1.3.1]
	at org.junit.platform.launcher.core.DefaultLauncher.withInterceptedStreams(DefaultLauncher.java:202) ~[junit-platform-launcher-1.3.1.jar:1.3.1]
	at org.junit.platform.launcher.core.DefaultLauncher.execute(DefaultLauncher.java:181) ~[junit-platform-launcher-1.3.1.jar:1.3.1]
	at org.junit.platform.launcher.core.DefaultLauncher.execute(DefaultLauncher.java:128) ~[junit-platform-launcher-1.3.1.jar:1.3.1]
	at org.apache.maven.surefire.junitplatform.JUnitPlatformProvider.invokeAllTests(JUnitPlatformProvider.java:150) ~[surefire-junit-platform-2.22.2.jar:2.22.2]
	at org.apache.maven.surefire.junitplatform.JUnitPlatformProvider.invoke(JUnitPlatformProvider.java:124) ~[surefire-junit-platform-2.22.2.jar:2.22.2]
	at org.apache.maven.surefire.booter.ForkedBooter.invokeProviderInSameClassLoader(ForkedBooter.java:384) ~[surefire-booter-2.22.2.jar:2.22.2]
	at org.apache.maven.surefire.booter.ForkedBooter.runSuitesInProcess(ForkedBooter.java:345) ~[surefire-booter-2.22.2.jar:2.22.2]
	at org.apache.maven.surefire.booter.ForkedBooter.execute(ForkedBooter.java:126) ~[surefire-booter-2.22.2.jar:2.22.2]
	at org.apache.maven.surefire.booter.ForkedBooter.main(ForkedBooter.java:418) ~[surefire-booter-2.22.2.jar:2.22.2]
Caused by: org.springframework.beans.factory.BeanCreationException: Error creating bean with name 'entityManagerFactory' defined in class path resource [org/springframework/boot/autoconfigure/orm/jpa/HibernateJpaConfiguration.class]: Invocation of init method failed; nested exception is javax.persistence.PersistenceException: [PersistenceUnit: default] Unable to build Hibernate SessionFactory; nested exception is org.hibernate.exception.JDBCConnectionException: Unable to open JDBC Connection for DDL execution
	at org.springframework.beans.factory.support.AbstractAutowireCapableBeanFactory.initializeBean(AbstractAutowireCapableBeanFactory.java:1804) ~[spring-beans-5.3.31.jar:5.3.31]
	at org.springframework.beans.factory.support.AbstractAutowireCapableBeanFactory.doCreateBean(AbstractAutowireCapableBeanFactory.java:620) ~[spring-beans-5.3.31.jar:5.3.31]
	at org.springframework.beans.factory.support.AbstractAutowireCapableBeanFactory.createBean(AbstractAutowireCapableBeanFactory.java:542) ~[spring-beans-5.3.31.jar:5.3.31]
	at org.springframework.beans.factory.support.AbstractBeanFactory.lambda$doGetBean$0(AbstractBeanFactory.java:335) ~[spring-beans-5.3.31.jar:5.3.31]
	at org.springframework.beans.factory.support.DefaultSingletonBeanRegistry.getSingleton(DefaultSingletonBeanRegistry.java:234) ~[spring-beans-5.3.31.jar:5.3.31]
	at org.springframework.beans.factory.support.AbstractBeanFactory.doGetBean(AbstractBeanFactory.java:333) ~[spring-beans-5.3.31.jar:5.3.31]
	at org.springframework.beans.factory.support.AbstractBeanFactory.getBean(AbstractBeanFactory.java:208) ~[spring-beans-5.3.31.jar:5.3.31]
	at org.springframework.context.support.AbstractApplicationContext.getBean(AbstractApplicationContext.java:1168) ~[spring-context-5.3.31.jar:5.3.31]
	at org.springframework.context.support.AbstractApplicationContext.finishBeanFactoryInitialization(AbstractApplicationContext.java:919) ~[spring-context-5.3.31.jar:5.3.31]
	at org.springframework.context.support.AbstractApplicationContext.refresh(AbstractApplicationContext.java:591) ~[spring-context-5.3.31.jar:5.3.31]
	at org.springframework.boot.SpringApplication.refresh(SpringApplication.java:732) ~[spring-boot-2.7.18.jar:2.7.18]
	at org.springframework.boot.SpringApplication.refreshContext(SpringApplication.java:409) ~[spring-boot-2.7.18.jar:2.7.18]
	at org.springframework.boot.SpringApplication.run(SpringApplication.java:308) ~[spring-boot-2.7.18.jar:2.7.18]
	at org.springframework.boot.test.context.SpringBootContextLoader.loadContext(SpringBootContextLoader.java:136) ~[spring-boot-test-2.7.18.jar:2.7.18]
	at org.springframework.test.context.cache.DefaultCacheAwareContextLoaderDelegate.loadContextInternal(DefaultCacheAwareContextLoaderDelegate.java:141) ~[spring-test-5.3.31.jar:5.3.31]
	at org.springframework.test.context.cache.DefaultCacheAwareContextLoaderDelegate.loadContext(DefaultCacheAwareContextLoaderDelegate.java:90) ~[spring-test-5.3.31.jar:5.3.31]
	... 68 common frames omitted
Caused by: javax.persistence.PersistenceException: [PersistenceUnit: default] Unable to build Hibernate SessionFactory; nested exception is org.hibernate.exception.JDBCConnectionException: Unable to open JDBC Connection for DDL execution
	at org.springframework.orm.jpa.AbstractEntityManagerFactoryBean.buildNativeEntityManagerFactory(AbstractEntityManagerFactoryBean.java:421) ~[spring-orm-5.3.31.jar:5.3.31]
	at org.springframework.orm.jpa.AbstractEntityManagerFactoryBean.afterPropertiesSet(AbstractEntityManagerFactoryBean.java:396) ~[spring-orm-5.3.31.jar:5.3.31]
	at org.springframework.orm.jpa.LocalContainerEntityManagerFactoryBean.afterPropertiesSet(LocalContainerEntityManagerFactoryBean.java:341) ~[spring-orm-5.3.31.jar:5.3.31]
	at org.springframework.beans.factory.support.AbstractAutowireCapableBeanFactory.invokeInitMethods(AbstractAutowireCapableBeanFactory.java:1863) ~[spring-beans-5.3.31.jar:5.3.31]
	at org.springframework.beans.factory.support.AbstractAutowireCapableBeanFactory.initializeBean(AbstractAutowireCapableBeanFactory.java:1800) ~[spring-beans-5.3.31.jar:5.3.31]
	... 83 common frames omitted
Caused by: org.hibernate.exception.JDBCConnectionException: Unable to open JDBC Connection for DDL execution
	at org.hibernate.exception.internal.SQLStateConversionDelegate.convert(SQLStateConversionDelegate.java:112) ~[hibernate-core-5.6.15.Final.jar:5.6.15.Final]
	at org.hibernate.exception.internal.StandardSQLExceptionConverter.convert(StandardSQLExceptionConverter.java:37) ~[hibernate-core-5.6.15.Final.jar:5.6.15.Final]
	at org.hibernate.engine.jdbc.spi.SqlExceptionHelper.convert(SqlExceptionHelper.java:113) ~[hibernate-core-5.6.15.Final.jar:5.6.15.Final]
	at org.hibernate.engine.jdbc.spi.SqlExceptionHelper.convert(SqlExceptionHelper.java:99) ~[hibernate-core-5.6.15.Final.jar:5.6.15.Final]
	at org.hibernate.resource.transaction.backend.jdbc.internal.DdlTransactionIsolatorNonJtaImpl.getIsolatedConnection(DdlTransactionIsolatorNonJtaImpl.java:71) ~[hibernate-core-5.6.15.Final.jar:5.6.15.Final]
	at org.hibernate.tool.schema.internal.exec.GenerationTargetToDatabase.jdbcStatement(GenerationTargetToDatabase.java:77) ~[hibernate-core-5.6.15.Final.jar:5.6.15.Final]
	at org.hibernate.tool.schema.internal.exec.GenerationTargetToDatabase.accept(GenerationTargetToDatabase.java:53) ~[hibernate-core-5.6.15.Final.jar:5.6.15.Final]
	at org.hibernate.tool.schema.internal.SchemaDropperImpl.applySqlString(SchemaDropperImpl.java:387) ~[hibernate-core-5.6.15.Final.jar:5.6.15.Final]
	at org.hibernate.tool.schema.internal.SchemaDropperImpl.applySqlStrings(SchemaDropperImpl.java:371) ~[hibernate-core-5.6.15.Final.jar:5.6.15.Final]
	at org.hibernate.tool.schema.internal.SchemaDropperImpl.applyConstraintDropping(SchemaDropperImpl.java:341) ~[hibernate-core-5.6.15.Final.jar:5.6.15.Final]
	at org.hibernate.tool.schema.internal.SchemaDropperImpl.dropFromMetadata(SchemaDropperImpl.java:235) ~[hibernate-core-5.6.15.Final.jar:5.6.15.Final]
	at org.hibernate.tool.schema.internal.SchemaDropperImpl.performDrop(SchemaDropperImpl.java:156) ~[hibernate-core-5.6.15.Final.jar:5.6.15.Final]
	at org.hibernate.tool.schema.internal.SchemaDropperImpl.doDrop(SchemaDropperImpl.java:128) ~[hibernate-core-5.6.15.Final.jar:5.6.15.Final]
	at org.hibernate.tool.schema.internal.SchemaDropperImpl.doDrop(SchemaDropperImpl.java:114) ~[hibernate-core-5.6.15.Final.jar:5.6.15.Final]
	at org.hibernate.tool.schema.spi.SchemaManagementToolCoordinator.performDatabaseAction(SchemaManagementToolCoordinator.java:157) ~[hibernate-core-5.6.15.Final.jar:5.6.15.Final]
	at org.hibernate.tool.schema.spi.SchemaManagementToolCoordinator.process(SchemaManagementToolCoordinator.java:85) ~[hibernate-core-5.6.15.Final.jar:5.6.15.Final]
	at org.hibernate.internal.SessionFactoryImpl.<init>(SessionFactoryImpl.java:335) ~[hibernate-core-5.6.15.Final.jar:5.6.15.Final]
	at org.hibernate.boot.internal.SessionFactoryBuilderImpl.build(SessionFactoryBuilderImpl.java:471) ~[hibernate-core-5.6.15.Final.jar:5.6.15.Final]
	at org.hibernate.jpa.boot.internal.EntityManagerFactoryBuilderImpl.build(EntityManagerFactoryBuilderImpl.java:1498) ~[hibernate-core-5.6.15.Final.jar:5.6.15.Final]
	at org.springframework.orm.jpa.vendor.SpringHibernateJpaPersistenceProvider.createContainerEntityManagerFactory(SpringHibernateJpaPersistenceProvider.java:58) ~[spring-orm-5.3.31.jar:5.3.31]
	at org.springframework.orm.jpa.LocalContainerEntityManagerFactoryBean.createNativeEntityManagerFactory(LocalContainerEntityManagerFactoryBean.java:365) ~[spring-orm-5.3.31.jar:5.3.31]
	at org.springframework.orm.jpa.AbstractEntityManagerFactoryBean.buildNativeEntityManagerFactory(AbstractEntityManagerFactoryBean.java:409) ~[spring-orm-5.3.31.jar:5.3.31]
	... 87 common frames omitted
Caused by: org.postgresql.util.PSQLException: Connection to localhost:5432 refused. Check that the hostname and port are correct and that the postmaster is accepting TCP/IP connections.
	at org.postgresql.core.v3.ConnectionFactoryImpl.openConnectionImpl(ConnectionFactoryImpl.java:342) ~[postgresql-42.7.1.jar:42.7.1]
	at org.postgresql.core.ConnectionFactory.openConnection(ConnectionFactory.java:54) ~[postgresql-42.7.1.jar:42.7.1]
	at org.postgresql.jdbc.PgConnection.<init>(PgConnection.java:263) ~[postgresql-42.7.1.jar:42.7.1]
	at org.postgresql.Driver.makeConnection(Driver.java:444) ~[postgresql-42.7.1.jar:42.7.1]
	at org.postgresql.Driver.connect(Driver.java:297) ~[postgresql-42.7.1.jar:42.7.1]
	at com.zaxxer.hikari.util.DriverDataSource.getConnection(DriverDataSource.java:138) ~[HikariCP-4.0.3.jar:na]
	at com.zaxxer.hikari.pool.PoolBase.newConnection(PoolBase.java:364) ~[HikariCP-4.0.3.jar:na]
	at com.zaxxer.hikari.pool.PoolBase.newPoolEntry(PoolBase.java:206) ~[HikariCP-4.0.3.jar:na]
	at com.zaxxer.hikari.pool.HikariPool.createPoolEntry(HikariPool.java:476) ~[HikariCP-4.0.3.jar:na]
	at com.zaxxer.hikari.pool.HikariPool.checkFailFast(HikariPool.java:561) ~[HikariCP-4.0.3.jar:na]
	at com.zaxxer.hikari.pool.HikariPool.<init>(HikariPool.java:115) ~[HikariCP-4.0.3.jar:na]
	at com.zaxxer.hikari.HikariDataSource.getConnection(HikariDataSource.java:112) ~[HikariCP-4.0.3.jar:na]
	at org.hibernate.engine.jdbc.connections.internal.DatasourceConnectionProviderImpl.getConnection(DatasourceConnectionProviderImpl.java:122) ~[hibernate-core-5.6.15.Final.jar:5.6.15.Final]
	at org.hibernate.engine.jdbc.env.internal.JdbcEnvironmentInitiator$ConnectionProviderJdbcConnectionAccess.obtainConnection(JdbcEnvironmentInitiator.java:181) ~[hibernate-core-5.6.15.Final.jar:5.6.15.Final]
	at org.hibernate.resource.transaction.backend.jdbc.internal.DdlTransactionIsolatorNonJtaImpl.getIsolatedConnection(DdlTransactionIsolatorNonJtaImpl.java:44) ~[hibernate-core-5.6.15.Final.jar:5.6.15.Final]
	... 104 common frames omitted
Caused by: java.net.ConnectException: Connection refused
	at java.base/sun.nio.ch.Net.pollConnect(Native Method) ~[na:na]
	at java.base/sun.nio.ch.Net.pollConnectNow(Net.java:682) ~[na:na]
	at java.base/sun.nio.ch.NioSocketImpl.timedFinishConnect(NioSocketImpl.java:542) ~[na:na]
	at java.base/sun.nio.ch.NioSocketImpl.connect(NioSocketImpl.java:592) ~[na:na]
	at java.base/java.net.SocksSocketImpl.connect(SocksSocketImpl.java:327) ~[na:na]
	at java.base/java.net.Socket.connect(Socket.java:751) ~[na:na]
	at org.postgresql.core.PGStream.createSocket(PGStream.java:243) ~[postgresql-42.7.1.jar:42.7.1]
	at org.postgresql.core.PGStream.<init>(PGStream.java:98) ~[postgresql-42.7.1.jar:42.7.1]
	at org.postgresql.core.v3.ConnectionFactoryImpl.tryConnect(ConnectionFactoryImpl.java:132) ~[postgresql-42.7.1.jar:42.7.1]
	at org.postgresql.core.v3.ConnectionFactoryImpl.openConnectionImpl(ConnectionFactoryImpl.java:258) ~[postgresql-42.7.1.jar:42.7.1]
	... 118 common frames omitted

[ERROR] Tests run: 2, Failures: 0, Errors: 2, Skipped: 0, Time elapsed: 9.003 s <<< FAILURE! - in crm.repository.RoleRepositoryTest
[ERROR] testRoleRepositoryHasFindByNameMethod  Time elapsed: 0 s  <<< ERROR!
java.lang.IllegalStateException: Failed to load ApplicationContext
Caused by: org.springframework.beans.factory.BeanCreationException: Error creating bean with name 'entityManagerFactory' defined in class path resource [org/springframework/boot/autoconfigure/orm/jpa/HibernateJpaConfiguration.class]: Invocation of init method failed; nested exception is javax.persistence.PersistenceException: [PersistenceUnit: default] Unable to build Hibernate SessionFactory; nested exception is org.hibernate.exception.JDBCConnectionException: Unable to open JDBC Connection for DDL execution
Caused by: javax.persistence.PersistenceException: [PersistenceUnit: default] Unable to build Hibernate SessionFactory; nested exception is org.hibernate.exception.JDBCConnectionException: Unable to open JDBC Connection for DDL execution
Caused by: org.hibernate.exception.JDBCConnectionException: Unable to open JDBC Connection for DDL execution
Caused by: org.postgresql.util.PSQLException: Connection to localhost:5432 refused. Check that the hostname and port are correct and that the postmaster is accepting TCP/IP connections.
Caused by: java.net.ConnectException: Connection refused

[ERROR] testRoleRepositoryInterfaceExists  Time elapsed: 0 s  <<< ERROR!
java.lang.IllegalStateException: Failed to load ApplicationContext
Caused by: org.springframework.beans.factory.BeanCreationException: Error creating bean with name 'entityManagerFactory' defined in class path resource [org/springframework/boot/autoconfigure/orm/jpa/HibernateJpaConfiguration.class]: Invocation of init method failed; nested exception is javax.persistence.PersistenceException: [PersistenceUnit: default] Unable to build Hibernate SessionFactory; nested exception is org.hibernate.exception.JDBCConnectionException: Unable to open JDBC Connection for DDL execution
Caused by: javax.persistence.PersistenceException: [PersistenceUnit: default] Unable to build Hibernate SessionFactory; nested exception is org.hibernate.exception.JDBCConnectionException: Unable to open JDBC Connection for DDL execution
Caused by: org.hibernate.exception.JDBCConnectionException: Unable to open JDBC Connection for DDL execution
Caused by: org.postgresql.util.PSQLException: Connection to localhost:5432 refused. Check that the hostname and port are correct and that the postmaster is accepting TCP/IP connections.
Caused by: java.net.ConnectException: Connection refused

[INFO] Running crm.repository.UserRepositoryTest
[INFO] Tests run: 3, Failures: 0, Errors: 0, Skipped: 0, Time elapsed: 0 s - in crm.repository.UserRepositoryTest
[INFO] Running crm.repository.PdfRepositoryTest
[INFO] Tests run: 2, Failures: 0, Errors: 0, Skipped: 0, Time elapsed: 0 s - in crm.repository.PdfRepositoryTest
[INFO] Running crm.repository.CustomerRepositoryTest
[INFO] Tests run: 9, Failures: 0, Errors: 0, Skipped: 0, Time elapsed: 0 s - in crm.repository.CustomerRepositoryTest
[INFO] Running crm.repository.ContractRepositoryTest
[INFO] Tests run: 8, Failures: 0, Errors: 0, Skipped: 0, Time elapsed: 0 s - in crm.repository.ContractRepositoryTest
[INFO] Running crm.repository.CategoryRepositoryTest
[INFO] Tests run: 2, Failures: 0, Errors: 0, Skipped: 0, Time elapsed: 0.001 s - in crm.repository.CategoryRepositoryTest
[INFO] Running crm.service.ContractServiceTest
[INFO] Tests run: 5, Failures: 0, Errors: 0, Skipped: 0, Time elapsed: 0 s - in crm.service.ContractServiceTest
[INFO] Running crm.service.ContractServiceImplTest
[INFO] Tests run: 6, Failures: 0, Errors: 0, Skipped: 0, Time elapsed: 0.233 s - in crm.service.ContractServiceImplTest
[INFO] Running crm.service.UserServiceImplTest
[ERROR] Tests run: 5, Failures: 0, Errors: 5, Skipped: 0, Time elapsed: 0.315 s <<< FAILURE! - in crm.service.UserServiceImplTest
[ERROR] testShowUserNotFound  Time elapsed: 0.087 s  <<< ERROR!
org.mockito.exceptions.base.MockitoException: 

Mockito cannot mock this class: class org.springframework.security.crypto.bcrypt.BCryptPasswordEncoder.

If you're not sure why you're getting this error, please open an issue on GitHub.


Java               : 21
JVM vendor name    : Eclipse Adoptium
JVM vendor version : 21.0.5+11-LTS
JVM name           : OpenJDK 64-Bit Server VM
JVM version        : 21.0.5+11-LTS
JVM info           : mixed mode, sharing
OS name            : Linux
OS version         : 6.12.47-0-virt


You are seeing this disclaimer because Mockito is configured to create inlined mocks.
You can learn about inline mocks and their limitations under item #39 of the Mockito class javadoc.

Underlying exception : org.mockito.exceptions.base.MockitoException: Could not modify all classes [class java.lang.Object, interface org.springframework.security.crypto.password.PasswordEncoder, class org.springframework.security.crypto.bcrypt.BCryptPasswordEncoder]
Caused by: org.mockito.exceptions.base.MockitoException: Could not modify all classes [class java.lang.Object, interface org.springframework.security.crypto.password.PasswordEncoder, class org.springframework.security.crypto.bcrypt.BCryptPasswordEncoder]
Caused by: java.lang.IllegalStateException: 

Byte Buddy could not instrument all classes within the mock's type hierarchy

This problem should never occur for javac-compiled classes. This problem has been observed for classes that are:
 - Compiled by older versions of scalac
 - Classes that are part of the Android distribution
Caused by: java.lang.IllegalArgumentException: Java 21 (65) is not supported by the current version of Byte Buddy which officially supports Java 20 (64) - update Byte Buddy or set net.bytebuddy.experimental as a VM property

[ERROR] testListAllUsers  Time elapsed: 0.057 s  <<< ERROR!
org.mockito.exceptions.base.MockitoException: 

Mockito cannot mock this class: class org.springframework.security.crypto.bcrypt.BCryptPasswordEncoder.

If you're not sure why you're getting this error, please open an issue on GitHub.


Java               : 21
JVM vendor name    : Eclipse Adoptium
JVM vendor version : 21.0.5+11-LTS
JVM name           : OpenJDK 64-Bit Server VM
JVM version        : 21.0.5+11-LTS
JVM info           : mixed mode, sharing
OS name            : Linux
OS version         : 6.12.47-0-virt


You are seeing this disclaimer because Mockito is configured to create inlined mocks.
You can learn about inline mocks and their limitations under item #39 of the Mockito class javadoc.

Underlying exception : org.mockito.exceptions.base.MockitoException: Could not modify all classes [class java.lang.Object, interface org.springframework.security.crypto.password.PasswordEncoder, class org.springframework.security.crypto.bcrypt.BCryptPasswordEncoder]
Caused by: org.mockito.exceptions.base.MockitoException: Could not modify all classes [class java.lang.Object, interface org.springframework.security.crypto.password.PasswordEncoder, class org.springframework.security.crypto.bcrypt.BCryptPasswordEncoder]
Caused by: java.lang.IllegalStateException: 

Byte Buddy could not instrument all classes within the mock's type hierarchy

This problem should never occur for javac-compiled classes. This problem has been observed for classes that are:
 - Compiled by older versions of scalac
 - Classes that are part of the Android distribution
Caused by: java.lang.IllegalArgumentException: Java 21 (65) is not supported by the current version of Byte Buddy which officially supports Java 20 (64) - update Byte Buddy or set net.bytebuddy.experimental as a VM property

[ERROR] testFindByUsername  Time elapsed: 0.056 s  <<< ERROR!
org.mockito.exceptions.base.MockitoException: 

Mockito cannot mock this class: class org.springframework.security.crypto.bcrypt.BCryptPasswordEncoder.

If you're not sure why you're getting this error, please open an issue on GitHub.


Java               : 21
JVM vendor name    : Eclipse Adoptium
JVM vendor version : 21.0.5+11-LTS
JVM name           : OpenJDK 64-Bit Server VM
JVM version        : 21.0.5+11-LTS
JVM info           : mixed mode, sharing
OS name            : Linux
OS version         : 6.12.47-0-virt


You are seeing this disclaimer because Mockito is configured to create inlined mocks.
You can learn about inline mocks and their limitations under item #39 of the Mockito class javadoc.

Underlying exception : org.mockito.exceptions.base.MockitoException: Could not modify all classes [class java.lang.Object, interface org.springframework.security.crypto.password.PasswordEncoder, class org.springframework.security.crypto.bcrypt.BCryptPasswordEncoder]
Caused by: org.mockito.exceptions.base.MockitoException: Could not modify all classes [class java.lang.Object, interface org.springframework.security.crypto.password.PasswordEncoder, class org.springframework.security.crypto.bcrypt.BCryptPasswordEncoder]
Caused by: java.lang.IllegalStateException: 

Byte Buddy could not instrument all classes within the mock's type hierarchy

This problem should never occur for javac-compiled classes. This problem has been observed for classes that are:
 - Compiled by older versions of scalac
 - Classes that are part of the Android distribution
Caused by: java.lang.IllegalArgumentException: Java 21 (65) is not supported by the current version of Byte Buddy which officially supports Java 20 (64) - update Byte Buddy or set net.bytebuddy.experimental as a VM property

[ERROR] testShowUser  Time elapsed: 0.051 s  <<< ERROR!
org.mockito.exceptions.base.MockitoException: 

Mockito cannot mock this class: class org.springframework.security.crypto.bcrypt.BCryptPasswordEncoder.

If you're not sure why you're getting this error, please open an issue on GitHub.


Java               : 21
JVM vendor name    : Eclipse Adoptium
JVM vendor version : 21.0.5+11-LTS
JVM name           : OpenJDK 64-Bit Server VM
JVM version        : 21.0.5+11-LTS
JVM info           : mixed mode, sharing
OS name            : Linux
OS version         : 6.12.47-0-virt


You are seeing this disclaimer because Mockito is configured to create inlined mocks.
You can learn about inline mocks and their limitations under item #39 of the Mockito class javadoc.

Underlying exception : org.mockito.exceptions.base.MockitoException: Could not modify all classes [class java.lang.Object, interface org.springframework.security.crypto.password.PasswordEncoder, class org.springframework.security.crypto.bcrypt.BCryptPasswordEncoder]
Caused by: org.mockito.exceptions.base.MockitoException: Could not modify all classes [class java.lang.Object, interface org.springframework.security.crypto.password.PasswordEncoder, class org.springframework.security.crypto.bcrypt.BCryptPasswordEncoder]
Caused by: java.lang.IllegalStateException: 

Byte Buddy could not instrument all classes within the mock's type hierarchy

This problem should never occur for javac-compiled classes. This problem has been observed for classes that are:
 - Compiled by older versions of scalac
 - Classes that are part of the Android distribution
Caused by: java.lang.IllegalArgumentException: Java 21 (65) is not supported by the current version of Byte Buddy which officially supports Java 20 (64) - update Byte Buddy or set net.bytebuddy.experimental as a VM property

[ERROR] testDeleteUser  Time elapsed: 0.05 s  <<< ERROR!
org.mockito.exceptions.base.MockitoException: 

Mockito cannot mock this class: class org.springframework.security.crypto.bcrypt.BCryptPasswordEncoder.

If you're not sure why you're getting this error, please open an issue on GitHub.


Java               : 21
JVM vendor name    : Eclipse Adoptium
JVM vendor version : 21.0.5+11-LTS
JVM name           : OpenJDK 64-Bit Server VM
JVM version        : 21.0.5+11-LTS
JVM info           : mixed mode, sharing
OS name            : Linux
OS version         : 6.12.47-0-virt


You are seeing this disclaimer because Mockito is configured to create inlined mocks.
You can learn about inline mocks and their limitations under item #39 of the Mockito class javadoc.

Underlying exception : org.mockito.exceptions.base.MockitoException: Could not modify all classes [class java.lang.Object, interface org.springframework.security.crypto.password.PasswordEncoder, class org.springframework.security.crypto.bcrypt.BCryptPasswordEncoder]
Caused by: org.mockito.exceptions.base.MockitoException: Could not modify all classes [class java.lang.Object, interface org.springframework.security.crypto.password.PasswordEncoder, class org.springframework.security.crypto.bcrypt.BCryptPasswordEncoder]
Caused by: java.lang.IllegalStateException: 

Byte Buddy could not instrument all classes within the mock's type hierarchy

This problem should never occur for javac-compiled classes. This problem has been observed for classes that are:
 - Compiled by older versions of scalac
 - Classes that are part of the Android distribution
Caused by: java.lang.IllegalArgumentException: Java 21 (65) is not supported by the current version of Byte Buddy which officially supports Java 20 (64) - update Byte Buddy or set net.bytebuddy.experimental as a VM property

[INFO] Running crm.service.CustomerServiceTest
[INFO] Tests run: 6, Failures: 0, Errors: 0, Skipped: 0, Time elapsed: 0.007 s - in crm.service.CustomerServiceTest
[INFO] Running crm.service.UserServiceTest
[INFO] Tests run: 7, Failures: 0, Errors: 0, Skipped: 0, Time elapsed: 0.004 s - in crm.service.UserServiceTest
[INFO] Running crm.service.CustomerServiceImplTest
[INFO] Tests run: 8, Failures: 0, Errors: 0, Skipped: 0, Time elapsed: 0.013 s - in crm.service.CustomerServiceImplTest
[INFO] Running crm.service.RoleServiceTest
[INFO] Tests run: 2, Failures: 0, Errors: 0, Skipped: 0, Time elapsed: 0.002 s - in crm.service.RoleServiceTest
[INFO] Running crm.service.PdfServiceImplTest
[INFO] Tests run: 3, Failures: 0, Errors: 0, Skipped: 0, Time elapsed: 0.086 s - in crm.service.PdfServiceImplTest
[INFO] Running crm.service.RoleServiceImplTest
[INFO] Tests run: 2, Failures: 0, Errors: 0, Skipped: 0, Time elapsed: 0.002 s - in crm.service.RoleServiceImplTest
[INFO] Running crm.service.PdfServiceTest
[INFO] Tests run: 3, Failures: 0, Errors: 0, Skipped: 0, Time elapsed: 0 s - in crm.service.PdfServiceTest
[INFO] Running crm.service.SpringDataUserDetailsServiceTest
[INFO] Tests run: 4, Failures: 0, Errors: 0, Skipped: 0, Time elapsed: 0.058 s - in crm.service.SpringDataUserDetailsServiceTest
[INFO] Running crm.CrmApplicationTests
2026-02-05 14:26:52.502  INFO 2945 --- [           main] .b.t.c.SpringBootTestContextBootstrapper : Neither @ContextConfiguration nor @ContextHierarchy found for test class [crm.CrmApplicationTests], using SpringBootContextLoader
2026-02-05 14:26:52.503  INFO 2945 --- [           main] o.s.t.c.support.AbstractContextLoader    : Could not detect default resource locations for test class [crm.CrmApplicationTests]: no resource found for suffixes {-context.xml, Context.groovy}.
2026-02-05 14:26:52.503  INFO 2945 --- [           main] t.c.s.AnnotationConfigContextLoaderUtils : Could not detect default configuration classes for test class [crm.CrmApplicationTests]: CrmApplicationTests does not declare any static, non-private, non-final, nested classes annotated with @Configuration.
2026-02-05 14:26:52.512  INFO 2945 --- [           main] .b.t.c.SpringBootTestContextBootstrapper : Found @SpringBootConfiguration crm.CrmApplication for test class crm.CrmApplicationTests
2026-02-05 14:26:52.517  INFO 2945 --- [           main] .b.t.c.SpringBootTestContextBootstrapper : Loaded default TestExecutionListener class names from location [META-INF/spring.factories]: [org.springframework.boot.test.mock.mockito.MockitoTestExecutionListener, org.springframework.boot.test.mock.mockito.ResetMocksTestExecutionListener, org.springframework.boot.test.autoconfigure.restdocs.RestDocsTestExecutionListener, org.springframework.boot.test.autoconfigure.web.client.MockRestServiceServerResetTestExecutionListener, org.springframework.boot.test.autoconfigure.web.servlet.MockMvcPrintOnlyOnFailureTestExecutionListener, org.springframework.boot.test.autoconfigure.web.servlet.WebDriverTestExecutionListener, org.springframework.boot.test.autoconfigure.webservices.client.MockWebServiceServerTestExecutionListener, org.springframework.test.context.web.ServletTestExecutionListener, org.springframework.test.context.support.DirtiesContextBeforeModesTestExecutionListener, org.springframework.test.context.event.ApplicationEventsTestExecutionListener, org.springframework.test.context.support.DependencyInjectionTestExecutionListener, org.springframework.test.context.support.DirtiesContextTestExecutionListener, org.springframework.test.context.transaction.TransactionalTestExecutionListener, org.springframework.test.context.jdbc.SqlScriptsTestExecutionListener, org.springframework.test.context.event.EventPublishingTestExecutionListener, org.springframework.security.test.context.support.WithSecurityContextTestExecutionListener, org.springframework.security.test.context.support.ReactorContextTestExecutionListener]
2026-02-05 14:26:52.519  INFO 2945 --- [           main] .b.t.c.SpringBootTestContextBootstrapper : Using TestExecutionListeners: [org.springframework.test.context.web.ServletTestExecutionListener@73bb782d, org.springframework.test.context.support.DirtiesContextBeforeModesTestExecutionListener@3a3375d8, org.springframework.test.context.event.ApplicationEventsTestExecutionListener@63bb719d, org.springframework.boot.test.mock.mockito.MockitoTestExecutionListener@38e100ab, org.springframework.boot.test.autoconfigure.SpringBootDependencyInjectionTestExecutionListener@10b36d8a, org.springframework.test.context.support.DirtiesContextTestExecutionListener@318f47f1, org.springframework.test.context.transaction.TransactionalTestExecutionListener@900ffc4, org.springframework.test.context.jdbc.SqlScriptsTestExecutionListener@39d44217, org.springframework.test.context.event.EventPublishingTestExecutionListener@3280a79a, org.springframework.security.test.context.support.WithSecurityContextTestExecutionListener@79fbcef4, org.springframework.security.test.context.support.ReactorContextTestExecutionListener@770be0d0, org.springframework.boot.test.mock.mockito.ResetMocksTestExecutionListener@6c54d0dc, org.springframework.boot.test.autoconfigure.restdocs.RestDocsTestExecutionListener@5b5f06bb, org.springframework.boot.test.autoconfigure.web.client.MockRestServiceServerResetTestExecutionListener@7c74ef4a, org.springframework.boot.test.autoconfigure.web.servlet.MockMvcPrintOnlyOnFailureTestExecutionListener@54519d74, org.springframework.boot.test.autoconfigure.web.servlet.WebDriverTestExecutionListener@1ec96512, org.springframework.boot.test.autoconfigure.webservices.client.MockWebServiceServerTestExecutionListener@3d00c2ae]
2026-02-05 14:26:52.525  INFO 2945 --- [           main] o.s.b.d.r.RestartApplicationListener     : Restart disabled due to context in which it is running

  .   ____          _            __ _ _
 /\\ / ___'_ __ _ _(_)_ __  __ _ \ \ \ \
( ( )\___ | '_ | '_| | '_ \/ _` | \ \ \ \
 \\/  ___)| |_)| | | | | || (_| |  ) ) ) )
  '  |____| .__|_| |_|_| |_\__, | / / / /
 =========|_|==============|___/=/_/_/_/
 :: Spring Boot ::               (v2.7.18)

2026-02-05 14:26:52.568  INFO 2945 --- [           main] crm.CrmApplicationTests                  : Starting CrmApplicationTests using Java 21.0.5 on d9688d684c55 with PID 2945 (started by studioai in /modernize-data/studio-data/TNT1001/APP1267/transformed-code/411/studio-workspace/MODTEST)
2026-02-05 14:26:52.568  INFO 2945 --- [           main] crm.CrmApplicationTests                  : The following 1 profile is active: "preprod"
2026-02-05 14:26:53.013  INFO 2945 --- [           main] .s.d.r.c.RepositoryConfigurationDelegate : Bootstrapping Spring Data JPA repositories in DEFAULT mode.
2026-02-05 14:26:53.027  INFO 2945 --- [           main] .s.d.r.c.RepositoryConfigurationDelegate : Finished Spring Data repository scanning in 12 ms. Found 6 JPA repository interfaces.
2026-02-05 14:26:53.272  INFO 2945 --- [           main] com.zaxxer.hikari.HikariDataSource       : HikariPool-3 - Starting...
2026-02-05 14:26:54.274 ERROR 2945 --- [           main] com.zaxxer.hikari.pool.HikariPool        : HikariPool-3 - Exception during pool initialization.

org.postgresql.util.PSQLException: Connection to localhost:5432 refused. Check that the hostname and port are correct and that the postmaster is accepting TCP/IP connections.
	at org.postgresql.core.v3.ConnectionFactoryImpl.openConnectionImpl(ConnectionFactoryImpl.java:342) ~[postgresql-42.7.1.jar:42.7.1]
	at org.postgresql.core.ConnectionFactory.openConnection(ConnectionFactory.java:54) ~[postgresql-42.7.1.jar:42.7.1]
	at org.postgresql.jdbc.PgConnection.<init>(PgConnection.java:263) ~[postgresql-42.7.1.jar:42.7.1]
	at org.postgresql.Driver.makeConnection(Driver.java:444) ~[postgresql-42.7.1.jar:42.7.1]
	at org.postgresql.Driver.connect(Driver.java:297) ~[postgresql-42.7.1.jar:42.7.1]
	at com.zaxxer.hikari.util.DriverDataSource.getConnection(DriverDataSource.java:138) ~[HikariCP-4.0.3.jar:na]
	at com.zaxxer.hikari.pool.PoolBase.newConnection(PoolBase.java:364) ~[HikariCP-4.0.3.jar:na]
	at com.zaxxer.hikari.pool.PoolBase.newPoolEntry(PoolBase.java:206) ~[HikariCP-4.0.3.jar:na]
	at com.zaxxer.hikari.pool.HikariPool.createPoolEntry(HikariPool.java:476) ~[HikariCP-4.0.3.jar:na]
	at com.zaxxer.hikari.pool.HikariPool.checkFailFast(HikariPool.java:561) ~[HikariCP-4.0.3.jar:na]
	at com.zaxxer.hikari.pool.HikariPool.<init>(HikariPool.java:115) ~[HikariCP-4.0.3.jar:na]
	at com.zaxxer.hikari.HikariDataSource.getConnection(HikariDataSource.java:112) ~[HikariCP-4.0.3.jar:na]
	at org.springframework.jdbc.datasource.DataSourceUtils.fetchConnection(DataSourceUtils.java:160) ~[spring-jdbc-5.3.31.jar:5.3.31]
	at org.springframework.jdbc.datasource.DataSourceUtils.doGetConnection(DataSourceUtils.java:118) ~[spring-jdbc-5.3.31.jar:5.3.31]
	at org.springframework.jdbc.datasource.DataSourceUtils.getConnection(DataSourceUtils.java:81) ~[spring-jdbc-5.3.31.jar:5.3.31]
	at org.springframework.jdbc.core.JdbcTemplate.execute(JdbcTemplate.java:332) ~[spring-jdbc-5.3.31.jar:5.3.31]
	at org.springframework.boot.jdbc.EmbeddedDatabaseConnection.isEmbedded(EmbeddedDatabaseConnection.java:164) ~[spring-boot-2.7.18.jar:2.7.18]
	at org.springframework.boot.jdbc.init.DataSourceScriptDatabaseInitializer.isEmbeddedDatabase(DataSourceScriptDatabaseInitializer.java:70) ~[spring-boot-2.7.18.jar:2.7.18]
	at org.springframework.boot.sql.init.AbstractScriptDatabaseInitializer.isEnabled(AbstractScriptDatabaseInitializer.java:83) ~[spring-boot-2.7.18.jar:2.7.18]
	at org.springframework.boot.sql.init.AbstractScriptDatabaseInitializer.applyScripts(AbstractScriptDatabaseInitializer.java:106) ~[spring-boot-2.7.18.jar:2.7.18]
	at org.springframework.boot.sql.init.AbstractScriptDatabaseInitializer.applyDataScripts(AbstractScriptDatabaseInitializer.java:101) ~[spring-boot-2.7.18.jar:2.7.18]
	at org.springframework.boot.sql.init.AbstractScriptDatabaseInitializer.initializeDatabase(AbstractScriptDatabaseInitializer.java:76) ~[spring-boot-2.7.18.jar:2.7.18]
	at org.springframework.boot.sql.init.AbstractScriptDatabaseInitializer.afterPropertiesSet(AbstractScriptDatabaseInitializer.java:65) ~[spring-boot-2.7.18.jar:2.7.18]
	at org.springframework.beans.factory.support.AbstractAutowireCapableBeanFactory.invokeInitMethods(AbstractAutowireCapableBeanFactory.java:1863) ~[spring-beans-5.3.31.jar:5.3.31]
	at org.springframework.beans.factory.support.AbstractAutowireCapableBeanFactory.initializeBean(AbstractAutowireCapableBeanFactory.java:1800) ~[spring-beans-5.3.31.jar:5.3.31]
	at org.springframework.beans.factory.support.AbstractAutowireCapableBeanFactory.doCreateBean(AbstractAutowireCapableBeanFactory.java:620) ~[spring-beans-5.3.31.jar:5.3.31]
	at org.springframework.beans.factory.support.AbstractAutowireCapableBeanFactory.createBean(AbstractAutowireCapableBeanFactory.java:542) ~[spring-beans-5.3.31.jar:5.3.31]
	at org.springframework.beans.factory.support.AbstractBeanFactory.lambda$doGetBean$0(AbstractBeanFactory.java:335) ~[spring-beans-5.3.31.jar:5.3.31]
	at org.springframework.beans.factory.support.DefaultSingletonBeanRegistry.getSingleton(DefaultSingletonBeanRegistry.java:234) ~[spring-beans-5.3.31.jar:5.3.31]
	at org.springframework.beans.factory.support.AbstractBeanFactory.doGetBean(AbstractBeanFactory.java:333) ~[spring-beans-5.3.31.jar:5.3.31]
	at org.springframework.beans.factory.support.AbstractBeanFactory.getBean(AbstractBeanFactory.java:208) ~[spring-beans-5.3.31.jar:5.3.31]
	at org.springframework.beans.factory.support.AbstractBeanFactory.doGetBean(AbstractBeanFactory.java:322) ~[spring-beans-5.3.31.jar:5.3.31]
	at org.springframework.beans.factory.support.AbstractBeanFactory.getBean(AbstractBeanFactory.java:208) ~[spring-beans-5.3.31.jar:5.3.31]
	at org.springframework.context.support.AbstractApplicationContext.getBean(AbstractApplicationContext.java:1168) ~[spring-context-5.3.31.jar:5.3.31]
	at org.springframework.context.support.AbstractApplicationContext.finishBeanFactoryInitialization(AbstractApplicationContext.java:919) ~[spring-context-5.3.31.jar:5.3.31]
	at org.springframework.context.support.AbstractApplicationContext.refresh(AbstractApplicationContext.java:591) ~[spring-context-5.3.31.jar:5.3.31]
	at org.springframework.boot.SpringApplication.refresh(SpringApplication.java:732) ~[spring-boot-2.7.18.jar:2.7.18]
	at org.springframework.boot.SpringApplication.refreshContext(SpringApplication.java:409) ~[spring-boot-2.7.18.jar:2.7.18]
	at org.springframework.boot.SpringApplication.run(SpringApplication.java:308) ~[spring-boot-2.7.18.jar:2.7.18]
	at org.springframework.boot.test.context.SpringBootContextLoader.loadContext(SpringBootContextLoader.java:136) ~[spring-boot-test-2.7.18.jar:2.7.18]
	at org.springframework.test.context.cache.DefaultCacheAwareContextLoaderDelegate.loadContextInternal(DefaultCacheAwareContextLoaderDelegate.java:141) ~[spring-test-5.3.31.jar:5.3.31]
	at org.springframework.test.context.cache.DefaultCacheAwareContextLoaderDelegate.loadContext(DefaultCacheAwareContextLoaderDelegate.java:90) ~[spring-test-5.3.31.jar:5.3.31]
	at org.springframework.test.context.support.DefaultTestContext.getApplicationContext(DefaultTestContext.java:124) ~[spring-test-5.3.31.jar:5.3.31]
	at org.springframework.test.context.web.ServletTestExecutionListener.setUpRequestContextIfNecessary(ServletTestExecutionListener.java:190) ~[spring-test-5.3.31.jar:5.3.31]
	at org.springframework.test.context.web.ServletTestExecutionListener.prepareTestInstance(ServletTestExecutionListener.java:132) ~[spring-test-5.3.31.jar:5.3.31]
	at org.springframework.test.context.TestContextManager.prepareTestInstance(TestContextManager.java:248) ~[spring-test-5.3.31.jar:5.3.31]
	at org.springframework.test.context.junit.jupiter.SpringExtension.postProcessTestInstance(SpringExtension.java:138) ~[spring-test-5.3.31.jar:5.3.31]
	at org.junit.jupiter.engine.descriptor.ClassBasedTestDescriptor.lambda$invokeTestInstancePostProcessors$10(ClassBasedTestDescriptor.java:377) ~[junit-jupiter-engine-5.9.3.jar:5.9.3]
	at org.junit.jupiter.engine.descriptor.ClassBasedTestDescriptor.executeAndMaskThrowable(ClassBasedTestDescriptor.java:382) ~[junit-jupiter-engine-5.9.3.jar:5.9.3]
	at org.junit.jupiter.engine.descriptor.ClassBasedTestDescriptor.lambda$invokeTestInstancePostProcessors$11(ClassBasedTestDescriptor.java:377) ~[junit-jupiter-engine-5.9.3.jar:5.9.3]
	at java.base/java.util.stream.ReferencePipeline$3$1.accept(ReferencePipeline.java:197) ~[na:na]
	at java.base/java.util.stream.ReferencePipeline$2$1.accept(ReferencePipeline.java:179) ~[na:na]
	at java.base/java.util.ArrayList$ArrayListSpliterator.forEachRemaining(ArrayList.java:1708) ~[na:na]
	at java.base/java.util.stream.AbstractPipeline.copyInto(AbstractPipeline.java:509) ~[na:na]
	at java.base/java.util.stream.AbstractPipeline.wrapAndCopyInto(AbstractPipeline.java:499) ~[na:na]
	at java.base/java.util.stream.StreamSpliterators$WrappingSpliterator.forEachRemaining(StreamSpliterators.java:310) ~[na:na]
	at java.base/java.util.stream.Streams$ConcatSpliterator.forEachRemaining(Streams.java:735) ~[na:na]
	at java.base/java.util.stream.Streams$ConcatSpliterator.forEachRemaining(Streams.java:734) ~[na:na]
	at java.base/java.util.stream.ReferencePipeline$Head.forEach(ReferencePipeline.java:762) ~[na:na]
	at org.junit.jupiter.engine.descriptor.ClassBasedTestDescriptor.invokeTestInstancePostProcessors(ClassBasedTestDescriptor.java:376) ~[junit-jupiter-engine-5.9.3.jar:5.9.3]
	at org.junit.jupiter.engine.descriptor.ClassBasedTestDescriptor.lambda$instantiateAndPostProcessTestInstance$6(ClassBasedTestDescriptor.java:289) ~[junit-jupiter-engine-5.9.3.jar:5.9.3]
	at org.junit.platform.engine.support.hierarchical.ThrowableCollector.execute(ThrowableCollector.java:73) ~[junit-platform-engine-1.8.2.jar:1.8.2]
	at org.junit.jupiter.engine.descriptor.ClassBasedTestDescriptor.instantiateAndPostProcessTestInstance(ClassBasedTestDescriptor.java:288) ~[junit-jupiter-engine-5.9.3.jar:5.9.3]
	at org.junit.jupiter.engine.descriptor.ClassBasedTestDescriptor.lambda$testInstancesProvider$4(ClassBasedTestDescriptor.java:278) ~[junit-jupiter-engine-5.9.3.jar:5.9.3]
	at java.base/java.util.Optional.orElseGet(Optional.java:364) ~[na:na]
	at org.junit.jupiter.engine.descriptor.ClassBasedTestDescriptor.lambda$testInstancesProvider$5(ClassBasedTestDescriptor.java:277) ~[junit-jupiter-engine-5.9.3.jar:5.9.3]
	at org.junit.jupiter.engine.execution.TestInstancesProvider.getTestInstances(TestInstancesProvider.java:31) ~[junit-jupiter-engine-5.9.3.jar:5.9.3]
	at org.junit.jupiter.engine.descriptor.TestMethodTestDescriptor.lambda$prepare$0(TestMethodTestDescriptor.java:105) ~[junit-jupiter-engine-5.9.3.jar:5.9.3]
	at org.junit.platform.engine.support.hierarchical.ThrowableCollector.execute(ThrowableCollector.java:73) ~[junit-platform-engine-1.8.2.jar:1.8.2]
	at org.junit.jupiter.engine.descriptor.TestMethodTestDescriptor.prepare(TestMethodTestDescriptor.java:104) ~[junit-jupiter-engine-5.9.3.jar:5.9.3]
	at org.junit.jupiter.engine.descriptor.TestMethodTestDescriptor.prepare(TestMethodTestDescriptor.java:68) ~[junit-jupiter-engine-5.9.3.jar:5.9.3]
	at org.junit.platform.engine.support.hierarchical.NodeTestTask.lambda$prepare$2(NodeTestTask.java:123) ~[junit-platform-engine-1.8.2.jar:1.8.2]
	at org.junit.platform.engine.support.hierarchical.ThrowableCollector.execute(ThrowableCollector.java:73) ~[junit-platform-engine-1.8.2.jar:1.8.2]
	at org.junit.platform.engine.support.hierarchical.NodeTestTask.prepare(NodeTestTask.java:123) ~[junit-platform-engine-1.8.2.jar:1.8.2]
	at org.junit.platform.engine.support.hierarchical.NodeTestTask.execute(NodeTestTask.java:90) ~[junit-platform-engine-1.8.2.jar:1.8.2]
	at java.base/java.util.ArrayList.forEach(ArrayList.java:1596) ~[na:na]
	at org.junit.platform.engine.support.hierarchical.SameThreadHierarchicalTestExecutorService.invokeAll(SameThreadHierarchicalTestExecutorService.java:41) ~[junit-platform-engine-1.8.2.jar:1.8.2]
	at org.junit.platform.engine.support.hierarchical.NodeTestTask.lambda$executeRecursively$6(NodeTestTask.java:155) ~[junit-platform-engine-1.8.2.jar:1.8.2]
	at org.junit.platform.engine.support.hierarchical.ThrowableCollector.execute(ThrowableCollector.java:73) ~[junit-platform-engine-1.8.2.jar:1.8.2]
	at org.junit.platform.engine.support.hierarchical.NodeTestTask.lambda$executeRecursively$8(NodeTestTask.java:141) ~[junit-platform-engine-1.8.2.jar:1.8.2]
	at org.junit.platform.engine.support.hierarchical.Node.around(Node.java:137) ~[junit-platform-engine-1.8.2.jar:1.8.2]
	at org.junit.platform.engine.support.hierarchical.NodeTestTask.lambda$executeRecursively$9(NodeTestTask.java:139) ~[junit-platform-engine-1.8.2.jar:1.8.2]
	at org.junit.platform.engine.support.hierarchical.ThrowableCollector.execute(ThrowableCollector.java:73) ~[junit-platform-engine-1.8.2.jar:1.8.2]
	at org.junit.platform.engine.support.hierarchical.NodeTestTask.executeRecursively(NodeTestTask.java:138) ~[junit-platform-engine-1.8.2.jar:1.8.2]
	at org.junit.platform.engine.support.hierarchical.NodeTestTask.execute(NodeTestTask.java:95) ~[junit-platform-engine-1.8.2.jar:1.8.2]
	at java.base/java.util.ArrayList.forEach(ArrayList.java:1596) ~[na:na]
	at org.junit.platform.engine.support.hierarchical.SameThreadHierarchicalTestExecutorService.invokeAll(SameThreadHierarchicalTestExecutorService.java:41) ~[junit-platform-engine-1.8.2.jar:1.8.2]
	at org.junit.platform.engine.support.hierarchical.NodeTestTask.lambda$executeRecursively$6(NodeTestTask.java:155) ~[junit-platform-engine-1.8.2.jar:1.8.2]
	at org.junit.platform.engine.support.hierarchical.ThrowableCollector.execute(ThrowableCollector.java:73) ~[junit-platform-engine-1.8.2.jar:1.8.2]
	at org.junit.platform.engine.support.hierarchical.NodeTestTask.lambda$executeRecursively$8(NodeTestTask.java:141) ~[junit-platform-engine-1.8.2.jar:1.8.2]
	at org.junit.platform.engine.support.hierarchical.Node.around(Node.java:137) ~[junit-platform-engine-1.8.2.jar:1.8.2]
	at org.junit.platform.engine.support.hierarchical.NodeTestTask.lambda$executeRecursively$9(NodeTestTask.java:139) ~[junit-platform-engine-1.8.2.jar:1.8.2]
	at org.junit.platform.engine.support.hierarchical.ThrowableCollector.execute(ThrowableCollector.java:73) ~[junit-platform-engine-1.8.2.jar:1.8.2]
	at org.junit.platform.engine.support.hierarchical.NodeTestTask.executeRecursively(NodeTestTask.java:138) ~[junit-platform-engine-1.8.2.jar:1.8.2]
	at org.junit.platform.engine.support.hierarchical.NodeTestTask.execute(NodeTestTask.java:95) ~[junit-platform-engine-1.8.2.jar:1.8.2]
	at org.junit.platform.engine.support.hierarchical.SameThreadHierarchicalTestExecutorService.submit(SameThreadHierarchicalTestExecutorService.java:35) ~[junit-platform-engine-1.8.2.jar:1.8.2]
	at org.junit.platform.engine.support.hierarchical.HierarchicalTestExecutor.execute(HierarchicalTestExecutor.java:57) ~[junit-platform-engine-1.8.2.jar:1.8.2]
	at org.junit.platform.engine.support.hierarchical.HierarchicalTestEngine.execute(HierarchicalTestEngine.java:54) ~[junit-platform-engine-1.8.2.jar:1.8.2]
	at org.junit.platform.launcher.core.DefaultLauncher.execute(DefaultLauncher.java:220) ~[junit-platform-launcher-1.3.1.jar:1.3.1]
	at org.junit.platform.launcher.core.DefaultLauncher.lambda$execute$6(DefaultLauncher.java:188) ~[junit-platform-launcher-1.3.1.jar:1.3.1]
	at org.junit.platform.launcher.core.DefaultLauncher.withInterceptedStreams(DefaultLauncher.java:202) ~[junit-platform-launcher-1.3.1.jar:1.3.1]
	at org.junit.platform.launcher.core.DefaultLauncher.execute(DefaultLauncher.java:181) ~[junit-platform-launcher-1.3.1.jar:1.3.1]
	at org.junit.platform.launcher.core.DefaultLauncher.execute(DefaultLauncher.java:128) ~[junit-platform-launcher-1.3.1.jar:1.3.1]
	at org.apache.maven.surefire.junitplatform.JUnitPlatformProvider.invokeAllTests(JUnitPlatformProvider.java:150) ~[surefire-junit-platform-2.22.2.jar:2.22.2]
	at org.apache.maven.surefire.junitplatform.JUnitPlatformProvider.invoke(JUnitPlatformProvider.java:124) ~[surefire-junit-platform-2.22.2.jar:2.22.2]
	at org.apache.maven.surefire.booter.ForkedBooter.invokeProviderInSameClassLoader(ForkedBooter.java:384) ~[surefire-booter-2.22.2.jar:2.22.2]
	at org.apache.maven.surefire.booter.ForkedBooter.runSuitesInProcess(ForkedBooter.java:345) ~[surefire-booter-2.22.2.jar:2.22.2]
	at org.apache.maven.surefire.booter.ForkedBooter.execute(ForkedBooter.java:126) ~[surefire-booter-2.22.2.jar:2.22.2]
	at org.apache.maven.surefire.booter.ForkedBooter.main(ForkedBooter.java:418) ~[surefire-booter-2.22.2.jar:2.22.2]
Caused by: java.net.ConnectException: Connection refused
	at java.base/sun.nio.ch.Net.pollConnect(Native Method) ~[na:na]
	at java.base/sun.nio.ch.Net.pollConnectNow(Net.java:682) ~[na:na]
	at java.base/sun.nio.ch.NioSocketImpl.timedFinishConnect(NioSocketImpl.java:542) ~[na:na]
	at java.base/sun.nio.ch.NioSocketImpl.connect(NioSocketImpl.java:592) ~[na:na]
	at java.base/java.net.SocksSocketImpl.connect(SocksSocketImpl.java:327) ~[na:na]
	at java.base/java.net.Socket.connect(Socket.java:751) ~[na:na]
	at org.postgresql.core.PGStream.createSocket(PGStream.java:243) ~[postgresql-42.7.1.jar:42.7.1]
	at org.postgresql.core.PGStream.<init>(PGStream.java:98) ~[postgresql-42.7.1.jar:42.7.1]
	at org.postgresql.core.v3.ConnectionFactoryImpl.tryConnect(ConnectionFactoryImpl.java:132) ~[postgresql-42.7.1.jar:42.7.1]
	at org.postgresql.core.v3.ConnectionFactoryImpl.openConnectionImpl(ConnectionFactoryImpl.java:258) ~[postgresql-42.7.1.jar:42.7.1]
	... 108 common frames omitted

2026-02-05 14:26:54.294  INFO 2945 --- [           main] o.hibernate.jpa.internal.util.LogHelper  : HHH000204: Processing PersistenceUnitInfo [name: default]
2026-02-05 14:26:54.297  INFO 2945 --- [           main] com.zaxxer.hikari.HikariDataSource       : HikariPool-3 - Starting...
2026-02-05 14:26:55.299 ERROR 2945 --- [           main] com.zaxxer.hikari.pool.HikariPool        : HikariPool-3 - Exception during pool initialization.

org.postgresql.util.PSQLException: Connection to localhost:5432 refused. Check that the hostname and port are correct and that the postmaster is accepting TCP/IP connections.
	at org.postgresql.core.v3.ConnectionFactoryImpl.openConnectionImpl(ConnectionFactoryImpl.java:342) ~[postgresql-42.7.1.jar:42.7.1]
	at org.postgresql.core.ConnectionFactory.openConnection(ConnectionFactory.java:54) ~[postgresql-42.7.1.jar:42.7.1]
	at org.postgresql.jdbc.PgConnection.<init>(PgConnection.java:263) ~[postgresql-42.7.1.jar:42.7.1]
	at org.postgresql.Driver.makeConnection(Driver.java:444) ~[postgresql-42.7.1.jar:42.7.1]
	at org.postgresql.Driver.connect(Driver.java:297) ~[postgresql-42.7.1.jar:42.7.1]
	at com.zaxxer.hikari.util.DriverDataSource.getConnection(DriverDataSource.java:138) ~[HikariCP-4.0.3.jar:na]
	at com.zaxxer.hikari.pool.PoolBase.newConnection(PoolBase.java:364) ~[HikariCP-4.0.3.jar:na]
	at com.zaxxer.hikari.pool.PoolBase.newPoolEntry(PoolBase.java:206) ~[HikariCP-4.0.3.jar:na]
	at com.zaxxer.hikari.pool.HikariPool.createPoolEntry(HikariPool.java:476) ~[HikariCP-4.0.3.jar:na]
	at com.zaxxer.hikari.pool.HikariPool.checkFailFast(HikariPool.java:561) ~[HikariCP-4.0.3.jar:na]
	at com.zaxxer.hikari.pool.HikariPool.<init>(HikariPool.java:115) ~[HikariCP-4.0.3.jar:na]
	at com.zaxxer.hikari.HikariDataSource.getConnection(HikariDataSource.java:112) ~[HikariCP-4.0.3.jar:na]
	at org.hibernate.engine.jdbc.connections.internal.DatasourceConnectionProviderImpl.getConnection(DatasourceConnectionProviderImpl.java:122) ~[hibernate-core-5.6.15.Final.jar:5.6.15.Final]
	at org.hibernate.engine.jdbc.env.internal.JdbcEnvironmentInitiator$ConnectionProviderJdbcConnectionAccess.obtainConnection(JdbcEnvironmentInitiator.java:181) ~[hibernate-core-5.6.15.Final.jar:5.6.15.Final]
	at org.hibernate.engine.jdbc.env.internal.JdbcEnvironmentInitiator.initiateService(JdbcEnvironmentInitiator.java:68) ~[hibernate-core-5.6.15.Final.jar:5.6.15.Final]
	at org.hibernate.engine.jdbc.env.internal.JdbcEnvironmentInitiator.initiateService(JdbcEnvironmentInitiator.java:35) ~[hibernate-core-5.6.15.Final.jar:5.6.15.Final]
	at org.hibernate.boot.registry.internal.StandardServiceRegistryImpl.initiateService(StandardServiceRegistryImpl.java:101) ~[hibernate-core-5.6.15.Final.jar:5.6.15.Final]
	at org.hibernate.service.internal.AbstractServiceRegistryImpl.createService(AbstractServiceRegistryImpl.java:272) ~[hibernate-core-5.6.15.Final.jar:5.6.15.Final]
	at org.hibernate.service.internal.AbstractServiceRegistryImpl.initializeService(AbstractServiceRegistryImpl.java:246) ~[hibernate-core-5.6.15.Final.jar:5.6.15.Final]
	at org.hibernate.service.internal.AbstractServiceRegistryImpl.getService(AbstractServiceRegistryImpl.java:223) ~[hibernate-core-5.6.15.Final.jar:5.6.15.Final]
	at org.hibernate.id.factory.internal.DefaultIdentifierGeneratorFactory.injectServices(DefaultIdentifierGeneratorFactory.java:175) ~[hibernate-core-5.6.15.Final.jar:5.6.15.Final]
	at org.hibernate.service.internal.AbstractServiceRegistryImpl.injectDependencies(AbstractServiceRegistryImpl.java:295) ~[hibernate-core-5.6.15.Final.jar:5.6.15.Final]
	at org.hibernate.service.internal.AbstractServiceRegistryImpl.initializeService(AbstractServiceRegistryImpl.java:252) ~[hibernate-core-5.6.15.Final.jar:5.6.15.Final]
	at org.hibernate.service.internal.AbstractServiceRegistryImpl.getService(AbstractServiceRegistryImpl.java:223) ~[hibernate-core-5.6.15.Final.jar:5.6.15.Final]
	at org.hibernate.boot.internal.InFlightMetadataCollectorImpl.<init>(InFlightMetadataCollectorImpl.java:173) ~[hibernate-core-5.6.15.Final.jar:5.6.15.Final]
	at org.hibernate.boot.model.process.spi.MetadataBuildingProcess.complete(MetadataBuildingProcess.java:127) ~[hibernate-core-5.6.15.Final.jar:5.6.15.Final]
	at org.hibernate.jpa.boot.internal.EntityManagerFactoryBuilderImpl.metadata(EntityManagerFactoryBuilderImpl.java:1460) ~[hibernate-core-5.6.15.Final.jar:5.6.15.Final]
	at org.hibernate.jpa.boot.internal.EntityManagerFactoryBuilderImpl.build(EntityManagerFactoryBuilderImpl.java:1494) ~[hibernate-core-5.6.15.Final.jar:5.6.15.Final]
	at org.springframework.orm.jpa.vendor.SpringHibernateJpaPersistenceProvider.createContainerEntityManagerFactory(SpringHibernateJpaPersistenceProvider.java:58) ~[spring-orm-5.3.31.jar:5.3.31]
	at org.springframework.orm.jpa.LocalContainerEntityManagerFactoryBean.createNativeEntityManagerFactory(LocalContainerEntityManagerFactoryBean.java:365) ~[spring-orm-5.3.31.jar:5.3.31]
	at org.springframework.orm.jpa.AbstractEntityManagerFactoryBean.buildNativeEntityManagerFactory(AbstractEntityManagerFactoryBean.java:409) ~[spring-orm-5.3.31.jar:5.3.31]
	at org.springframework.orm.jpa.AbstractEntityManagerFactoryBean.afterPropertiesSet(AbstractEntityManagerFactoryBean.java:396) ~[spring-orm-5.3.31.jar:5.3.31]
	at org.springframework.orm.jpa.LocalContainerEntityManagerFactoryBean.afterPropertiesSet(LocalContainerEntityManagerFactoryBean.java:341) ~[spring-orm-5.3.31.jar:5.3.31]
	at org.springframework.beans.factory.support.AbstractAutowireCapableBeanFactory.invokeInitMethods(AbstractAutowireCapableBeanFactory.java:1863) ~[spring-beans-5.3.31.jar:5.3.31]
	at org.springframework.beans.factory.support.AbstractAutowireCapableBeanFactory.initializeBean(AbstractAutowireCapableBeanFactory.java:1800) ~[spring-beans-5.3.31.jar:5.3.31]
	at org.springframework.beans.factory.support.AbstractAutowireCapableBeanFactory.doCreateBean(AbstractAutowireCapableBeanFactory.java:620) ~[spring-beans-5.3.31.jar:5.3.31]
	at org.springframework.beans.factory.support.AbstractAutowireCapableBeanFactory.createBean(AbstractAutowireCapableBeanFactory.java:542) ~[spring-beans-5.3.31.jar:5.3.31]
	at org.springframework.beans.factory.support.AbstractBeanFactory.lambda$doGetBean$0(AbstractBeanFactory.java:335) ~[spring-beans-5.3.31.jar:5.3.31]
	at org.springframework.beans.factory.support.DefaultSingletonBeanRegistry.getSingleton(DefaultSingletonBeanRegistry.java:234) ~[spring-beans-5.3.31.jar:5.3.31]
	at org.springframework.beans.factory.support.AbstractBeanFactory.doGetBean(AbstractBeanFactory.java:333) ~[spring-beans-5.3.31.jar:5.3.31]
	at org.springframework.beans.factory.support.AbstractBeanFactory.getBean(AbstractBeanFactory.java:208) ~[spring-beans-5.3.31.jar:5.3.31]
	at org.springframework.context.support.AbstractApplicationContext.getBean(AbstractApplicationContext.java:1168) ~[spring-context-5.3.31.jar:5.3.31]
	at org.springframework.context.support.AbstractApplicationContext.finishBeanFactoryInitialization(AbstractApplicationContext.java:919) ~[spring-context-5.3.31.jar:5.3.31]
	at org.springframework.context.support.AbstractApplicationContext.refresh(AbstractApplicationContext.java:591) ~[spring-context-5.3.31.jar:5.3.31]
	at org.springframework.boot.SpringApplication.refresh(SpringApplication.java:732) ~[spring-boot-2.7.18.jar:2.7.18]
	at org.springframework.boot.SpringApplication.refreshContext(SpringApplication.java:409) ~[spring-boot-2.7.18.jar:2.7.18]
	at org.springframework.boot.SpringApplication.run(SpringApplication.java:308) ~[spring-boot-2.7.18.jar:2.7.18]
	at org.springframework.boot.test.context.SpringBootContextLoader.loadContext(SpringBootContextLoader.java:136) ~[spring-boot-test-2.7.18.jar:2.7.18]
	at org.springframework.test.context.cache.DefaultCacheAwareContextLoaderDelegate.loadContextInternal(DefaultCacheAwareContextLoaderDelegate.java:141) ~[spring-test-5.3.31.jar:5.3.31]
	at org.springframework.test.context.cache.DefaultCacheAwareContextLoaderDelegate.loadContext(DefaultCacheAwareContextLoaderDelegate.java:90) ~[spring-test-5.3.31.jar:5.3.31]
	at org.springframework.test.context.support.DefaultTestContext.getApplicationContext(DefaultTestContext.java:124) ~[spring-test-5.3.31.jar:5.3.31]
	at org.springframework.test.context.web.ServletTestExecutionListener.setUpRequestContextIfNecessary(ServletTestExecutionListener.java:190) ~[spring-test-5.3.31.jar:5.3.31]
	at org.springframework.test.context.web.ServletTestExecutionListener.prepareTestInstance(ServletTestExecutionListener.java:132) ~[spring-test-5.3.31.jar:5.3.31]
	at org.springframework.test.context.TestContextManager.prepareTestInstance(TestContextManager.java:248) ~[spring-test-5.3.31.jar:5.3.31]
	at org.springframework.test.context.junit.jupiter.SpringExtension.postProcessTestInstance(SpringExtension.java:138) ~[spring-test-5.3.31.jar:5.3.31]
	at org.junit.jupiter.engine.descriptor.ClassBasedTestDescriptor.lambda$invokeTestInstancePostProcessors$10(ClassBasedTestDescriptor.java:377) ~[junit-jupiter-engine-5.9.3.jar:5.9.3]
	at org.junit.jupiter.engine.descriptor.ClassBasedTestDescriptor.executeAndMaskThrowable(ClassBasedTestDescriptor.java:382) ~[junit-jupiter-engine-5.9.3.jar:5.9.3]
	at org.junit.jupiter.engine.descriptor.ClassBasedTestDescriptor.lambda$invokeTestInstancePostProcessors$11(ClassBasedTestDescriptor.java:377) ~[junit-jupiter-engine-5.9.3.jar:5.9.3]
	at java.base/java.util.stream.ReferencePipeline$3$1.accept(ReferencePipeline.java:197) ~[na:na]
	at java.base/java.util.stream.ReferencePipeline$2$1.accept(ReferencePipeline.java:179) ~[na:na]
	at java.base/java.util.ArrayList$ArrayListSpliterator.forEachRemaining(ArrayList.java:1708) ~[na:na]
	at java.base/java.util.stream.AbstractPipeline.copyInto(AbstractPipeline.java:509) ~[na:na]
	at java.base/java.util.stream.AbstractPipeline.wrapAndCopyInto(AbstractPipeline.java:499) ~[na:na]
	at java.base/java.util.stream.StreamSpliterators$WrappingSpliterator.forEachRemaining(StreamSpliterators.java:310) ~[na:na]
	at java.base/java.util.stream.Streams$ConcatSpliterator.forEachRemaining(Streams.java:735) ~[na:na]
	at java.base/java.util.stream.Streams$ConcatSpliterator.forEachRemaining(Streams.java:734) ~[na:na]
	at java.base/java.util.stream.ReferencePipeline$Head.forEach(ReferencePipeline.java:762) ~[na:na]
	at org.junit.jupiter.engine.descriptor.ClassBasedTestDescriptor.invokeTestInstancePostProcessors(ClassBasedTestDescriptor.java:376) ~[junit-jupiter-engine-5.9.3.jar:5.9.3]
	at org.junit.jupiter.engine.descriptor.ClassBasedTestDescriptor.lambda$instantiateAndPostProcessTestInstance$6(ClassBasedTestDescriptor.java:289) ~[junit-jupiter-engine-5.9.3.jar:5.9.3]
	at org.junit.platform.engine.support.hierarchical.ThrowableCollector.execute(ThrowableCollector.java:73) ~[junit-platform-engine-1.8.2.jar:1.8.2]
	at org.junit.jupiter.engine.descriptor.ClassBasedTestDescriptor.instantiateAndPostProcessTestInstance(ClassBasedTestDescriptor.java:288) ~[junit-jupiter-engine-5.9.3.jar:5.9.3]
	at org.junit.jupiter.engine.descriptor.ClassBasedTestDescriptor.lambda$testInstancesProvider$4(ClassBasedTestDescriptor.java:278) ~[junit-jupiter-engine-5.9.3.jar:5.9.3]
	at java.base/java.util.Optional.orElseGet(Optional.java:364) ~[na:na]
	at org.junit.jupiter.engine.descriptor.ClassBasedTestDescriptor.lambda$testInstancesProvider$5(ClassBasedTestDescriptor.java:277) ~[junit-jupiter-engine-5.9.3.jar:5.9.3]
	at org.junit.jupiter.engine.execution.TestInstancesProvider.getTestInstances(TestInstancesProvider.java:31) ~[junit-jupiter-engine-5.9.3.jar:5.9.3]
	at org.junit.jupiter.engine.descriptor.TestMethodTestDescriptor.lambda$prepare$0(TestMethodTestDescriptor.java:105) ~[junit-jupiter-engine-5.9.3.jar:5.9.3]
	at org.junit.platform.engine.support.hierarchical.ThrowableCollector.execute(ThrowableCollector.java:73) ~[junit-platform-engine-1.8.2.jar:1.8.2]
	at org.junit.jupiter.engine.descriptor.TestMethodTestDescriptor.prepare(TestMethodTestDescriptor.java:104) ~[junit-jupiter-engine-5.9.3.jar:5.9.3]
	at org.junit.jupiter.engine.descriptor.TestMethodTestDescriptor.prepare(TestMethodTestDescriptor.java:68) ~[junit-jupiter-engine-5.9.3.jar:5.9.3]
	at org.junit.platform.engine.support.hierarchical.NodeTestTask.lambda$prepare$2(NodeTestTask.java:123) ~[junit-platform-engine-1.8.2.jar:1.8.2]
	at org.junit.platform.engine.support.hierarchical.ThrowableCollector.execute(ThrowableCollector.java:73) ~[junit-platform-engine-1.8.2.jar:1.8.2]
	at org.junit.platform.engine.support.hierarchical.NodeTestTask.prepare(NodeTestTask.java:123) ~[junit-platform-engine-1.8.2.jar:1.8.2]
	at org.junit.platform.engine.support.hierarchical.NodeTestTask.execute(NodeTestTask.java:90) ~[junit-platform-engine-1.8.2.jar:1.8.2]
	at java.base/java.util.ArrayList.forEach(ArrayList.java:1596) ~[na:na]
	at org.junit.platform.engine.support.hierarchical.SameThreadHierarchicalTestExecutorService.invokeAll(SameThreadHierarchicalTestExecutorService.java:41) ~[junit-platform-engine-1.8.2.jar:1.8.2]
	at org.junit.platform.engine.support.hierarchical.NodeTestTask.lambda$executeRecursively$6(NodeTestTask.java:155) ~[junit-platform-engine-1.8.2.jar:1.8.2]
	at org.junit.platform.engine.support.hierarchical.ThrowableCollector.execute(ThrowableCollector.java:73) ~[junit-platform-engine-1.8.2.jar:1.8.2]
	at org.junit.platform.engine.support.hierarchical.NodeTestTask.lambda$executeRecursively$8(NodeTestTask.java:141) ~[junit-platform-engine-1.8.2.jar:1.8.2]
	at org.junit.platform.engine.support.hierarchical.Node.around(Node.java:137) ~[junit-platform-engine-1.8.2.jar:1.8.2]
	at org.junit.platform.engine.support.hierarchical.NodeTestTask.lambda$executeRecursively$9(NodeTestTask.java:139) ~[junit-platform-engine-1.8.2.jar:1.8.2]
	at org.junit.platform.engine.support.hierarchical.ThrowableCollector.execute(ThrowableCollector.java:73) ~[junit-platform-engine-1.8.2.jar:1.8.2]
	at org.junit.platform.engine.support.hierarchical.NodeTestTask.executeRecursively(NodeTestTask.java:138) ~[junit-platform-engine-1.8.2.jar:1.8.2]
	at org.junit.platform.engine.support.hierarchical.NodeTestTask.execute(NodeTestTask.java:95) ~[junit-platform-engine-1.8.2.jar:1.8.2]
	at java.base/java.util.ArrayList.forEach(ArrayList.java:1596) ~[na:na]
	at org.junit.platform.engine.support.hierarchical.SameThreadHierarchicalTestExecutorService.invokeAll(SameThreadHierarchicalTestExecutorService.java:41) ~[junit-platform-engine-1.8.2.jar:1.8.2]
	at org.junit.platform.engine.support.hierarchical.NodeTestTask.lambda$executeRecursively$6(NodeTestTask.java:155) ~[junit-platform-engine-1.8.2.jar:1.8.2]
	at org.junit.platform.engine.support.hierarchical.ThrowableCollector.execute(ThrowableCollector.java:73) ~[junit-platform-engine-1.8.2.jar:1.8.2]
	at org.junit.platform.engine.support.hierarchical.NodeTestTask.lambda$executeRecursively$8(NodeTestTask.java:141) ~[junit-platform-engine-1.8.2.jar:1.8.2]
	at org.junit.platform.engine.support.hierarchical.Node.around(Node.java:137) ~[junit-platform-engine-1.8.2.jar:1.8.2]
	at org.junit.platform.engine.support.hierarchical.NodeTestTask.lambda$executeRecursively$9(NodeTestTask.java:139) ~[junit-platform-engine-1.8.2.jar:1.8.2]
	at org.junit.platform.engine.support.hierarchical.ThrowableCollector.execute(ThrowableCollector.java:73) ~[junit-platform-engine-1.8.2.jar:1.8.2]
	at org.junit.platform.engine.support.hierarchical.NodeTestTask.executeRecursively(NodeTestTask.java:138) ~[junit-platform-engine-1.8.2.jar:1.8.2]
	at org.junit.platform.engine.support.hierarchical.NodeTestTask.execute(NodeTestTask.java:95) ~[junit-platform-engine-1.8.2.jar:1.8.2]
	at org.junit.platform.engine.support.hierarchical.SameThreadHierarchicalTestExecutorService.submit(SameThreadHierarchicalTestExecutorService.java:35) ~[junit-platform-engine-1.8.2.jar:1.8.2]
	at org.junit.platform.engine.support.hierarchical.HierarchicalTestExecutor.execute(HierarchicalTestExecutor.java:57) ~[junit-platform-engine-1.8.2.jar:1.8.2]
	at org.junit.platform.engine.support.hierarchical.HierarchicalTestEngine.execute(HierarchicalTestEngine.java:54) ~[junit-platform-engine-1.8.2.jar:1.8.2]
	at org.junit.platform.launcher.core.DefaultLauncher.execute(DefaultLauncher.java:220) ~[junit-platform-launcher-1.3.1.jar:1.3.1]
	at org.junit.platform.launcher.core.DefaultLauncher.lambda$execute$6(DefaultLauncher.java:188) ~[junit-platform-launcher-1.3.1.jar:1.3.1]
	at org.junit.platform.launcher.core.DefaultLauncher.withInterceptedStreams(DefaultLauncher.java:202) ~[junit-platform-launcher-1.3.1.jar:1.3.1]
	at org.junit.platform.launcher.core.DefaultLauncher.execute(DefaultLauncher.java:181) ~[junit-platform-launcher-1.3.1.jar:1.3.1]
	at org.junit.platform.launcher.core.DefaultLauncher.execute(DefaultLauncher.java:128) ~[junit-platform-launcher-1.3.1.jar:1.3.1]
	at org.apache.maven.surefire.junitplatform.JUnitPlatformProvider.invokeAllTests(JUnitPlatformProvider.java:150) ~[surefire-junit-platform-2.22.2.jar:2.22.2]
	at org.apache.maven.surefire.junitplatform.JUnitPlatformProvider.invoke(JUnitPlatformProvider.java:124) ~[surefire-junit-platform-2.22.2.jar:2.22.2]
	at org.apache.maven.surefire.booter.ForkedBooter.invokeProviderInSameClassLoader(ForkedBooter.java:384) ~[surefire-booter-2.22.2.jar:2.22.2]
	at org.apache.maven.surefire.booter.ForkedBooter.runSuitesInProcess(ForkedBooter.java:345) ~[surefire-booter-2.22.2.jar:2.22.2]
	at org.apache.maven.surefire.booter.ForkedBooter.execute(ForkedBooter.java:126) ~[surefire-booter-2.22.2.jar:2.22.2]
	at org.apache.maven.surefire.booter.ForkedBooter.main(ForkedBooter.java:418) ~[surefire-booter-2.22.2.jar:2.22.2]
Caused by: java.net.ConnectException: Connection refused
	at java.base/sun.nio.ch.Net.pollConnect(Native Method) ~[na:na]
	at java.base/sun.nio.ch.Net.pollConnectNow(Net.java:682) ~[na:na]
	at java.base/sun.nio.ch.NioSocketImpl.timedFinishConnect(NioSocketImpl.java:542) ~[na:na]
	at java.base/sun.nio.ch.NioSocketImpl.connect(NioSocketImpl.java:592) ~[na:na]
	at java.base/java.net.SocksSocketImpl.connect(SocksSocketImpl.java:327) ~[na:na]
	at java.base/java.net.Socket.connect(Socket.java:751) ~[na:na]
	at org.postgresql.core.PGStream.createSocket(PGStream.java:243) ~[postgresql-42.7.1.jar:42.7.1]
	at org.postgresql.core.PGStream.<init>(PGStream.java:98) ~[postgresql-42.7.1.jar:42.7.1]
	at org.postgresql.core.v3.ConnectionFactoryImpl.tryConnect(ConnectionFactoryImpl.java:132) ~[postgresql-42.7.1.jar:42.7.1]
	at org.postgresql.core.v3.ConnectionFactoryImpl.openConnectionImpl(ConnectionFactoryImpl.java:258) ~[postgresql-42.7.1.jar:42.7.1]
	... 116 common frames omitted

2026-02-05 14:26:55.300  WARN 2945 --- [           main] o.h.e.j.e.i.JdbcEnvironmentInitiator     : HHH000342: Could not obtain connection to query metadata

org.postgresql.util.PSQLException: Connection to localhost:5432 refused. Check that the hostname and port are correct and that the postmaster is accepting TCP/IP connections.
	at org.postgresql.core.v3.ConnectionFactoryImpl.openConnectionImpl(ConnectionFactoryImpl.java:342) ~[postgresql-42.7.1.jar:42.7.1]
	at org.postgresql.core.ConnectionFactory.openConnection(ConnectionFactory.java:54) ~[postgresql-42.7.1.jar:42.7.1]
	at org.postgresql.jdbc.PgConnection.<init>(PgConnection.java:263) ~[postgresql-42.7.1.jar:42.7.1]
	at org.postgresql.Driver.makeConnection(Driver.java:444) ~[postgresql-42.7.1.jar:42.7.1]
	at org.postgresql.Driver.connect(Driver.java:297) ~[postgresql-42.7.1.jar:42.7.1]
	at com.zaxxer.hikari.util.DriverDataSource.getConnection(DriverDataSource.java:138) ~[HikariCP-4.0.3.jar:na]
	at com.zaxxer.hikari.pool.PoolBase.newConnection(PoolBase.java:364) ~[HikariCP-4.0.3.jar:na]
	at com.zaxxer.hikari.pool.PoolBase.newPoolEntry(PoolBase.java:206) ~[HikariCP-4.0.3.jar:na]
	at com.zaxxer.hikari.pool.HikariPool.createPoolEntry(HikariPool.java:476) ~[HikariCP-4.0.3.jar:na]
	at com.zaxxer.hikari.pool.HikariPool.checkFailFast(HikariPool.java:561) ~[HikariCP-4.0.3.jar:na]
	at com.zaxxer.hikari.pool.HikariPool.<init>(HikariPool.java:115) ~[HikariCP-4.0.3.jar:na]
	at com.zaxxer.hikari.HikariDataSource.getConnection(HikariDataSource.java:112) ~[HikariCP-4.0.3.jar:na]
	at org.hibernate.engine.jdbc.connections.internal.DatasourceConnectionProviderImpl.getConnection(DatasourceConnectionProviderImpl.java:122) ~[hibernate-core-5.6.15.Final.jar:5.6.15.Final]
	at org.hibernate.engine.jdbc.env.internal.JdbcEnvironmentInitiator$ConnectionProviderJdbcConnectionAccess.obtainConnection(JdbcEnvironmentInitiator.java:181) ~[hibernate-core-5.6.15.Final.jar:5.6.15.Final]
	at org.hibernate.engine.jdbc.env.internal.JdbcEnvironmentInitiator.initiateService(JdbcEnvironmentInitiator.java:68) ~[hibernate-core-5.6.15.Final.jar:5.6.15.Final]
	at org.hibernate.engine.jdbc.env.internal.JdbcEnvironmentInitiator.initiateService(JdbcEnvironmentInitiator.java:35) ~[hibernate-core-5.6.15.Final.jar:5.6.15.Final]
	at org.hibernate.boot.registry.internal.StandardServiceRegistryImpl.initiateService(StandardServiceRegistryImpl.java:101) ~[hibernate-core-5.6.15.Final.jar:5.6.15.Final]
	at org.hibernate.service.internal.AbstractServiceRegistryImpl.createService(AbstractServiceRegistryImpl.java:272) ~[hibernate-core-5.6.15.Final.jar:5.6.15.Final]
	at org.hibernate.service.internal.AbstractServiceRegistryImpl.initializeService(AbstractServiceRegistryImpl.java:246) ~[hibernate-core-5.6.15.Final.jar:5.6.15.Final]
	at org.hibernate.service.internal.AbstractServiceRegistryImpl.getService(AbstractServiceRegistryImpl.java:223) ~[hibernate-core-5.6.15.Final.jar:5.6.15.Final]
	at org.hibernate.id.factory.internal.DefaultIdentifierGeneratorFactory.injectServices(DefaultIdentifierGeneratorFactory.java:175) ~[hibernate-core-5.6.15.Final.jar:5.6.15.Final]
	at org.hibernate.service.internal.AbstractServiceRegistryImpl.injectDependencies(AbstractServiceRegistryImpl.java:295) ~[hibernate-core-5.6.15.Final.jar:5.6.15.Final]
	at org.hibernate.service.internal.AbstractServiceRegistryImpl.initializeService(AbstractServiceRegistryImpl.java:252) ~[hibernate-core-5.6.15.Final.jar:5.6.15.Final]
	at org.hibernate.service.internal.AbstractServiceRegistryImpl.getService(AbstractServiceRegistryImpl.java:223) ~[hibernate-core-5.6.15.Final.jar:5.6.15.Final]
	at org.hibernate.boot.internal.InFlightMetadataCollectorImpl.<init>(InFlightMetadataCollectorImpl.java:173) ~[hibernate-core-5.6.15.Final.jar:5.6.15.Final]
	at org.hibernate.boot.model.process.spi.MetadataBuildingProcess.complete(MetadataBuildingProcess.java:127) ~[hibernate-core-5.6.15.Final.jar:5.6.15.Final]
	at org.hibernate.jpa.boot.internal.EntityManagerFactoryBuilderImpl.metadata(EntityManagerFactoryBuilderImpl.java:1460) ~[hibernate-core-5.6.15.Final.jar:5.6.15.Final]
	at org.hibernate.jpa.boot.internal.EntityManagerFactoryBuilderImpl.build(EntityManagerFactoryBuilderImpl.java:1494) ~[hibernate-core-5.6.15.Final.jar:5.6.15.Final]
	at org.springframework.orm.jpa.vendor.SpringHibernateJpaPersistenceProvider.createContainerEntityManagerFactory(SpringHibernateJpaPersistenceProvider.java:58) ~[spring-orm-5.3.31.jar:5.3.31]
	at org.springframework.orm.jpa.LocalContainerEntityManagerFactoryBean.createNativeEntityManagerFactory(LocalContainerEntityManagerFactoryBean.java:365) ~[spring-orm-5.3.31.jar:5.3.31]
	at org.springframework.orm.jpa.AbstractEntityManagerFactoryBean.buildNativeEntityManagerFactory(AbstractEntityManagerFactoryBean.java:409) ~[spring-orm-5.3.31.jar:5.3.31]
	at org.springframework.orm.jpa.AbstractEntityManagerFactoryBean.afterPropertiesSet(AbstractEntityManagerFactoryBean.java:396) ~[spring-orm-5.3.31.jar:5.3.31]
	at org.springframework.orm.jpa.LocalContainerEntityManagerFactoryBean.afterPropertiesSet(LocalContainerEntityManagerFactoryBean.java:341) ~[spring-orm-5.3.31.jar:5.3.31]
	at org.springframework.beans.factory.support.AbstractAutowireCapableBeanFactory.invokeInitMethods(AbstractAutowireCapableBeanFactory.java:1863) ~[spring-beans-5.3.31.jar:5.3.31]
	at org.springframework.beans.factory.support.AbstractAutowireCapableBeanFactory.initializeBean(AbstractAutowireCapableBeanFactory.java:1800) ~[spring-beans-5.3.31.jar:5.3.31]
	at org.springframework.beans.factory.support.AbstractAutowireCapableBeanFactory.doCreateBean(AbstractAutowireCapableBeanFactory.java:620) ~[spring-beans-5.3.31.jar:5.3.31]
	at org.springframework.beans.factory.support.AbstractAutowireCapableBeanFactory.createBean(AbstractAutowireCapableBeanFactory.java:542) ~[spring-beans-5.3.31.jar:5.3.31]
	at org.springframework.beans.factory.support.AbstractBeanFactory.lambda$doGetBean$0(AbstractBeanFactory.java:335) ~[spring-beans-5.3.31.jar:5.3.31]
	at org.springframework.beans.factory.support.DefaultSingletonBeanRegistry.getSingleton(DefaultSingletonBeanRegistry.java:234) ~[spring-beans-5.3.31.jar:5.3.31]
	at org.springframework.beans.factory.support.AbstractBeanFactory.doGetBean(AbstractBeanFactory.java:333) ~[spring-beans-5.3.31.jar:5.3.31]
	at org.springframework.beans.factory.support.AbstractBeanFactory.getBean(AbstractBeanFactory.java:208) ~[spring-beans-5.3.31.jar:5.3.31]
	at org.springframework.context.support.AbstractApplicationContext.getBean(AbstractApplicationContext.java:1168) ~[spring-context-5.3.31.jar:5.3.31]
	at org.springframework.context.support.AbstractApplicationContext.finishBeanFactoryInitialization(AbstractApplicationContext.java:919) ~[spring-context-5.3.31.jar:5.3.31]
	at org.springframework.context.support.AbstractApplicationContext.refresh(AbstractApplicationContext.java:591) ~[spring-context-5.3.31.jar:5.3.31]
	at org.springframework.boot.SpringApplication.refresh(SpringApplication.java:732) ~[spring-boot-2.7.18.jar:2.7.18]
	at org.springframework.boot.SpringApplication.refreshContext(SpringApplication.java:409) ~[spring-boot-2.7.18.jar:2.7.18]
	at org.springframework.boot.SpringApplication.run(SpringApplication.java:308) ~[spring-boot-2.7.18.jar:2.7.18]
	at org.springframework.boot.test.context.SpringBootContextLoader.loadContext(SpringBootContextLoader.java:136) ~[spring-boot-test-2.7.18.jar:2.7.18]
	at org.springframework.test.context.cache.DefaultCacheAwareContextLoaderDelegate.loadContextInternal(DefaultCacheAwareContextLoaderDelegate.java:141) ~[spring-test-5.3.31.jar:5.3.31]
	at org.springframework.test.context.cache.DefaultCacheAwareContextLoaderDelegate.loadContext(DefaultCacheAwareContextLoaderDelegate.java:90) ~[spring-test-5.3.31.jar:5.3.31]
	at org.springframework.test.context.support.DefaultTestContext.getApplicationContext(DefaultTestContext.java:124) ~[spring-test-5.3.31.jar:5.3.31]
	at org.springframework.test.context.web.ServletTestExecutionListener.setUpRequestContextIfNecessary(ServletTestExecutionListener.java:190) ~[spring-test-5.3.31.jar:5.3.31]
	at org.springframework.test.context.web.ServletTestExecutionListener.prepareTestInstance(ServletTestExecutionListener.java:132) ~[spring-test-5.3.31.jar:5.3.31]
	at org.springframework.test.context.TestContextManager.prepareTestInstance(TestContextManager.java:248) ~[spring-test-5.3.31.jar:5.3.31]
	at org.springframework.test.context.junit.jupiter.SpringExtension.postProcessTestInstance(SpringExtension.java:138) ~[spring-test-5.3.31.jar:5.3.31]
	at org.junit.jupiter.engine.descriptor.ClassBasedTestDescriptor.lambda$invokeTestInstancePostProcessors$10(ClassBasedTestDescriptor.java:377) ~[junit-jupiter-engine-5.9.3.jar:5.9.3]
	at org.junit.jupiter.engine.descriptor.ClassBasedTestDescriptor.executeAndMaskThrowable(ClassBasedTestDescriptor.java:382) ~[junit-jupiter-engine-5.9.3.jar:5.9.3]
	at org.junit.jupiter.engine.descriptor.ClassBasedTestDescriptor.lambda$invokeTestInstancePostProcessors$11(ClassBasedTestDescriptor.java:377) ~[junit-jupiter-engine-5.9.3.jar:5.9.3]
	at java.base/java.util.stream.ReferencePipeline$3$1.accept(ReferencePipeline.java:197) ~[na:na]
	at java.base/java.util.stream.ReferencePipeline$2$1.accept(ReferencePipeline.java:179) ~[na:na]
	at java.base/java.util.ArrayList$ArrayListSpliterator.forEachRemaining(ArrayList.java:1708) ~[na:na]
	at java.base/java.util.stream.AbstractPipeline.copyInto(AbstractPipeline.java:509) ~[na:na]
	at java.base/java.util.stream.AbstractPipeline.wrapAndCopyInto(AbstractPipeline.java:499) ~[na:na]
	at java.base/java.util.stream.StreamSpliterators$WrappingSpliterator.forEachRemaining(StreamSpliterators.java:310) ~[na:na]
	at java.base/java.util.stream.Streams$ConcatSpliterator.forEachRemaining(Streams.java:735) ~[na:na]
	at java.base/java.util.stream.Streams$ConcatSpliterator.forEachRemaining(Streams.java:734) ~[na:na]
	at java.base/java.util.stream.ReferencePipeline$Head.forEach(ReferencePipeline.java:762) ~[na:na]
	at org.junit.jupiter.engine.descriptor.ClassBasedTestDescriptor.invokeTestInstancePostProcessors(ClassBasedTestDescriptor.java:376) ~[junit-jupiter-engine-5.9.3.jar:5.9.3]
	at org.junit.jupiter.engine.descriptor.ClassBasedTestDescriptor.lambda$instantiateAndPostProcessTestInstance$6(ClassBasedTestDescriptor.java:289) ~[junit-jupiter-engine-5.9.3.jar:5.9.3]
	at org.junit.platform.engine.support.hierarchical.ThrowableCollector.execute(ThrowableCollector.java:73) ~[junit-platform-engine-1.8.2.jar:1.8.2]
	at org.junit.jupiter.engine.descriptor.ClassBasedTestDescriptor.instantiateAndPostProcessTestInstance(ClassBasedTestDescriptor.java:288) ~[junit-jupiter-engine-5.9.3.jar:5.9.3]
	at org.junit.jupiter.engine.descriptor.ClassBasedTestDescriptor.lambda$testInstancesProvider$4(ClassBasedTestDescriptor.java:278) ~[junit-jupiter-engine-5.9.3.jar:5.9.3]
	at java.base/java.util.Optional.orElseGet(Optional.java:364) ~[na:na]
	at org.junit.jupiter.engine.descriptor.ClassBasedTestDescriptor.lambda$testInstancesProvider$5(ClassBasedTestDescriptor.java:277) ~[junit-jupiter-engine-5.9.3.jar:5.9.3]
	at org.junit.jupiter.engine.execution.TestInstancesProvider.getTestInstances(TestInstancesProvider.java:31) ~[junit-jupiter-engine-5.9.3.jar:5.9.3]
	at org.junit.jupiter.engine.descriptor.TestMethodTestDescriptor.lambda$prepare$0(TestMethodTestDescriptor.java:105) ~[junit-jupiter-engine-5.9.3.jar:5.9.3]
	at org.junit.platform.engine.support.hierarchical.ThrowableCollector.execute(ThrowableCollector.java:73) ~[junit-platform-engine-1.8.2.jar:1.8.2]
	at org.junit.jupiter.engine.descriptor.TestMethodTestDescriptor.prepare(TestMethodTestDescriptor.java:104) ~[junit-jupiter-engine-5.9.3.jar:5.9.3]
	at org.junit.jupiter.engine.descriptor.TestMethodTestDescriptor.prepare(TestMethodTestDescriptor.java:68) ~[junit-jupiter-engine-5.9.3.jar:5.9.3]
	at org.junit.platform.engine.support.hierarchical.NodeTestTask.lambda$prepare$2(NodeTestTask.java:123) ~[junit-platform-engine-1.8.2.jar:1.8.2]
	at org.junit.platform.engine.support.hierarchical.ThrowableCollector.execute(ThrowableCollector.java:73) ~[junit-platform-engine-1.8.2.jar:1.8.2]
	at org.junit.platform.engine.support.hierarchical.NodeTestTask.prepare(NodeTestTask.java:123) ~[junit-platform-engine-1.8.2.jar:1.8.2]
	at org.junit.platform.engine.support.hierarchical.NodeTestTask.execute(NodeTestTask.java:90) ~[junit-platform-engine-1.8.2.jar:1.8.2]
	at java.base/java.util.ArrayList.forEach(ArrayList.java:1596) ~[na:na]
	at org.junit.platform.engine.support.hierarchical.SameThreadHierarchicalTestExecutorService.invokeAll(SameThreadHierarchicalTestExecutorService.java:41) ~[junit-platform-engine-1.8.2.jar:1.8.2]
	at org.junit.platform.engine.support.hierarchical.NodeTestTask.lambda$executeRecursively$6(NodeTestTask.java:155) ~[junit-platform-engine-1.8.2.jar:1.8.2]
	at org.junit.platform.engine.support.hierarchical.ThrowableCollector.execute(ThrowableCollector.java:73) ~[junit-platform-engine-1.8.2.jar:1.8.2]
	at org.junit.platform.engine.support.hierarchical.NodeTestTask.lambda$executeRecursively$8(NodeTestTask.java:141) ~[junit-platform-engine-1.8.2.jar:1.8.2]
	at org.junit.platform.engine.support.hierarchical.Node.around(Node.java:137) ~[junit-platform-engine-1.8.2.jar:1.8.2]
	at org.junit.platform.engine.support.hierarchical.NodeTestTask.lambda$executeRecursively$9(NodeTestTask.java:139) ~[junit-platform-engine-1.8.2.jar:1.8.2]
	at org.junit.platform.engine.support.hierarchical.ThrowableCollector.execute(ThrowableCollector.java:73) ~[junit-platform-engine-1.8.2.jar:1.8.2]
	at org.junit.platform.engine.support.hierarchical.NodeTestTask.executeRecursively(NodeTestTask.java:138) ~[junit-platform-engine-1.8.2.jar:1.8.2]
	at org.junit.platform.engine.support.hierarchical.NodeTestTask.execute(NodeTestTask.java:95) ~[junit-platform-engine-1.8.2.jar:1.8.2]
	at java.base/java.util.ArrayList.forEach(ArrayList.java:1596) ~[na:na]
	at org.junit.platform.engine.support.hierarchical.SameThreadHierarchicalTestExecutorService.invokeAll(SameThreadHierarchicalTestExecutorService.java:41) ~[junit-platform-engine-1.8.2.jar:1.8.2]
	at org.junit.platform.engine.support.hierarchical.NodeTestTask.lambda$executeRecursively$6(NodeTestTask.java:155) ~[junit-platform-engine-1.8.2.jar:1.8.2]
	at org.junit.platform.engine.support.hierarchical.ThrowableCollector.execute(ThrowableCollector.java:73) ~[junit-platform-engine-1.8.2.jar:1.8.2]
	at org.junit.platform.engine.support.hierarchical.NodeTestTask.lambda$executeRecursively$8(NodeTestTask.java:141) ~[junit-platform-engine-1.8.2.jar:1.8.2]
	at org.junit.platform.engine.support.hierarchical.Node.around(Node.java:137) ~[junit-platform-engine-1.8.2.jar:1.8.2]
	at org.junit.platform.engine.support.hierarchical.NodeTestTask.lambda$executeRecursively$9(NodeTestTask.java:139) ~[junit-platform-engine-1.8.2.jar:1.8.2]
	at org.junit.platform.engine.support.hierarchical.ThrowableCollector.execute(ThrowableCollector.java:73) ~[junit-platform-engine-1.8.2.jar:1.8.2]
	at org.junit.platform.engine.support.hierarchical.NodeTestTask.executeRecursively(NodeTestTask.java:138) ~[junit-platform-engine-1.8.2.jar:1.8.2]
	at org.junit.platform.engine.support.hierarchical.NodeTestTask.execute(NodeTestTask.java:95) ~[junit-platform-engine-1.8.2.jar:1.8.2]
	at org.junit.platform.engine.support.hierarchical.SameThreadHierarchicalTestExecutorService.submit(SameThreadHierarchicalTestExecutorService.java:35) ~[junit-platform-engine-1.8.2.jar:1.8.2]
	at org.junit.platform.engine.support.hierarchical.HierarchicalTestExecutor.execute(HierarchicalTestExecutor.java:57) ~[junit-platform-engine-1.8.2.jar:1.8.2]
	at org.junit.platform.engine.support.hierarchical.HierarchicalTestEngine.execute(HierarchicalTestEngine.java:54) ~[junit-platform-engine-1.8.2.jar:1.8.2]
	at org.junit.platform.launcher.core.DefaultLauncher.execute(DefaultLauncher.java:220) ~[junit-platform-launcher-1.3.1.jar:1.3.1]
	at org.junit.platform.launcher.core.DefaultLauncher.lambda$execute$6(DefaultLauncher.java:188) ~[junit-platform-launcher-1.3.1.jar:1.3.1]
	at org.junit.platform.launcher.core.DefaultLauncher.withInterceptedStreams(DefaultLauncher.java:202) ~[junit-platform-launcher-1.3.1.jar:1.3.1]
	at org.junit.platform.launcher.core.DefaultLauncher.execute(DefaultLauncher.java:181) ~[junit-platform-launcher-1.3.1.jar:1.3.1]
	at org.junit.platform.launcher.core.DefaultLauncher.execute(DefaultLauncher.java:128) ~[junit-platform-launcher-1.3.1.jar:1.3.1]
	at org.apache.maven.surefire.junitplatform.JUnitPlatformProvider.invokeAllTests(JUnitPlatformProvider.java:150) ~[surefire-junit-platform-2.22.2.jar:2.22.2]
	at org.apache.maven.surefire.junitplatform.JUnitPlatformProvider.invoke(JUnitPlatformProvider.java:124) ~[surefire-junit-platform-2.22.2.jar:2.22.2]
	at org.apache.maven.surefire.booter.ForkedBooter.invokeProviderInSameClassLoader(ForkedBooter.java:384) ~[surefire-booter-2.22.2.jar:2.22.2]
	at org.apache.maven.surefire.booter.ForkedBooter.runSuitesInProcess(ForkedBooter.java:345) ~[surefire-booter-2.22.2.jar:2.22.2]
	at org.apache.maven.surefire.booter.ForkedBooter.execute(ForkedBooter.java:126) ~[surefire-booter-2.22.2.jar:2.22.2]
	at org.apache.maven.surefire.booter.ForkedBooter.main(ForkedBooter.java:418) ~[surefire-booter-2.22.2.jar:2.22.2]
Caused by: java.net.ConnectException: Connection refused
	at java.base/sun.nio.ch.Net.pollConnect(Native Method) ~[na:na]
	at java.base/sun.nio.ch.Net.pollConnectNow(Net.java:682) ~[na:na]
	at java.base/sun.nio.ch.NioSocketImpl.timedFinishConnect(NioSocketImpl.java:542) ~[na:na]
	at java.base/sun.nio.ch.NioSocketImpl.connect(NioSocketImpl.java:592) ~[na:na]
	at java.base/java.net.SocksSocketImpl.connect(SocksSocketImpl.java:327) ~[na:na]
	at java.base/java.net.Socket.connect(Socket.java:751) ~[na:na]
	at org.postgresql.core.PGStream.createSocket(PGStream.java:243) ~[postgresql-42.7.1.jar:42.7.1]
	at org.postgresql.core.PGStream.<init>(PGStream.java:98) ~[postgresql-42.7.1.jar:42.7.1]
	at org.postgresql.core.v3.ConnectionFactoryImpl.tryConnect(ConnectionFactoryImpl.java:132) ~[postgresql-42.7.1.jar:42.7.1]
	at org.postgresql.core.v3.ConnectionFactoryImpl.openConnectionImpl(ConnectionFactoryImpl.java:258) ~[postgresql-42.7.1.jar:42.7.1]
	... 116 common frames omitted

2026-02-05 14:26:55.300  INFO 2945 --- [           main] org.hibernate.dialect.Dialect            : HHH000400: Using dialect: org.hibernate.dialect.PostgreSQLDialect
2026-02-05 14:26:55.361  INFO 2945 --- [           main] com.zaxxer.hikari.HikariDataSource       : HikariPool-3 - Starting...
2026-02-05 14:26:56.363 ERROR 2945 --- [           main] com.zaxxer.hikari.pool.HikariPool        : HikariPool-3 - Exception during pool initialization.

org.postgresql.util.PSQLException: Connection to localhost:5432 refused. Check that the hostname and port are correct and that the postmaster is accepting TCP/IP connections.
	at org.postgresql.core.v3.ConnectionFactoryImpl.openConnectionImpl(ConnectionFactoryImpl.java:342) ~[postgresql-42.7.1.jar:42.7.1]
	at org.postgresql.core.ConnectionFactory.openConnection(ConnectionFactory.java:54) ~[postgresql-42.7.1.jar:42.7.1]
	at org.postgresql.jdbc.PgConnection.<init>(PgConnection.java:263) ~[postgresql-42.7.1.jar:42.7.1]
	at org.postgresql.Driver.makeConnection(Driver.java:444) ~[postgresql-42.7.1.jar:42.7.1]
	at org.postgresql.Driver.connect(Driver.java:297) ~[postgresql-42.7.1.jar:42.7.1]
	at com.zaxxer.hikari.util.DriverDataSource.getConnection(DriverDataSource.java:138) ~[HikariCP-4.0.3.jar:na]
	at com.zaxxer.hikari.pool.PoolBase.newConnection(PoolBase.java:364) ~[HikariCP-4.0.3.jar:na]
	at com.zaxxer.hikari.pool.PoolBase.newPoolEntry(PoolBase.java:206) ~[HikariCP-4.0.3.jar:na]
	at com.zaxxer.hikari.pool.HikariPool.createPoolEntry(HikariPool.java:476) ~[HikariCP-4.0.3.jar:na]
	at com.zaxxer.hikari.pool.HikariPool.checkFailFast(HikariPool.java:561) ~[HikariCP-4.0.3.jar:na]
	at com.zaxxer.hikari.pool.HikariPool.<init>(HikariPool.java:115) ~[HikariCP-4.0.3.jar:na]
	at com.zaxxer.hikari.HikariDataSource.getConnection(HikariDataSource.java:112) ~[HikariCP-4.0.3.jar:na]
	at org.hibernate.engine.jdbc.connections.internal.DatasourceConnectionProviderImpl.getConnection(DatasourceConnectionProviderImpl.java:122) ~[hibernate-core-5.6.15.Final.jar:5.6.15.Final]
	at org.hibernate.engine.jdbc.env.internal.JdbcEnvironmentInitiator$ConnectionProviderJdbcConnectionAccess.obtainConnection(JdbcEnvironmentInitiator.java:181) ~[hibernate-core-5.6.15.Final.jar:5.6.15.Final]
	at org.hibernate.resource.transaction.backend.jdbc.internal.DdlTransactionIsolatorNonJtaImpl.getIsolatedConnection(DdlTransactionIsolatorNonJtaImpl.java:44) ~[hibernate-core-5.6.15.Final.jar:5.6.15.Final]
	at org.hibernate.tool.schema.internal.exec.GenerationTargetToDatabase.jdbcStatement(GenerationTargetToDatabase.java:77) ~[hibernate-core-5.6.15.Final.jar:5.6.15.Final]
	at org.hibernate.tool.schema.internal.exec.GenerationTargetToDatabase.accept(GenerationTargetToDatabase.java:53) ~[hibernate-core-5.6.15.Final.jar:5.6.15.Final]
	at org.hibernate.tool.schema.internal.SchemaDropperImpl.applySqlString(SchemaDropperImpl.java:387) ~[hibernate-core-5.6.15.Final.jar:5.6.15.Final]
	at org.hibernate.tool.schema.internal.SchemaDropperImpl.applySqlStrings(SchemaDropperImpl.java:371) ~[hibernate-core-5.6.15.Final.jar:5.6.15.Final]
	at org.hibernate.tool.schema.internal.SchemaDropperImpl.applyConstraintDropping(SchemaDropperImpl.java:341) ~[hibernate-core-5.6.15.Final.jar:5.6.15.Final]
	at org.hibernate.tool.schema.internal.SchemaDropperImpl.dropFromMetadata(SchemaDropperImpl.java:235) ~[hibernate-core-5.6.15.Final.jar:5.6.15.Final]
	at org.hibernate.tool.schema.internal.SchemaDropperImpl.performDrop(SchemaDropperImpl.java:156) ~[hibernate-core-5.6.15.Final.jar:5.6.15.Final]
	at org.hibernate.tool.schema.internal.SchemaDropperImpl.doDrop(SchemaDropperImpl.java:128) ~[hibernate-core-5.6.15.Final.jar:5.6.15.Final]
	at org.hibernate.tool.schema.internal.SchemaDropperImpl.doDrop(SchemaDropperImpl.java:114) ~[hibernate-core-5.6.15.Final.jar:5.6.15.Final]
	at org.hibernate.tool.schema.spi.SchemaManagementToolCoordinator.performDatabaseAction(SchemaManagementToolCoordinator.java:157) ~[hibernate-core-5.6.15.Final.jar:5.6.15.Final]
	at org.hibernate.tool.schema.spi.SchemaManagementToolCoordinator.process(SchemaManagementToolCoordinator.java:85) ~[hibernate-core-5.6.15.Final.jar:5.6.15.Final]
	at org.hibernate.internal.SessionFactoryImpl.<init>(SessionFactoryImpl.java:335) ~[hibernate-core-5.6.15.Final.jar:5.6.15.Final]
	at org.hibernate.boot.internal.SessionFactoryBuilderImpl.build(SessionFactoryBuilderImpl.java:471) ~[hibernate-core-5.6.15.Final.jar:5.6.15.Final]
	at org.hibernate.jpa.boot.internal.EntityManagerFactoryBuilderImpl.build(EntityManagerFactoryBuilderImpl.java:1498) ~[hibernate-core-5.6.15.Final.jar:5.6.15.Final]
	at org.springframework.orm.jpa.vendor.SpringHibernateJpaPersistenceProvider.createContainerEntityManagerFactory(SpringHibernateJpaPersistenceProvider.java:58) ~[spring-orm-5.3.31.jar:5.3.31]
	at org.springframework.orm.jpa.LocalContainerEntityManagerFactoryBean.createNativeEntityManagerFactory(LocalContainerEntityManagerFactoryBean.java:365) ~[spring-orm-5.3.31.jar:5.3.31]
	at org.springframework.orm.jpa.AbstractEntityManagerFactoryBean.buildNativeEntityManagerFactory(AbstractEntityManagerFactoryBean.java:409) ~[spring-orm-5.3.31.jar:5.3.31]
	at org.springframework.orm.jpa.AbstractEntityManagerFactoryBean.afterPropertiesSet(AbstractEntityManagerFactoryBean.java:396) ~[spring-orm-5.3.31.jar:5.3.31]
	at org.springframework.orm.jpa.LocalContainerEntityManagerFactoryBean.afterPropertiesSet(LocalContainerEntityManagerFactoryBean.java:341) ~[spring-orm-5.3.31.jar:5.3.31]
	at org.springframework.beans.factory.support.AbstractAutowireCapableBeanFactory.invokeInitMethods(AbstractAutowireCapableBeanFactory.java:1863) ~[spring-beans-5.3.31.jar:5.3.31]
	at org.springframework.beans.factory.support.AbstractAutowireCapableBeanFactory.initializeBean(AbstractAutowireCapableBeanFactory.java:1800) ~[spring-beans-5.3.31.jar:5.3.31]
	at org.springframework.beans.factory.support.AbstractAutowireCapableBeanFactory.doCreateBean(AbstractAutowireCapableBeanFactory.java:620) ~[spring-beans-5.3.31.jar:5.3.31]
	at org.springframework.beans.factory.support.AbstractAutowireCapableBeanFactory.createBean(AbstractAutowireCapableBeanFactory.java:542) ~[spring-beans-5.3.31.jar:5.3.31]
	at org.springframework.beans.factory.support.AbstractBeanFactory.lambda$doGetBean$0(AbstractBeanFactory.java:335) ~[spring-beans-5.3.31.jar:5.3.31]
	at org.springframework.beans.factory.support.DefaultSingletonBeanRegistry.getSingleton(DefaultSingletonBeanRegistry.java:234) ~[spring-beans-5.3.31.jar:5.3.31]
	at org.springframework.beans.factory.support.AbstractBeanFactory.doGetBean(AbstractBeanFactory.java:333) ~[spring-beans-5.3.31.jar:5.3.31]
	at org.springframework.beans.factory.support.AbstractBeanFactory.getBean(AbstractBeanFactory.java:208) ~[spring-beans-5.3.31.jar:5.3.31]
	at org.springframework.context.support.AbstractApplicationContext.getBean(AbstractApplicationContext.java:1168) ~[spring-context-5.3.31.jar:5.3.31]
	at org.springframework.context.support.AbstractApplicationContext.finishBeanFactoryInitialization(AbstractApplicationContext.java:919) ~[spring-context-5.3.31.jar:5.3.31]
	at org.springframework.context.support.AbstractApplicationContext.refresh(AbstractApplicationContext.java:591) ~[spring-context-5.3.31.jar:5.3.31]
	at org.springframework.boot.SpringApplication.refresh(SpringApplication.java:732) ~[spring-boot-2.7.18.jar:2.7.18]
	at org.springframework.boot.SpringApplication.refreshContext(SpringApplication.java:409) ~[spring-boot-2.7.18.jar:2.7.18]
	at org.springframework.boot.SpringApplication.run(SpringApplication.java:308) ~[spring-boot-2.7.18.jar:2.7.18]
	at org.springframework.boot.test.context.SpringBootContextLoader.loadContext(SpringBootContextLoader.java:136) ~[spring-boot-test-2.7.18.jar:2.7.18]
	at org.springframework.test.context.cache.DefaultCacheAwareContextLoaderDelegate.loadContextInternal(DefaultCacheAwareContextLoaderDelegate.java:141) ~[spring-test-5.3.31.jar:5.3.31]
	at org.springframework.test.context.cache.DefaultCacheAwareContextLoaderDelegate.loadContext(DefaultCacheAwareContextLoaderDelegate.java:90) ~[spring-test-5.3.31.jar:5.3.31]
	at org.springframework.test.context.support.DefaultTestContext.getApplicationContext(DefaultTestContext.java:124) ~[spring-test-5.3.31.jar:5.3.31]
	at org.springframework.test.context.web.ServletTestExecutionListener.setUpRequestContextIfNecessary(ServletTestExecutionListener.java:190) ~[spring-test-5.3.31.jar:5.3.31]
	at org.springframework.test.context.web.ServletTestExecutionListener.prepareTestInstance(ServletTestExecutionListener.java:132) ~[spring-test-5.3.31.jar:5.3.31]
	at org.springframework.test.context.TestContextManager.prepareTestInstance(TestContextManager.java:248) ~[spring-test-5.3.31.jar:5.3.31]
	at org.springframework.test.context.junit.jupiter.SpringExtension.postProcessTestInstance(SpringExtension.java:138) ~[spring-test-5.3.31.jar:5.3.31]
	at org.junit.jupiter.engine.descriptor.ClassBasedTestDescriptor.lambda$invokeTestInstancePostProcessors$10(ClassBasedTestDescriptor.java:377) ~[junit-jupiter-engine-5.9.3.jar:5.9.3]
	at org.junit.jupiter.engine.descriptor.ClassBasedTestDescriptor.executeAndMaskThrowable(ClassBasedTestDescriptor.java:382) ~[junit-jupiter-engine-5.9.3.jar:5.9.3]
	at org.junit.jupiter.engine.descriptor.ClassBasedTestDescriptor.lambda$invokeTestInstancePostProcessors$11(ClassBasedTestDescriptor.java:377) ~[junit-jupiter-engine-5.9.3.jar:5.9.3]
	at java.base/java.util.stream.ReferencePipeline$3$1.accept(ReferencePipeline.java:197) ~[na:na]
	at java.base/java.util.stream.ReferencePipeline$2$1.accept(ReferencePipeline.java:179) ~[na:na]
	at java.base/java.util.ArrayList$ArrayListSpliterator.forEachRemaining(ArrayList.java:1708) ~[na:na]
	at java.base/java.util.stream.AbstractPipeline.copyInto(AbstractPipeline.java:509) ~[na:na]
	at java.base/java.util.stream.AbstractPipeline.wrapAndCopyInto(AbstractPipeline.java:499) ~[na:na]
	at java.base/java.util.stream.StreamSpliterators$WrappingSpliterator.forEachRemaining(StreamSpliterators.java:310) ~[na:na]
	at java.base/java.util.stream.Streams$ConcatSpliterator.forEachRemaining(Streams.java:735) ~[na:na]
	at java.base/java.util.stream.Streams$ConcatSpliterator.forEachRemaining(Streams.java:734) ~[na:na]
	at java.base/java.util.stream.ReferencePipeline$Head.forEach(ReferencePipeline.java:762) ~[na:na]
	at org.junit.jupiter.engine.descriptor.ClassBasedTestDescriptor.invokeTestInstancePostProcessors(ClassBasedTestDescriptor.java:376) ~[junit-jupiter-engine-5.9.3.jar:5.9.3]
	at org.junit.jupiter.engine.descriptor.ClassBasedTestDescriptor.lambda$instantiateAndPostProcessTestInstance$6(ClassBasedTestDescriptor.java:289) ~[junit-jupiter-engine-5.9.3.jar:5.9.3]
	at org.junit.platform.engine.support.hierarchical.ThrowableCollector.execute(ThrowableCollector.java:73) ~[junit-platform-engine-1.8.2.jar:1.8.2]
	at org.junit.jupiter.engine.descriptor.ClassBasedTestDescriptor.instantiateAndPostProcessTestInstance(ClassBasedTestDescriptor.java:288) ~[junit-jupiter-engine-5.9.3.jar:5.9.3]
	at org.junit.jupiter.engine.descriptor.ClassBasedTestDescriptor.lambda$testInstancesProvider$4(ClassBasedTestDescriptor.java:278) ~[junit-jupiter-engine-5.9.3.jar:5.9.3]
	at java.base/java.util.Optional.orElseGet(Optional.java:364) ~[na:na]
	at org.junit.jupiter.engine.descriptor.ClassBasedTestDescriptor.lambda$testInstancesProvider$5(ClassBasedTestDescriptor.java:277) ~[junit-jupiter-engine-5.9.3.jar:5.9.3]
	at org.junit.jupiter.engine.execution.TestInstancesProvider.getTestInstances(TestInstancesProvider.java:31) ~[junit-jupiter-engine-5.9.3.jar:5.9.3]
	at org.junit.jupiter.engine.descriptor.TestMethodTestDescriptor.lambda$prepare$0(TestMethodTestDescriptor.java:105) ~[junit-jupiter-engine-5.9.3.jar:5.9.3]
	at org.junit.platform.engine.support.hierarchical.ThrowableCollector.execute(ThrowableCollector.java:73) ~[junit-platform-engine-1.8.2.jar:1.8.2]
	at org.junit.jupiter.engine.descriptor.TestMethodTestDescriptor.prepare(TestMethodTestDescriptor.java:104) ~[junit-jupiter-engine-5.9.3.jar:5.9.3]
	at org.junit.jupiter.engine.descriptor.TestMethodTestDescriptor.prepare(TestMethodTestDescriptor.java:68) ~[junit-jupiter-engine-5.9.3.jar:5.9.3]
	at org.junit.platform.engine.support.hierarchical.NodeTestTask.lambda$prepare$2(NodeTestTask.java:123) ~[junit-platform-engine-1.8.2.jar:1.8.2]
	at org.junit.platform.engine.support.hierarchical.ThrowableCollector.execute(ThrowableCollector.java:73) ~[junit-platform-engine-1.8.2.jar:1.8.2]
	at org.junit.platform.engine.support.hierarchical.NodeTestTask.prepare(NodeTestTask.java:123) ~[junit-platform-engine-1.8.2.jar:1.8.2]
	at org.junit.platform.engine.support.hierarchical.NodeTestTask.execute(NodeTestTask.java:90) ~[junit-platform-engine-1.8.2.jar:1.8.2]
	at java.base/java.util.ArrayList.forEach(ArrayList.java:1596) ~[na:na]
	at org.junit.platform.engine.support.hierarchical.SameThreadHierarchicalTestExecutorService.invokeAll(SameThreadHierarchicalTestExecutorService.java:41) ~[junit-platform-engine-1.8.2.jar:1.8.2]
	at org.junit.platform.engine.support.hierarchical.NodeTestTask.lambda$executeRecursively$6(NodeTestTask.java:155) ~[junit-platform-engine-1.8.2.jar:1.8.2]
	at org.junit.platform.engine.support.hierarchical.ThrowableCollector.execute(ThrowableCollector.java:73) ~[junit-platform-engine-1.8.2.jar:1.8.2]
	at org.junit.platform.engine.support.hierarchical.NodeTestTask.lambda$executeRecursively$8(NodeTestTask.java:141) ~[junit-platform-engine-1.8.2.jar:1.8.2]
	at org.junit.platform.engine.support.hierarchical.Node.around(Node.java:137) ~[junit-platform-engine-1.8.2.jar:1.8.2]
	at org.junit.platform.engine.support.hierarchical.NodeTestTask.lambda$executeRecursively$9(NodeTestTask.java:139) ~[junit-platform-engine-1.8.2.jar:1.8.2]
	at org.junit.platform.engine.support.hierarchical.ThrowableCollector.execute(ThrowableCollector.java:73) ~[junit-platform-engine-1.8.2.jar:1.8.2]
	at org.junit.platform.engine.support.hierarchical.NodeTestTask.executeRecursively(NodeTestTask.java:138) ~[junit-platform-engine-1.8.2.jar:1.8.2]
	at org.junit.platform.engine.support.hierarchical.NodeTestTask.execute(NodeTestTask.java:95) ~[junit-platform-engine-1.8.2.jar:1.8.2]
	at java.base/java.util.ArrayList.forEach(ArrayList.java:1596) ~[na:na]
	at org.junit.platform.engine.support.hierarchical.SameThreadHierarchicalTestExecutorService.invokeAll(SameThreadHierarchicalTestExecutorService.java:41) ~[junit-platform-engine-1.8.2.jar:1.8.2]
	at org.junit.platform.engine.support.hierarchical.NodeTestTask.lambda$executeRecursively$6(NodeTestTask.java:155) ~[junit-platform-engine-1.8.2.jar:1.8.2]
	at org.junit.platform.engine.support.hierarchical.ThrowableCollector.execute(ThrowableCollector.java:73) ~[junit-platform-engine-1.8.2.jar:1.8.2]
	at org.junit.platform.engine.support.hierarchical.NodeTestTask.lambda$executeRecursively$8(NodeTestTask.java:141) ~[junit-platform-engine-1.8.2.jar:1.8.2]
	at org.junit.platform.engine.support.hierarchical.Node.around(Node.java:137) ~[junit-platform-engine-1.8.2.jar:1.8.2]
	at org.junit.platform.engine.support.hierarchical.NodeTestTask.lambda$executeRecursively$9(NodeTestTask.java:139) ~[junit-platform-engine-1.8.2.jar:1.8.2]
	at org.junit.platform.engine.support.hierarchical.ThrowableCollector.execute(ThrowableCollector.java:73) ~[junit-platform-engine-1.8.2.jar:1.8.2]
	at org.junit.platform.engine.support.hierarchical.NodeTestTask.executeRecursively(NodeTestTask.java:138) ~[junit-platform-engine-1.8.2.jar:1.8.2]
	at org.junit.platform.engine.support.hierarchical.NodeTestTask.execute(NodeTestTask.java:95) ~[junit-platform-engine-1.8.2.jar:1.8.2]
	at org.junit.platform.engine.support.hierarchical.SameThreadHierarchicalTestExecutorService.submit(SameThreadHierarchicalTestExecutorService.java:35) ~[junit-platform-engine-1.8.2.jar:1.8.2]
	at org.junit.platform.engine.support.hierarchical.HierarchicalTestExecutor.execute(HierarchicalTestExecutor.java:57) ~[junit-platform-engine-1.8.2.jar:1.8.2]
	at org.junit.platform.engine.support.hierarchical.HierarchicalTestEngine.execute(HierarchicalTestEngine.java:54) ~[junit-platform-engine-1.8.2.jar:1.8.2]
	at org.junit.platform.launcher.core.DefaultLauncher.execute(DefaultLauncher.java:220) ~[junit-platform-launcher-1.3.1.jar:1.3.1]
	at org.junit.platform.launcher.core.DefaultLauncher.lambda$execute$6(DefaultLauncher.java:188) ~[junit-platform-launcher-1.3.1.jar:1.3.1]
	at org.junit.platform.launcher.core.DefaultLauncher.withInterceptedStreams(DefaultLauncher.java:202) ~[junit-platform-launcher-1.3.1.jar:1.3.1]
	at org.junit.platform.launcher.core.DefaultLauncher.execute(DefaultLauncher.java:181) ~[junit-platform-launcher-1.3.1.jar:1.3.1]
	at org.junit.platform.launcher.core.DefaultLauncher.execute(DefaultLauncher.java:128) ~[junit-platform-launcher-1.3.1.jar:1.3.1]
	at org.apache.maven.surefire.junitplatform.JUnitPlatformProvider.invokeAllTests(JUnitPlatformProvider.java:150) ~[surefire-junit-platform-2.22.2.jar:2.22.2]
	at org.apache.maven.surefire.junitplatform.JUnitPlatformProvider.invoke(JUnitPlatformProvider.java:124) ~[surefire-junit-platform-2.22.2.jar:2.22.2]
	at org.apache.maven.surefire.booter.ForkedBooter.invokeProviderInSameClassLoader(ForkedBooter.java:384) ~[surefire-booter-2.22.2.jar:2.22.2]
	at org.apache.maven.surefire.booter.ForkedBooter.runSuitesInProcess(ForkedBooter.java:345) ~[surefire-booter-2.22.2.jar:2.22.2]
	at org.apache.maven.surefire.booter.ForkedBooter.execute(ForkedBooter.java:126) ~[surefire-booter-2.22.2.jar:2.22.2]
	at org.apache.maven.surefire.booter.ForkedBooter.main(ForkedBooter.java:418) ~[surefire-booter-2.22.2.jar:2.22.2]
Caused by: java.net.ConnectException: Connection refused
	at java.base/sun.nio.ch.Net.pollConnect(Native Method) ~[na:na]
	at java.base/sun.nio.ch.Net.pollConnectNow(Net.java:682) ~[na:na]
	at java.base/sun.nio.ch.NioSocketImpl.timedFinishConnect(NioSocketImpl.java:542) ~[na:na]
	at java.base/sun.nio.ch.NioSocketImpl.connect(NioSocketImpl.java:592) ~[na:na]
	at java.base/java.net.SocksSocketImpl.connect(SocksSocketImpl.java:327) ~[na:na]
	at java.base/java.net.Socket.connect(Socket.java:751) ~[na:na]
	at org.postgresql.core.PGStream.createSocket(PGStream.java:243) ~[postgresql-42.7.1.jar:42.7.1]
	at org.postgresql.core.PGStream.<init>(PGStream.java:98) ~[postgresql-42.7.1.jar:42.7.1]
	at org.postgresql.core.v3.ConnectionFactoryImpl.tryConnect(ConnectionFactoryImpl.java:132) ~[postgresql-42.7.1.jar:42.7.1]
	at org.postgresql.core.v3.ConnectionFactoryImpl.openConnectionImpl(ConnectionFactoryImpl.java:258) ~[postgresql-42.7.1.jar:42.7.1]
	... 117 common frames omitted

2026-02-05 14:26:56.363  WARN 2945 --- [           main] o.h.engine.jdbc.spi.SqlExceptionHelper   : SQL Error: 0, SQLState: 08001
2026-02-05 14:26:56.363 ERROR 2945 --- [           main] o.h.engine.jdbc.spi.SqlExceptionHelper   : Connection to localhost:5432 refused. Check that the hostname and port are correct and that the postmaster is accepting TCP/IP connections.
2026-02-05 14:26:56.363 ERROR 2945 --- [           main] j.LocalContainerEntityManagerFactoryBean : Failed to initialize JPA EntityManagerFactory: [PersistenceUnit: default] Unable to build Hibernate SessionFactory; nested exception is org.hibernate.exception.JDBCConnectionException: Unable to open JDBC Connection for DDL execution
2026-02-05 14:26:56.364  WARN 2945 --- [           main] o.s.w.c.s.GenericWebApplicationContext   : Exception encountered during context initialization - cancelling refresh attempt: org.springframework.beans.factory.BeanCreationException: Error creating bean with name 'entityManagerFactory' defined in class path resource [org/springframework/boot/autoconfigure/orm/jpa/HibernateJpaConfiguration.class]: Invocation of init method failed; nested exception is javax.persistence.PersistenceException: [PersistenceUnit: default] Unable to build Hibernate SessionFactory; nested exception is org.hibernate.exception.JDBCConnectionException: Unable to open JDBC Connection for DDL execution
2026-02-05 14:26:56.369  INFO 2945 --- [           main] ConditionEvaluationReportLoggingListener : 

Error starting ApplicationContext. To display the conditions report re-run your application with 'debug' enabled.
2026-02-05 14:26:56.371 ERROR 2945 --- [           main] o.s.boot.SpringApplication               : Application run failed

org.springframework.beans.factory.BeanCreationException: Error creating bean with name 'entityManagerFactory' defined in class path resource [org/springframework/boot/autoconfigure/orm/jpa/HibernateJpaConfiguration.class]: Invocation of init method failed; nested exception is javax.persistence.PersistenceException: [PersistenceUnit: default] Unable to build Hibernate SessionFactory; nested exception is org.hibernate.exception.JDBCConnectionException: Unable to open JDBC Connection for DDL execution
	at org.springframework.beans.factory.support.AbstractAutowireCapableBeanFactory.initializeBean(AbstractAutowireCapableBeanFactory.java:1804) ~[spring-beans-5.3.31.jar:5.3.31]
	at org.springframework.beans.factory.support.AbstractAutowireCapableBeanFactory.doCreateBean(AbstractAutowireCapableBeanFactory.java:620) ~[spring-beans-5.3.31.jar:5.3.31]
	at org.springframework.beans.factory.support.AbstractAutowireCapableBeanFactory.createBean(AbstractAutowireCapableBeanFactory.java:542) ~[spring-beans-5.3.31.jar:5.3.31]
	at org.springframework.beans.factory.support.AbstractBeanFactory.lambda$doGetBean$0(AbstractBeanFactory.java:335) ~[spring-beans-5.3.31.jar:5.3.31]
	at org.springframework.beans.factory.support.DefaultSingletonBeanRegistry.getSingleton(DefaultSingletonBeanRegistry.java:234) ~[spring-beans-5.3.31.jar:5.3.31]
	at org.springframework.beans.factory.support.AbstractBeanFactory.doGetBean(AbstractBeanFactory.java:333) ~[spring-beans-5.3.31.jar:5.3.31]
	at org.springframework.beans.factory.support.AbstractBeanFactory.getBean(AbstractBeanFactory.java:208) ~[spring-beans-5.3.31.jar:5.3.31]
	at org.springframework.context.support.AbstractApplicationContext.getBean(AbstractApplicationContext.java:1168) ~[spring-context-5.3.31.jar:5.3.31]
	at org.springframework.context.support.AbstractApplicationContext.finishBeanFactoryInitialization(AbstractApplicationContext.java:919) ~[spring-context-5.3.31.jar:5.3.31]
	at org.springframework.context.support.AbstractApplicationContext.refresh(AbstractApplicationContext.java:591) ~[spring-context-5.3.31.jar:5.3.31]
	at org.springframework.boot.SpringApplication.refresh(SpringApplication.java:732) ~[spring-boot-2.7.18.jar:2.7.18]
	at org.springframework.boot.SpringApplication.refreshContext(SpringApplication.java:409) ~[spring-boot-2.7.18.jar:2.7.18]
	at org.springframework.boot.SpringApplication.run(SpringApplication.java:308) ~[spring-boot-2.7.18.jar:2.7.18]
	at org.springframework.boot.test.context.SpringBootContextLoader.loadContext(SpringBootContextLoader.java:136) ~[spring-boot-test-2.7.18.jar:2.7.18]
	at org.springframework.test.context.cache.DefaultCacheAwareContextLoaderDelegate.loadContextInternal(DefaultCacheAwareContextLoaderDelegate.java:141) ~[spring-test-5.3.31.jar:5.3.31]
	at org.springframework.test.context.cache.DefaultCacheAwareContextLoaderDelegate.loadContext(DefaultCacheAwareContextLoaderDelegate.java:90) ~[spring-test-5.3.31.jar:5.3.31]
	at org.springframework.test.context.support.DefaultTestContext.getApplicationContext(DefaultTestContext.java:124) ~[spring-test-5.3.31.jar:5.3.31]
	at org.springframework.test.context.web.ServletTestExecutionListener.setUpRequestContextIfNecessary(ServletTestExecutionListener.java:190) ~[spring-test-5.3.31.jar:5.3.31]
	at org.springframework.test.context.web.ServletTestExecutionListener.prepareTestInstance(ServletTestExecutionListener.java:132) ~[spring-test-5.3.31.jar:5.3.31]
	at org.springframework.test.context.TestContextManager.prepareTestInstance(TestContextManager.java:248) ~[spring-test-5.3.31.jar:5.3.31]
	at org.springframework.test.context.junit.jupiter.SpringExtension.postProcessTestInstance(SpringExtension.java:138) ~[spring-test-5.3.31.jar:5.3.31]
	at org.junit.jupiter.engine.descriptor.ClassBasedTestDescriptor.lambda$invokeTestInstancePostProcessors$10(ClassBasedTestDescriptor.java:377) ~[junit-jupiter-engine-5.9.3.jar:5.9.3]
	at org.junit.jupiter.engine.descriptor.ClassBasedTestDescriptor.executeAndMaskThrowable(ClassBasedTestDescriptor.java:382) ~[junit-jupiter-engine-5.9.3.jar:5.9.3]
	at org.junit.jupiter.engine.descriptor.ClassBasedTestDescriptor.lambda$invokeTestInstancePostProcessors$11(ClassBasedTestDescriptor.java:377) ~[junit-jupiter-engine-5.9.3.jar:5.9.3]
	at java.base/java.util.stream.ReferencePipeline$3$1.accept(ReferencePipeline.java:197) ~[na:na]
	at java.base/java.util.stream.ReferencePipeline$2$1.accept(ReferencePipeline.java:179) ~[na:na]
	at java.base/java.util.ArrayList$ArrayListSpliterator.forEachRemaining(ArrayList.java:1708) ~[na:na]
	at java.base/java.util.stream.AbstractPipeline.copyInto(AbstractPipeline.java:509) ~[na:na]
	at java.base/java.util.stream.AbstractPipeline.wrapAndCopyInto(AbstractPipeline.java:499) ~[na:na]
	at java.base/java.util.stream.StreamSpliterators$WrappingSpliterator.forEachRemaining(StreamSpliterators.java:310) ~[na:na]
	at java.base/java.util.stream.Streams$ConcatSpliterator.forEachRemaining(Streams.java:735) ~[na:na]
	at java.base/java.util.stream.Streams$ConcatSpliterator.forEachRemaining(Streams.java:734) ~[na:na]
	at java.base/java.util.stream.ReferencePipeline$Head.forEach(ReferencePipeline.java:762) ~[na:na]
	at org.junit.jupiter.engine.descriptor.ClassBasedTestDescriptor.invokeTestInstancePostProcessors(ClassBasedTestDescriptor.java:376) ~[junit-jupiter-engine-5.9.3.jar:5.9.3]
	at org.junit.jupiter.engine.descriptor.ClassBasedTestDescriptor.lambda$instantiateAndPostProcessTestInstance$6(ClassBasedTestDescriptor.java:289) ~[junit-jupiter-engine-5.9.3.jar:5.9.3]
	at org.junit.platform.engine.support.hierarchical.ThrowableCollector.execute(ThrowableCollector.java:73) ~[junit-platform-engine-1.8.2.jar:1.8.2]
	at org.junit.jupiter.engine.descriptor.ClassBasedTestDescriptor.instantiateAndPostProcessTestInstance(ClassBasedTestDescriptor.java:288) ~[junit-jupiter-engine-5.9.3.jar:5.9.3]
	at org.junit.jupiter.engine.descriptor.ClassBasedTestDescriptor.lambda$testInstancesProvider$4(ClassBasedTestDescriptor.java:278) ~[junit-jupiter-engine-5.9.3.jar:5.9.3]
	at java.base/java.util.Optional.orElseGet(Optional.java:364) ~[na:na]
	at org.junit.jupiter.engine.descriptor.ClassBasedTestDescriptor.lambda$testInstancesProvider$5(ClassBasedTestDescriptor.java:277) ~[junit-jupiter-engine-5.9.3.jar:5.9.3]
	at org.junit.jupiter.engine.execution.TestInstancesProvider.getTestInstances(TestInstancesProvider.java:31) ~[junit-jupiter-engine-5.9.3.jar:5.9.3]
	at org.junit.jupiter.engine.descriptor.TestMethodTestDescriptor.lambda$prepare$0(TestMethodTestDescriptor.java:105) ~[junit-jupiter-engine-5.9.3.jar:5.9.3]
	at org.junit.platform.engine.support.hierarchical.ThrowableCollector.execute(ThrowableCollector.java:73) ~[junit-platform-engine-1.8.2.jar:1.8.2]
	at org.junit.jupiter.engine.descriptor.TestMethodTestDescriptor.prepare(TestMethodTestDescriptor.java:104) ~[junit-jupiter-engine-5.9.3.jar:5.9.3]
	at org.junit.jupiter.engine.descriptor.TestMethodTestDescriptor.prepare(TestMethodTestDescriptor.java:68) ~[junit-jupiter-engine-5.9.3.jar:5.9.3]
	at org.junit.platform.engine.support.hierarchical.NodeTestTask.lambda$prepare$2(NodeTestTask.java:123) ~[junit-platform-engine-1.8.2.jar:1.8.2]
	at org.junit.platform.engine.support.hierarchical.ThrowableCollector.execute(ThrowableCollector.java:73) ~[junit-platform-engine-1.8.2.jar:1.8.2]
	at org.junit.platform.engine.support.hierarchical.NodeTestTask.prepare(NodeTestTask.java:123) ~[junit-platform-engine-1.8.2.jar:1.8.2]
	at org.junit.platform.engine.support.hierarchical.NodeTestTask.execute(NodeTestTask.java:90) ~[junit-platform-engine-1.8.2.jar:1.8.2]
	at java.base/java.util.ArrayList.forEach(ArrayList.java:1596) ~[na:na]
	at org.junit.platform.engine.support.hierarchical.SameThreadHierarchicalTestExecutorService.invokeAll(SameThreadHierarchicalTestExecutorService.java:41) ~[junit-platform-engine-1.8.2.jar:1.8.2]
	at org.junit.platform.engine.support.hierarchical.NodeTestTask.lambda$executeRecursively$6(NodeTestTask.java:155) ~[junit-platform-engine-1.8.2.jar:1.8.2]
	at org.junit.platform.engine.support.hierarchical.ThrowableCollector.execute(ThrowableCollector.java:73) ~[junit-platform-engine-1.8.2.jar:1.8.2]
	at org.junit.platform.engine.support.hierarchical.NodeTestTask.lambda$executeRecursively$8(NodeTestTask.java:141) ~[junit-platform-engine-1.8.2.jar:1.8.2]
	at org.junit.platform.engine.support.hierarchical.Node.around(Node.java:137) ~[junit-platform-engine-1.8.2.jar:1.8.2]
	at org.junit.platform.engine.support.hierarchical.NodeTestTask.lambda$executeRecursively$9(NodeTestTask.java:139) ~[junit-platform-engine-1.8.2.jar:1.8.2]
	at org.junit.platform.engine.support.hierarchical.ThrowableCollector.execute(ThrowableCollector.java:73) ~[junit-platform-engine-1.8.2.jar:1.8.2]
	at org.junit.platform.engine.support.hierarchical.NodeTestTask.executeRecursively(NodeTestTask.java:138) ~[junit-platform-engine-1.8.2.jar:1.8.2]
	at org.junit.platform.engine.support.hierarchical.NodeTestTask.execute(NodeTestTask.java:95) ~[junit-platform-engine-1.8.2.jar:1.8.2]
	at java.base/java.util.ArrayList.forEach(ArrayList.java:1596) ~[na:na]
	at org.junit.platform.engine.support.hierarchical.SameThreadHierarchicalTestExecutorService.invokeAll(SameThreadHierarchicalTestExecutorService.java:41) ~[junit-platform-engine-1.8.2.jar:1.8.2]
	at org.junit.platform.engine.support.hierarchical.NodeTestTask.lambda$executeRecursively$6(NodeTestTask.java:155) ~[junit-platform-engine-1.8.2.jar:1.8.2]
	at org.junit.platform.engine.support.hierarchical.ThrowableCollector.execute(ThrowableCollector.java:73) ~[junit-platform-engine-1.8.2.jar:1.8.2]
	at org.junit.platform.engine.support.hierarchical.NodeTestTask.lambda$executeRecursively$8(NodeTestTask.java:141) ~[junit-platform-engine-1.8.2.jar:1.8.2]
	at org.junit.platform.engine.support.hierarchical.Node.around(Node.java:137) ~[junit-platform-engine-1.8.2.jar:1.8.2]
	at org.junit.platform.engine.support.hierarchical.NodeTestTask.lambda$executeRecursively$9(NodeTestTask.java:139) ~[junit-platform-engine-1.8.2.jar:1.8.2]
	at org.junit.platform.engine.support.hierarchical.ThrowableCollector.execute(ThrowableCollector.java:73) ~[junit-platform-engine-1.8.2.jar:1.8.2]
	at org.junit.platform.engine.support.hierarchical.NodeTestTask.executeRecursively(NodeTestTask.java:138) ~[junit-platform-engine-1.8.2.jar:1.8.2]
	at org.junit.platform.engine.support.hierarchical.NodeTestTask.execute(NodeTestTask.java:95) ~[junit-platform-engine-1.8.2.jar:1.8.2]
	at org.junit.platform.engine.support.hierarchical.SameThreadHierarchicalTestExecutorService.submit(SameThreadHierarchicalTestExecutorService.java:35) ~[junit-platform-engine-1.8.2.jar:1.8.2]
	at org.junit.platform.engine.support.hierarchical.HierarchicalTestExecutor.execute(HierarchicalTestExecutor.java:57) ~[junit-platform-engine-1.8.2.jar:1.8.2]
	at org.junit.platform.engine.support.hierarchical.HierarchicalTestEngine.execute(HierarchicalTestEngine.java:54) ~[junit-platform-engine-1.8.2.jar:1.8.2]
	at org.junit.platform.launcher.core.DefaultLauncher.execute(DefaultLauncher.java:220) ~[junit-platform-launcher-1.3.1.jar:1.3.1]
	at org.junit.platform.launcher.core.DefaultLauncher.lambda$execute$6(DefaultLauncher.java:188) ~[junit-platform-launcher-1.3.1.jar:1.3.1]
	at org.junit.platform.launcher.core.DefaultLauncher.withInterceptedStreams(DefaultLauncher.java:202) ~[junit-platform-launcher-1.3.1.jar:1.3.1]
	at org.junit.platform.launcher.core.DefaultLauncher.execute(DefaultLauncher.java:181) ~[junit-platform-launcher-1.3.1.jar:1.3.1]
	at org.junit.platform.launcher.core.DefaultLauncher.execute(DefaultLauncher.java:128) ~[junit-platform-launcher-1.3.1.jar:1.3.1]
	at org.apache.maven.surefire.junitplatform.JUnitPlatformProvider.invokeAllTests(JUnitPlatformProvider.java:150) ~[surefire-junit-platform-2.22.2.jar:2.22.2]
	at org.apache.maven.surefire.junitplatform.JUnitPlatformProvider.invoke(JUnitPlatformProvider.java:124) ~[surefire-junit-platform-2.22.2.jar:2.22.2]
	at org.apache.maven.surefire.booter.ForkedBooter.invokeProviderInSameClassLoader(ForkedBooter.java:384) ~[surefire-booter-2.22.2.jar:2.22.2]
	at org.apache.maven.surefire.booter.ForkedBooter.runSuitesInProcess(ForkedBooter.java:345) ~[surefire-booter-2.22.2.jar:2.22.2]
	at org.apache.maven.surefire.booter.ForkedBooter.execute(ForkedBooter.java:126) ~[surefire-booter-2.22.2.jar:2.22.2]
	at org.apache.maven.surefire.booter.ForkedBooter.main(ForkedBooter.java:418) ~[surefire-booter-2.22.2.jar:2.22.2]
Caused by: javax.persistence.PersistenceException: [PersistenceUnit: default] Unable to build Hibernate SessionFactory; nested exception is org.hibernate.exception.JDBCConnectionException: Unable to open JDBC Connection for DDL execution
	at org.springframework.orm.jpa.AbstractEntityManagerFactoryBean.buildNativeEntityManagerFactory(AbstractEntityManagerFactoryBean.java:421) ~[spring-orm-5.3.31.jar:5.3.31]
	at org.springframework.orm.jpa.AbstractEntityManagerFactoryBean.afterPropertiesSet(AbstractEntityManagerFactoryBean.java:396) ~[spring-orm-5.3.31.jar:5.3.31]
	at org.springframework.orm.jpa.LocalContainerEntityManagerFactoryBean.afterPropertiesSet(LocalContainerEntityManagerFactoryBean.java:341) ~[spring-orm-5.3.31.jar:5.3.31]
	at org.springframework.beans.factory.support.AbstractAutowireCapableBeanFactory.invokeInitMethods(AbstractAutowireCapableBeanFactory.java:1863) ~[spring-beans-5.3.31.jar:5.3.31]
	at org.springframework.beans.factory.support.AbstractAutowireCapableBeanFactory.initializeBean(AbstractAutowireCapableBeanFactory.java:1800) ~[spring-beans-5.3.31.jar:5.3.31]
	... 82 common frames omitted
Caused by: org.hibernate.exception.JDBCConnectionException: Unable to open JDBC Connection for DDL execution
	at org.hibernate.exception.internal.SQLStateConversionDelegate.convert(SQLStateConversionDelegate.java:112) ~[hibernate-core-5.6.15.Final.jar:5.6.15.Final]
	at org.hibernate.exception.internal.StandardSQLExceptionConverter.convert(StandardSQLExceptionConverter.java:37) ~[hibernate-core-5.6.15.Final.jar:5.6.15.Final]
	at org.hibernate.engine.jdbc.spi.SqlExceptionHelper.convert(SqlExceptionHelper.java:113) ~[hibernate-core-5.6.15.Final.jar:5.6.15.Final]
	at org.hibernate.engine.jdbc.spi.SqlExceptionHelper.convert(SqlExceptionHelper.java:99) ~[hibernate-core-5.6.15.Final.jar:5.6.15.Final]
	at org.hibernate.resource.transaction.backend.jdbc.internal.DdlTransactionIsolatorNonJtaImpl.getIsolatedConnection(DdlTransactionIsolatorNonJtaImpl.java:71) ~[hibernate-core-5.6.15.Final.jar:5.6.15.Final]
	at org.hibernate.tool.schema.internal.exec.GenerationTargetToDatabase.jdbcStatement(GenerationTargetToDatabase.java:77) ~[hibernate-core-5.6.15.Final.jar:5.6.15.Final]
	at org.hibernate.tool.schema.internal.exec.GenerationTargetToDatabase.accept(GenerationTargetToDatabase.java:53) ~[hibernate-core-5.6.15.Final.jar:5.6.15.Final]
	at org.hibernate.tool.schema.internal.SchemaDropperImpl.applySqlString(SchemaDropperImpl.java:387) ~[hibernate-core-5.6.15.Final.jar:5.6.15.Final]
	at org.hibernate.tool.schema.internal.SchemaDropperImpl.applySqlStrings(SchemaDropperImpl.java:371) ~[hibernate-core-5.6.15.Final.jar:5.6.15.Final]
	at org.hibernate.tool.schema.internal.SchemaDropperImpl.applyConstraintDropping(SchemaDropperImpl.java:341) ~[hibernate-core-5.6.15.Final.jar:5.6.15.Final]
	at org.hibernate.tool.schema.internal.SchemaDropperImpl.dropFromMetadata(SchemaDropperImpl.java:235) ~[hibernate-core-5.6.15.Final.jar:5.6.15.Final]
	at org.hibernate.tool.schema.internal.SchemaDropperImpl.performDrop(SchemaDropperImpl.java:156) ~[hibernate-core-5.6.15.Final.jar:5.6.15.Final]
	at org.hibernate.tool.schema.internal.SchemaDropperImpl.doDrop(SchemaDropperImpl.java:128) ~[hibernate-core-5.6.15.Final.jar:5.6.15.Final]
	at org.hibernate.tool.schema.internal.SchemaDropperImpl.doDrop(SchemaDropperImpl.java:114) ~[hibernate-core-5.6.15.Final.jar:5.6.15.Final]
	at org.hibernate.tool.schema.spi.SchemaManagementToolCoordinator.performDatabaseAction(SchemaManagementToolCoordinator.java:157) ~[hibernate-core-5.6.15.Final.jar:5.6.15.Final]
	at org.hibernate.tool.schema.spi.SchemaManagementToolCoordinator.process(SchemaManagementToolCoordinator.java:85) ~[hibernate-core-5.6.15.Final.jar:5.6.15.Final]
	at org.hibernate.internal.SessionFactoryImpl.<init>(SessionFactoryImpl.java:335) ~[hibernate-core-5.6.15.Final.jar:5.6.15.Final]
	at org.hibernate.boot.internal.SessionFactoryBuilderImpl.build(SessionFactoryBuilderImpl.java:471) ~[hibernate-core-5.6.15.Final.jar:5.6.15.Final]
	at org.hibernate.jpa.boot.internal.EntityManagerFactoryBuilderImpl.build(EntityManagerFactoryBuilderImpl.java:1498) ~[hibernate-core-5.6.15.Final.jar:5.6.15.Final]
	at org.springframework.orm.jpa.vendor.SpringHibernateJpaPersistenceProvider.createContainerEntityManagerFactory(SpringHibernateJpaPersistenceProvider.java:58) ~[spring-orm-5.3.31.jar:5.3.31]
	at org.springframework.orm.jpa.LocalContainerEntityManagerFactoryBean.createNativeEntityManagerFactory(LocalContainerEntityManagerFactoryBean.java:365) ~[spring-orm-5.3.31.jar:5.3.31]
	at org.springframework.orm.jpa.AbstractEntityManagerFactoryBean.buildNativeEntityManagerFactory(AbstractEntityManagerFactoryBean.java:409) ~[spring-orm-5.3.31.jar:5.3.31]
	... 86 common frames omitted
Caused by: org.postgresql.util.PSQLException: Connection to localhost:5432 refused. Check that the hostname and port are correct and that the postmaster is accepting TCP/IP connections.
	at org.postgresql.core.v3.ConnectionFactoryImpl.openConnectionImpl(ConnectionFactoryImpl.java:342) ~[postgresql-42.7.1.jar:42.7.1]
	at org.postgresql.core.ConnectionFactory.openConnection(ConnectionFactory.java:54) ~[postgresql-42.7.1.jar:42.7.1]
	at org.postgresql.jdbc.PgConnection.<init>(PgConnection.java:263) ~[postgresql-42.7.1.jar:42.7.1]
	at org.postgresql.Driver.makeConnection(Driver.java:444) ~[postgresql-42.7.1.jar:42.7.1]
	at org.postgresql.Driver.connect(Driver.java:297) ~[postgresql-42.7.1.jar:42.7.1]
	at com.zaxxer.hikari.util.DriverDataSource.getConnection(DriverDataSource.java:138) ~[HikariCP-4.0.3.jar:na]
	at com.zaxxer.hikari.pool.PoolBase.newConnection(PoolBase.java:364) ~[HikariCP-4.0.3.jar:na]
	at com.zaxxer.hikari.pool.PoolBase.newPoolEntry(PoolBase.java:206) ~[HikariCP-4.0.3.jar:na]
	at com.zaxxer.hikari.pool.HikariPool.createPoolEntry(HikariPool.java:476) ~[HikariCP-4.0.3.jar:na]
	at com.zaxxer.hikari.pool.HikariPool.checkFailFast(HikariPool.java:561) ~[HikariCP-4.0.3.jar:na]
	at com.zaxxer.hikari.pool.HikariPool.<init>(HikariPool.java:115) ~[HikariCP-4.0.3.jar:na]
	at com.zaxxer.hikari.HikariDataSource.getConnection(HikariDataSource.java:112) ~[HikariCP-4.0.3.jar:na]
	at org.hibernate.engine.jdbc.connections.internal.DatasourceConnectionProviderImpl.getConnection(DatasourceConnectionProviderImpl.java:122) ~[hibernate-core-5.6.15.Final.jar:5.6.15.Final]
	at org.hibernate.engine.jdbc.env.internal.JdbcEnvironmentInitiator$ConnectionProviderJdbcConnectionAccess.obtainConnection(JdbcEnvironmentInitiator.java:181) ~[hibernate-core-5.6.15.Final.jar:5.6.15.Final]
	at org.hibernate.resource.transaction.backend.jdbc.internal.DdlTransactionIsolatorNonJtaImpl.getIsolatedConnection(DdlTransactionIsolatorNonJtaImpl.java:44) ~[hibernate-core-5.6.15.Final.jar:5.6.15.Final]
	... 103 common frames omitted
Caused by: java.net.ConnectException: Connection refused
	at java.base/sun.nio.ch.Net.pollConnect(Native Method) ~[na:na]
	at java.base/sun.nio.ch.Net.pollConnectNow(Net.java:682) ~[na:na]
	at java.base/sun.nio.ch.NioSocketImpl.timedFinishConnect(NioSocketImpl.java:542) ~[na:na]
	at java.base/sun.nio.ch.NioSocketImpl.connect(NioSocketImpl.java:592) ~[na:na]
	at java.base/java.net.SocksSocketImpl.connect(SocksSocketImpl.java:327) ~[na:na]
	at java.base/java.net.Socket.connect(Socket.java:751) ~[na:na]
	at org.postgresql.core.PGStream.createSocket(PGStream.java:243) ~[postgresql-42.7.1.jar:42.7.1]
	at org.postgresql.core.PGStream.<init>(PGStream.java:98) ~[postgresql-42.7.1.jar:42.7.1]
	at org.postgresql.core.v3.ConnectionFactoryImpl.tryConnect(ConnectionFactoryImpl.java:132) ~[postgresql-42.7.1.jar:42.7.1]
	at org.postgresql.core.v3.ConnectionFactoryImpl.openConnectionImpl(ConnectionFactoryImpl.java:258) ~[postgresql-42.7.1.jar:42.7.1]
	... 117 common frames omitted

2026-02-05 14:26:56.372 ERROR 2945 --- [           main] o.s.test.context.TestContextManager      : Caught exception while allowing TestExecutionListener [org.springframework.test.context.web.ServletTestExecutionListener@73bb782d] to prepare test instance [crm.CrmApplicationTests@1cda3a6d]

java.lang.IllegalStateException: Failed to load ApplicationContext
	at org.springframework.test.context.cache.DefaultCacheAwareContextLoaderDelegate.loadContext(DefaultCacheAwareContextLoaderDelegate.java:98) ~[spring-test-5.3.31.jar:5.3.31]
	at org.springframework.test.context.support.DefaultTestContext.getApplicationContext(DefaultTestContext.java:124) ~[spring-test-5.3.31.jar:5.3.31]
	at org.springframework.test.context.web.ServletTestExecutionListener.setUpRequestContextIfNecessary(ServletTestExecutionListener.java:190) ~[spring-test-5.3.31.jar:5.3.31]
	at org.springframework.test.context.web.ServletTestExecutionListener.prepareTestInstance(ServletTestExecutionListener.java:132) ~[spring-test-5.3.31.jar:5.3.31]
	at org.springframework.test.context.TestContextManager.prepareTestInstance(TestContextManager.java:248) ~[spring-test-5.3.31.jar:5.3.31]
	at org.springframework.test.context.junit.jupiter.SpringExtension.postProcessTestInstance(SpringExtension.java:138) ~[spring-test-5.3.31.jar:5.3.31]
	at org.junit.jupiter.engine.descriptor.ClassBasedTestDescriptor.lambda$invokeTestInstancePostProcessors$10(ClassBasedTestDescriptor.java:377) ~[junit-jupiter-engine-5.9.3.jar:5.9.3]
	at org.junit.jupiter.engine.descriptor.ClassBasedTestDescriptor.executeAndMaskThrowable(ClassBasedTestDescriptor.java:382) ~[junit-jupiter-engine-5.9.3.jar:5.9.3]
	at org.junit.jupiter.engine.descriptor.ClassBasedTestDescriptor.lambda$invokeTestInstancePostProcessors$11(ClassBasedTestDescriptor.java:377) ~[junit-jupiter-engine-5.9.3.jar:5.9.3]
	at java.base/java.util.stream.ReferencePipeline$3$1.accept(ReferencePipeline.java:197) ~[na:na]
	at java.base/java.util.stream.ReferencePipeline$2$1.accept(ReferencePipeline.java:179) ~[na:na]
	at java.base/java.util.ArrayList$ArrayListSpliterator.forEachRemaining(ArrayList.java:1708) ~[na:na]
	at java.base/java.util.stream.AbstractPipeline.copyInto(AbstractPipeline.java:509) ~[na:na]
	at java.base/java.util.stream.AbstractPipeline.wrapAndCopyInto(AbstractPipeline.java:499) ~[na:na]
	at java.base/java.util.stream.StreamSpliterators$WrappingSpliterator.forEachRemaining(StreamSpliterators.java:310) ~[na:na]
	at java.base/java.util.stream.Streams$ConcatSpliterator.forEachRemaining(Streams.java:735) ~[na:na]
	at java.base/java.util.stream.Streams$ConcatSpliterator.forEachRemaining(Streams.java:734) ~[na:na]
	at java.base/java.util.stream.ReferencePipeline$Head.forEach(ReferencePipeline.java:762) ~[na:na]
	at org.junit.jupiter.engine.descriptor.ClassBasedTestDescriptor.invokeTestInstancePostProcessors(ClassBasedTestDescriptor.java:376) ~[junit-jupiter-engine-5.9.3.jar:5.9.3]
	at org.junit.jupiter.engine.descriptor.ClassBasedTestDescriptor.lambda$instantiateAndPostProcessTestInstance$6(ClassBasedTestDescriptor.java:289) ~[junit-jupiter-engine-5.9.3.jar:5.9.3]
	at org.junit.platform.engine.support.hierarchical.ThrowableCollector.execute(ThrowableCollector.java:73) ~[junit-platform-engine-1.8.2.jar:1.8.2]
	at org.junit.jupiter.engine.descriptor.ClassBasedTestDescriptor.instantiateAndPostProcessTestInstance(ClassBasedTestDescriptor.java:288) ~[junit-jupiter-engine-5.9.3.jar:5.9.3]
	at org.junit.jupiter.engine.descriptor.ClassBasedTestDescriptor.lambda$testInstancesProvider$4(ClassBasedTestDescriptor.java:278) ~[junit-jupiter-engine-5.9.3.jar:5.9.3]
	at java.base/java.util.Optional.orElseGet(Optional.java:364) ~[na:na]
	at org.junit.jupiter.engine.descriptor.ClassBasedTestDescriptor.lambda$testInstancesProvider$5(ClassBasedTestDescriptor.java:277) ~[junit-jupiter-engine-5.9.3.jar:5.9.3]
	at org.junit.jupiter.engine.execution.TestInstancesProvider.getTestInstances(TestInstancesProvider.java:31) ~[junit-jupiter-engine-5.9.3.jar:5.9.3]
	at org.junit.jupiter.engine.descriptor.TestMethodTestDescriptor.lambda$prepare$0(TestMethodTestDescriptor.java:105) ~[junit-jupiter-engine-5.9.3.jar:5.9.3]
	at org.junit.platform.engine.support.hierarchical.ThrowableCollector.execute(ThrowableCollector.java:73) ~[junit-platform-engine-1.8.2.jar:1.8.2]
	at org.junit.jupiter.engine.descriptor.TestMethodTestDescriptor.prepare(TestMethodTestDescriptor.java:104) ~[junit-jupiter-engine-5.9.3.jar:5.9.3]
	at org.junit.jupiter.engine.descriptor.TestMethodTestDescriptor.prepare(TestMethodTestDescriptor.java:68) ~[junit-jupiter-engine-5.9.3.jar:5.9.3]
	at org.junit.platform.engine.support.hierarchical.NodeTestTask.lambda$prepare$2(NodeTestTask.java:123) ~[junit-platform-engine-1.8.2.jar:1.8.2]
	at org.junit.platform.engine.support.hierarchical.ThrowableCollector.execute(ThrowableCollector.java:73) ~[junit-platform-engine-1.8.2.jar:1.8.2]
	at org.junit.platform.engine.support.hierarchical.NodeTestTask.prepare(NodeTestTask.java:123) ~[junit-platform-engine-1.8.2.jar:1.8.2]
	at org.junit.platform.engine.support.hierarchical.NodeTestTask.execute(NodeTestTask.java:90) ~[junit-platform-engine-1.8.2.jar:1.8.2]
	at java.base/java.util.ArrayList.forEach(ArrayList.java:1596) ~[na:na]
	at org.junit.platform.engine.support.hierarchical.SameThreadHierarchicalTestExecutorService.invokeAll(SameThreadHierarchicalTestExecutorService.java:41) ~[junit-platform-engine-1.8.2.jar:1.8.2]
	at org.junit.platform.engine.support.hierarchical.NodeTestTask.lambda$executeRecursively$6(NodeTestTask.java:155) ~[junit-platform-engine-1.8.2.jar:1.8.2]
	at org.junit.platform.engine.support.hierarchical.ThrowableCollector.execute(ThrowableCollector.java:73) ~[junit-platform-engine-1.8.2.jar:1.8.2]
	at org.junit.platform.engine.support.hierarchical.NodeTestTask.lambda$executeRecursively$8(NodeTestTask.java:141) ~[junit-platform-engine-1.8.2.jar:1.8.2]
	at org.junit.platform.engine.support.hierarchical.Node.around(Node.java:137) ~[junit-platform-engine-1.8.2.jar:1.8.2]
	at org.junit.platform.engine.support.hierarchical.NodeTestTask.lambda$executeRecursively$9(NodeTestTask.java:139) ~[junit-platform-engine-1.8.2.jar:1.8.2]
	at org.junit.platform.engine.support.hierarchical.ThrowableCollector.execute(ThrowableCollector.java:73) ~[junit-platform-engine-1.8.2.jar:1.8.2]
	at org.junit.platform.engine.support.hierarchical.NodeTestTask.executeRecursively(NodeTestTask.java:138) ~[junit-platform-engine-1.8.2.jar:1.8.2]
	at org.junit.platform.engine.support.hierarchical.NodeTestTask.execute(NodeTestTask.java:95) ~[junit-platform-engine-1.8.2.jar:1.8.2]
	at java.base/java.util.ArrayList.forEach(ArrayList.java:1596) ~[na:na]
	at org.junit.platform.engine.support.hierarchical.SameThreadHierarchicalTestExecutorService.invokeAll(SameThreadHierarchicalTestExecutorService.java:41) ~[junit-platform-engine-1.8.2.jar:1.8.2]
	at org.junit.platform.engine.support.hierarchical.NodeTestTask.lambda$executeRecursively$6(NodeTestTask.java:155) ~[junit-platform-engine-1.8.2.jar:1.8.2]
	at org.junit.platform.engine.support.hierarchical.ThrowableCollector.execute(ThrowableCollector.java:73) ~[junit-platform-engine-1.8.2.jar:1.8.2]
	at org.junit.platform.engine.support.hierarchical.NodeTestTask.lambda$executeRecursively$8(NodeTestTask.java:141) ~[junit-platform-engine-1.8.2.jar:1.8.2]
	at org.junit.platform.engine.support.hierarchical.Node.around(Node.java:137) ~[junit-platform-engine-1.8.2.jar:1.8.2]
	at org.junit.platform.engine.support.hierarchical.NodeTestTask.lambda$executeRecursively$9(NodeTestTask.java:139) ~[junit-platform-engine-1.8.2.jar:1.8.2]
	at org.junit.platform.engine.support.hierarchical.ThrowableCollector.execute(ThrowableCollector.java:73) ~[junit-platform-engine-1.8.2.jar:1.8.2]
	at org.junit.platform.engine.support.hierarchical.NodeTestTask.executeRecursively(NodeTestTask.java:138) ~[junit-platform-engine-1.8.2.jar:1.8.2]
	at org.junit.platform.engine.support.hierarchical.NodeTestTask.execute(NodeTestTask.java:95) ~[junit-platform-engine-1.8.2.jar:1.8.2]
	at org.junit.platform.engine.support.hierarchical.SameThreadHierarchicalTestExecutorService.submit(SameThreadHierarchicalTestExecutorService.java:35) ~[junit-platform-engine-1.8.2.jar:1.8.2]
	at org.junit.platform.engine.support.hierarchical.HierarchicalTestExecutor.execute(HierarchicalTestExecutor.java:57) ~[junit-platform-engine-1.8.2.jar:1.8.2]
	at org.junit.platform.engine.support.hierarchical.HierarchicalTestEngine.execute(HierarchicalTestEngine.java:54) ~[junit-platform-engine-1.8.2.jar:1.8.2]
	at org.junit.platform.launcher.core.DefaultLauncher.execute(DefaultLauncher.java:220) ~[junit-platform-launcher-1.3.1.jar:1.3.1]
	at org.junit.platform.launcher.core.DefaultLauncher.lambda$execute$6(DefaultLauncher.java:188) ~[junit-platform-launcher-1.3.1.jar:1.3.1]
	at org.junit.platform.launcher.core.DefaultLauncher.withInterceptedStreams(DefaultLauncher.java:202) ~[junit-platform-launcher-1.3.1.jar:1.3.1]
	at org.junit.platform.launcher.core.DefaultLauncher.execute(DefaultLauncher.java:181) ~[junit-platform-launcher-1.3.1.jar:1.3.1]
	at org.junit.platform.launcher.core.DefaultLauncher.execute(DefaultLauncher.java:128) ~[junit-platform-launcher-1.3.1.jar:1.3.1]
	at org.apache.maven.surefire.junitplatform.JUnitPlatformProvider.invokeAllTests(JUnitPlatformProvider.java:150) ~[surefire-junit-platform-2.22.2.jar:2.22.2]
	at org.apache.maven.surefire.junitplatform.JUnitPlatformProvider.invoke(JUnitPlatformProvider.java:124) ~[surefire-junit-platform-2.22.2.jar:2.22.2]
	at org.apache.maven.surefire.booter.ForkedBooter.invokeProviderInSameClassLoader(ForkedBooter.java:384) ~[surefire-booter-2.22.2.jar:2.22.2]
	at org.apache.maven.surefire.booter.ForkedBooter.runSuitesInProcess(ForkedBooter.java:345) ~[surefire-booter-2.22.2.jar:2.22.2]
	at org.apache.maven.surefire.booter.ForkedBooter.execute(ForkedBooter.java:126) ~[surefire-booter-2.22.2.jar:2.22.2]
	at org.apache.maven.surefire.booter.ForkedBooter.main(ForkedBooter.java:418) ~[surefire-booter-2.22.2.jar:2.22.2]
Caused by: org.springframework.beans.factory.BeanCreationException: Error creating bean with name 'entityManagerFactory' defined in class path resource [org/springframework/boot/autoconfigure/orm/jpa/HibernateJpaConfiguration.class]: Invocation of init method failed; nested exception is javax.persistence.PersistenceException: [PersistenceUnit: default] Unable to build Hibernate SessionFactory; nested exception is org.hibernate.exception.JDBCConnectionException: Unable to open JDBC Connection for DDL execution
	at org.springframework.beans.factory.support.AbstractAutowireCapableBeanFactory.initializeBean(AbstractAutowireCapableBeanFactory.java:1804) ~[spring-beans-5.3.31.jar:5.3.31]
	at org.springframework.beans.factory.support.AbstractAutowireCapableBeanFactory.doCreateBean(AbstractAutowireCapableBeanFactory.java:620) ~[spring-beans-5.3.31.jar:5.3.31]
	at org.springframework.beans.factory.support.AbstractAutowireCapableBeanFactory.createBean(AbstractAutowireCapableBeanFactory.java:542) ~[spring-beans-5.3.31.jar:5.3.31]
	at org.springframework.beans.factory.support.AbstractBeanFactory.lambda$doGetBean$0(AbstractBeanFactory.java:335) ~[spring-beans-5.3.31.jar:5.3.31]
	at org.springframework.beans.factory.support.DefaultSingletonBeanRegistry.getSingleton(DefaultSingletonBeanRegistry.java:234) ~[spring-beans-5.3.31.jar:5.3.31]
	at org.springframework.beans.factory.support.AbstractBeanFactory.doGetBean(AbstractBeanFactory.java:333) ~[spring-beans-5.3.31.jar:5.3.31]
	at org.springframework.beans.factory.support.AbstractBeanFactory.getBean(AbstractBeanFactory.java:208) ~[spring-beans-5.3.31.jar:5.3.31]
	at org.springframework.context.support.AbstractApplicationContext.getBean(AbstractApplicationContext.java:1168) ~[spring-context-5.3.31.jar:5.3.31]
	at org.springframework.context.support.AbstractApplicationContext.finishBeanFactoryInitialization(AbstractApplicationContext.java:919) ~[spring-context-5.3.31.jar:5.3.31]
	at org.springframework.context.support.AbstractApplicationContext.refresh(AbstractApplicationContext.java:591) ~[spring-context-5.3.31.jar:5.3.31]
	at org.springframework.boot.SpringApplication.refresh(SpringApplication.java:732) ~[spring-boot-2.7.18.jar:2.7.18]
	at org.springframework.boot.SpringApplication.refreshContext(SpringApplication.java:409) ~[spring-boot-2.7.18.jar:2.7.18]
	at org.springframework.boot.SpringApplication.run(SpringApplication.java:308) ~[spring-boot-2.7.18.jar:2.7.18]
	at org.springframework.boot.test.context.SpringBootContextLoader.loadContext(SpringBootContextLoader.java:136) ~[spring-boot-test-2.7.18.jar:2.7.18]
	at org.springframework.test.context.cache.DefaultCacheAwareContextLoaderDelegate.loadContextInternal(DefaultCacheAwareContextLoaderDelegate.java:141) ~[spring-test-5.3.31.jar:5.3.31]
	at org.springframework.test.context.cache.DefaultCacheAwareContextLoaderDelegate.loadContext(DefaultCacheAwareContextLoaderDelegate.java:90) ~[spring-test-5.3.31.jar:5.3.31]
	... 67 common frames omitted
Caused by: javax.persistence.PersistenceException: [PersistenceUnit: default] Unable to build Hibernate SessionFactory; nested exception is org.hibernate.exception.JDBCConnectionException: Unable to open JDBC Connection for DDL execution
	at org.springframework.orm.jpa.AbstractEntityManagerFactoryBean.buildNativeEntityManagerFactory(AbstractEntityManagerFactoryBean.java:421) ~[spring-orm-5.3.31.jar:5.3.31]
	at org.springframework.orm.jpa.AbstractEntityManagerFactoryBean.afterPropertiesSet(AbstractEntityManagerFactoryBean.java:396) ~[spring-orm-5.3.31.jar:5.3.31]
	at org.springframework.orm.jpa.LocalContainerEntityManagerFactoryBean.afterPropertiesSet(LocalContainerEntityManagerFactoryBean.java:341) ~[spring-orm-5.3.31.jar:5.3.31]
	at org.springframework.beans.factory.support.AbstractAutowireCapableBeanFactory.invokeInitMethods(AbstractAutowireCapableBeanFactory.java:1863) ~[spring-beans-5.3.31.jar:5.3.31]
	at org.springframework.beans.factory.support.AbstractAutowireCapableBeanFactory.initializeBean(AbstractAutowireCapableBeanFactory.java:1800) ~[spring-beans-5.3.31.jar:5.3.31]
	... 82 common frames omitted
Caused by: org.hibernate.exception.JDBCConnectionException: Unable to open JDBC Connection for DDL execution
	at org.hibernate.exception.internal.SQLStateConversionDelegate.convert(SQLStateConversionDelegate.java:112) ~[hibernate-core-5.6.15.Final.jar:5.6.15.Final]
	at org.hibernate.exception.internal.StandardSQLExceptionConverter.convert(StandardSQLExceptionConverter.java:37) ~[hibernate-core-5.6.15.Final.jar:5.6.15.Final]
	at org.hibernate.engine.jdbc.spi.SqlExceptionHelper.convert(SqlExceptionHelper.java:113) ~[hibernate-core-5.6.15.Final.jar:5.6.15.Final]
	at org.hibernate.engine.jdbc.spi.SqlExceptionHelper.convert(SqlExceptionHelper.java:99) ~[hibernate-core-5.6.15.Final.jar:5.6.15.Final]
	at org.hibernate.resource.transaction.backend.jdbc.internal.DdlTransactionIsolatorNonJtaImpl.getIsolatedConnection(DdlTransactionIsolatorNonJtaImpl.java:71) ~[hibernate-core-5.6.15.Final.jar:5.6.15.Final]
	at org.hibernate.tool.schema.internal.exec.GenerationTargetToDatabase.jdbcStatement(GenerationTargetToDatabase.java:77) ~[hibernate-core-5.6.15.Final.jar:5.6.15.Final]
	at org.hibernate.tool.schema.internal.exec.GenerationTargetToDatabase.accept(GenerationTargetToDatabase.java:53) ~[hibernate-core-5.6.15.Final.jar:5.6.15.Final]
	at org.hibernate.tool.schema.internal.SchemaDropperImpl.applySqlString(SchemaDropperImpl.java:387) ~[hibernate-core-5.6.15.Final.jar:5.6.15.Final]
	at org.hibernate.tool.schema.internal.SchemaDropperImpl.applySqlStrings(SchemaDropperImpl.java:371) ~[hibernate-core-5.6.15.Final.jar:5.6.15.Final]
	at org.hibernate.tool.schema.internal.SchemaDropperImpl.applyConstraintDropping(SchemaDropperImpl.java:341) ~[hibernate-core-5.6.15.Final.jar:5.6.15.Final]
	at org.hibernate.tool.schema.internal.SchemaDropperImpl.dropFromMetadata(SchemaDropperImpl.java:235) ~[hibernate-core-5.6.15.Final.jar:5.6.15.Final]
	at org.hibernate.tool.schema.internal.SchemaDropperImpl.performDrop(SchemaDropperImpl.java:156) ~[hibernate-core-5.6.15.Final.jar:5.6.15.Final]
	at org.hibernate.tool.schema.internal.SchemaDropperImpl.doDrop(SchemaDropperImpl.java:128) ~[hibernate-core-5.6.15.Final.jar:5.6.15.Final]
	at org.hibernate.tool.schema.internal.SchemaDropperImpl.doDrop(SchemaDropperImpl.java:114) ~[hibernate-core-5.6.15.Final.jar:5.6.15.Final]
	at org.hibernate.tool.schema.spi.SchemaManagementToolCoordinator.performDatabaseAction(SchemaManagementToolCoordinator.java:157) ~[hibernate-core-5.6.15.Final.jar:5.6.15.Final]
	at org.hibernate.tool.schema.spi.SchemaManagementToolCoordinator.process(SchemaManagementToolCoordinator.java:85) ~[hibernate-core-5.6.15.Final.jar:5.6.15.Final]
	at org.hibernate.internal.SessionFactoryImpl.<init>(SessionFactoryImpl.java:335) ~[hibernate-core-5.6.15.Final.jar:5.6.15.Final]
	at org.hibernate.boot.internal.SessionFactoryBuilderImpl.build(SessionFactoryBuilderImpl.java:471) ~[hibernate-core-5.6.15.Final.jar:5.6.15.Final]
	at org.hibernate.jpa.boot.internal.EntityManagerFactoryBuilderImpl.build(EntityManagerFactoryBuilderImpl.java:1498) ~[hibernate-core-5.6.15.Final.jar:5.6.15.Final]
	at org.springframework.orm.jpa.vendor.SpringHibernateJpaPersistenceProvider.createContainerEntityManagerFactory(SpringHibernateJpaPersistenceProvider.java:58) ~[spring-orm-5.3.31.jar:5.3.31]
	at org.springframework.orm.jpa.LocalContainerEntityManagerFactoryBean.createNativeEntityManagerFactory(LocalContainerEntityManagerFactoryBean.java:365) ~[spring-orm-5.3.31.jar:5.3.31]
	at org.springframework.orm.jpa.AbstractEntityManagerFactoryBean.buildNativeEntityManagerFactory(AbstractEntityManagerFactoryBean.java:409) ~[spring-orm-5.3.31.jar:5.3.31]
	... 86 common frames omitted
Caused by: org.postgresql.util.PSQLException: Connection to localhost:5432 refused. Check that the hostname and port are correct and that the postmaster is accepting TCP/IP connections.
	at org.postgresql.core.v3.ConnectionFactoryImpl.openConnectionImpl(ConnectionFactoryImpl.java:342) ~[postgresql-42.7.1.jar:42.7.1]
	at org.postgresql.core.ConnectionFactory.openConnection(ConnectionFactory.java:54) ~[postgresql-42.7.1.jar:42.7.1]
	at org.postgresql.jdbc.PgConnection.<init>(PgConnection.java:263) ~[postgresql-42.7.1.jar:42.7.1]
	at org.postgresql.Driver.makeConnection(Driver.java:444) ~[postgresql-42.7.1.jar:42.7.1]
	at org.postgresql.Driver.connect(Driver.java:297) ~[postgresql-42.7.1.jar:42.7.1]
	at com.zaxxer.hikari.util.DriverDataSource.getConnection(DriverDataSource.java:138) ~[HikariCP-4.0.3.jar:na]
	at com.zaxxer.hikari.pool.PoolBase.newConnection(PoolBase.java:364) ~[HikariCP-4.0.3.jar:na]
	at com.zaxxer.hikari.pool.PoolBase.newPoolEntry(PoolBase.java:206) ~[HikariCP-4.0.3.jar:na]
	at com.zaxxer.hikari.pool.HikariPool.createPoolEntry(HikariPool.java:476) ~[HikariCP-4.0.3.jar:na]
	at com.zaxxer.hikari.pool.HikariPool.checkFailFast(HikariPool.java:561) ~[HikariCP-4.0.3.jar:na]
	at com.zaxxer.hikari.pool.HikariPool.<init>(HikariPool.java:115) ~[HikariCP-4.0.3.jar:na]
	at com.zaxxer.hikari.HikariDataSource.getConnection(HikariDataSource.java:112) ~[HikariCP-4.0.3.jar:na]
	at org.hibernate.engine.jdbc.connections.internal.DatasourceConnectionProviderImpl.getConnection(DatasourceConnectionProviderImpl.java:122) ~[hibernate-core-5.6.15.Final.jar:5.6.15.Final]
	at org.hibernate.engine.jdbc.env.internal.JdbcEnvironmentInitiator$ConnectionProviderJdbcConnectionAccess.obtainConnection(JdbcEnvironmentInitiator.java:181) ~[hibernate-core-5.6.15.Final.jar:5.6.15.Final]
	at org.hibernate.resource.transaction.backend.jdbc.internal.DdlTransactionIsolatorNonJtaImpl.getIsolatedConnection(DdlTransactionIsolatorNonJtaImpl.java:44) ~[hibernate-core-5.6.15.Final.jar:5.6.15.Final]
	... 103 common frames omitted
Caused by: java.net.ConnectException: Connection refused
	at java.base/sun.nio.ch.Net.pollConnect(Native Method) ~[na:na]
	at java.base/sun.nio.ch.Net.pollConnectNow(Net.java:682) ~[na:na]
	at java.base/sun.nio.ch.NioSocketImpl.timedFinishConnect(NioSocketImpl.java:542) ~[na:na]
	at java.base/sun.nio.ch.NioSocketImpl.connect(NioSocketImpl.java:592) ~[na:na]
	at java.base/java.net.SocksSocketImpl.connect(SocksSocketImpl.java:327) ~[na:na]
	at java.base/java.net.Socket.connect(Socket.java:751) ~[na:na]
	at org.postgresql.core.PGStream.createSocket(PGStream.java:243) ~[postgresql-42.7.1.jar:42.7.1]
	at org.postgresql.core.PGStream.<init>(PGStream.java:98) ~[postgresql-42.7.1.jar:42.7.1]
	at org.postgresql.core.v3.ConnectionFactoryImpl.tryConnect(ConnectionFactoryImpl.java:132) ~[postgresql-42.7.1.jar:42.7.1]
	at org.postgresql.core.v3.ConnectionFactoryImpl.openConnectionImpl(ConnectionFactoryImpl.java:258) ~[postgresql-42.7.1.jar:42.7.1]
	... 117 common frames omitted

[ERROR] Tests run: 1, Failures: 0, Errors: 1, Skipped: 0, Time elapsed: 3.874 s <<< FAILURE! - in crm.CrmApplicationTests
[ERROR] contextLoads  Time elapsed: 0.001 s  <<< ERROR!
java.lang.IllegalStateException: Failed to load ApplicationContext
Caused by: org.springframework.beans.factory.BeanCreationException: Error creating bean with name 'entityManagerFactory' defined in class path resource [org/springframework/boot/autoconfigure/orm/jpa/HibernateJpaConfiguration.class]: Invocation of init method failed; nested exception is javax.persistence.PersistenceException: [PersistenceUnit: default] Unable to build Hibernate SessionFactory; nested exception is org.hibernate.exception.JDBCConnectionException: Unable to open JDBC Connection for DDL execution
Caused by: javax.persistence.PersistenceException: [PersistenceUnit: default] Unable to build Hibernate SessionFactory; nested exception is org.hibernate.exception.JDBCConnectionException: Unable to open JDBC Connection for DDL execution
Caused by: org.hibernate.exception.JDBCConnectionException: Unable to open JDBC Connection for DDL execution
Caused by: org.postgresql.util.PSQLException: Connection to localhost:5432 refused. Check that the hostname and port are correct and that the postmaster is accepting TCP/IP connections.
Caused by: java.net.ConnectException: Connection refused

[INFO] Running crm.controller.MyErrorControllerTest
[INFO] Tests run: 5, Failures: 0, Errors: 0, Skipped: 0, Time elapsed: 0 s - in crm.controller.MyErrorControllerTest
[INFO] Running crm.controller.DateTimeTestControllerTest
[INFO] Tests run: 5, Failures: 0, Errors: 0, Skipped: 0, Time elapsed: 0.044 s - in crm.controller.DateTimeTestControllerTest
[INFO] Running crm.controller.ExportCustomersTest
[INFO] Tests run: 3, Failures: 0, Errors: 0, Skipped: 0, Time elapsed: 0 s - in crm.controller.ExportCustomersTest
[INFO] Running crm.controller.ExportTest
[INFO] Tests run: 6, Failures: 0, Errors: 0, Skipped: 0, Time elapsed: 0.003 s - in crm.controller.ExportTest
[INFO] Running crm.controller.PdfControllerTest
[INFO] Tests run: 3, Failures: 0, Errors: 0, Skipped: 0, Time elapsed: 0.2 s - in crm.controller.PdfControllerTest
[INFO] Running crm.controller.CustomerControllerTest
[INFO] Tests run: 7, Failures: 0, Errors: 0, Skipped: 0, Time elapsed: 0.068 s - in crm.controller.CustomerControllerTest
[INFO] Running crm.controller.UserControllerTest
[ERROR] Tests run: 5, Failures: 0, Errors: 5, Skipped: 0, Time elapsed: 0.174 s <<< FAILURE! - in crm.controller.UserControllerTest
[ERROR] testProcessRequestEditUserWithErrors  Time elapsed: 0.035 s  <<< ERROR!
org.mockito.exceptions.base.MockitoException: 

Mockito cannot mock this class: interface org.springframework.security.core.userdetails.UserDetails.

If you're not sure why you're getting this error, please open an issue on GitHub.


Java               : 21
JVM vendor name    : Eclipse Adoptium
JVM vendor version : 21.0.5+11-LTS
JVM name           : OpenJDK 64-Bit Server VM
JVM version        : 21.0.5+11-LTS
JVM info           : mixed mode, sharing
OS name            : Linux
OS version         : 6.12.47-0-virt


You are seeing this disclaimer because Mockito is configured to create inlined mocks.
You can learn about inline mocks and their limitations under item #39 of the Mockito class javadoc.

Underlying exception : org.mockito.exceptions.base.MockitoException: Could not modify all classes [interface java.io.Serializable, interface org.springframework.security.core.userdetails.UserDetails]
Caused by: org.mockito.exceptions.base.MockitoException: Could not modify all classes [interface java.io.Serializable, interface org.springframework.security.core.userdetails.UserDetails]
Caused by: java.lang.IllegalStateException: 

Byte Buddy could not instrument all classes within the mock's type hierarchy

This problem should never occur for javac-compiled classes. This problem has been observed for classes that are:
 - Compiled by older versions of scalac
 - Classes that are part of the Android distribution
Caused by: java.lang.IllegalArgumentException: Java 21 (65) is not supported by the current version of Byte Buddy which officially supports Java 20 (64) - update Byte Buddy or set net.bytebuddy.experimental as a VM property

[ERROR] testProcessRequestEditUserSuccess  Time elapsed: 0.035 s  <<< ERROR!
org.mockito.exceptions.base.MockitoException: 

Mockito cannot mock this class: interface org.springframework.security.core.userdetails.UserDetails.

If you're not sure why you're getting this error, please open an issue on GitHub.


Java               : 21
JVM vendor name    : Eclipse Adoptium
JVM vendor version : 21.0.5+11-LTS
JVM name           : OpenJDK 64-Bit Server VM
JVM version        : 21.0.5+11-LTS
JVM info           : mixed mode, sharing
OS name            : Linux
OS version         : 6.12.47-0-virt


You are seeing this disclaimer because Mockito is configured to create inlined mocks.
You can learn about inline mocks and their limitations under item #39 of the Mockito class javadoc.

Underlying exception : org.mockito.exceptions.base.MockitoException: Could not modify all classes [interface java.io.Serializable, interface org.springframework.security.core.userdetails.UserDetails]
Caused by: org.mockito.exceptions.base.MockitoException: Could not modify all classes [interface java.io.Serializable, interface org.springframework.security.core.userdetails.UserDetails]
Caused by: java.lang.IllegalStateException: 

Byte Buddy could not instrument all classes within the mock's type hierarchy

This problem should never occur for javac-compiled classes. This problem has been observed for classes that are:
 - Compiled by older versions of scalac
 - Classes that are part of the Android distribution
Caused by: java.lang.IllegalArgumentException: Java 21 (65) is not supported by the current version of Byte Buddy which officially supports Java 20 (64) - update Byte Buddy or set net.bytebuddy.experimental as a VM property

[ERROR] testDeleteUser  Time elapsed: 0.036 s  <<< ERROR!
org.mockito.exceptions.base.MockitoException: 

Mockito cannot mock this class: interface org.springframework.security.core.userdetails.UserDetails.

If you're not sure why you're getting this error, please open an issue on GitHub.


Java               : 21
JVM vendor name    : Eclipse Adoptium
JVM vendor version : 21.0.5+11-LTS
JVM name           : OpenJDK 64-Bit Server VM
JVM version        : 21.0.5+11-LTS
JVM info           : mixed mode, sharing
OS name            : Linux
OS version         : 6.12.47-0-virt


You are seeing this disclaimer because Mockito is configured to create inlined mocks.
You can learn about inline mocks and their limitations under item #39 of the Mockito class javadoc.

Underlying exception : org.mockito.exceptions.base.MockitoException: Could not modify all classes [interface java.io.Serializable, interface org.springframework.security.core.userdetails.UserDetails]
Caused by: org.mockito.exceptions.base.MockitoException: Could not modify all classes [interface java.io.Serializable, interface org.springframework.security.core.userdetails.UserDetails]
Caused by: java.lang.IllegalStateException: 

Byte Buddy could not instrument all classes within the mock's type hierarchy

This problem should never occur for javac-compiled classes. This problem has been observed for classes that are:
 - Compiled by older versions of scalac
 - Classes that are part of the Android distribution
Caused by: java.lang.IllegalArgumentException: Java 21 (65) is not supported by the current version of Byte Buddy which officially supports Java 20 (64) - update Byte Buddy or set net.bytebuddy.experimental as a VM property

[ERROR] testShowFormEditUser  Time elapsed: 0.034 s  <<< ERROR!
org.mockito.exceptions.base.MockitoException: 

Mockito cannot mock this class: interface org.springframework.security.core.userdetails.UserDetails.

If you're not sure why you're getting this error, please open an issue on GitHub.


Java               : 21
JVM vendor name    : Eclipse Adoptium
JVM vendor version : 21.0.5+11-LTS
JVM name           : OpenJDK 64-Bit Server VM
JVM version        : 21.0.5+11-LTS
JVM info           : mixed mode, sharing
OS name            : Linux
OS version         : 6.12.47-0-virt


You are seeing this disclaimer because Mockito is configured to create inlined mocks.
You can learn about inline mocks and their limitations under item #39 of the Mockito class javadoc.

Underlying exception : org.mockito.exceptions.base.MockitoException: Could not modify all classes [interface java.io.Serializable, interface org.springframework.security.core.userdetails.UserDetails]
Caused by: org.mockito.exceptions.base.MockitoException: Could not modify all classes [interface java.io.Serializable, interface org.springframework.security.core.userdetails.UserDetails]
Caused by: java.lang.IllegalStateException: 

Byte Buddy could not instrument all classes within the mock's type hierarchy

This problem should never occur for javac-compiled classes. This problem has been observed for classes that are:
 - Compiled by older versions of scalac
 - Classes that are part of the Android distribution
Caused by: java.lang.IllegalArgumentException: Java 21 (65) is not supported by the current version of Byte Buddy which officially supports Java 20 (64) - update Byte Buddy or set net.bytebuddy.experimental as a VM property

[ERROR] testShowAllUsers  Time elapsed: 0.034 s  <<< ERROR!
org.mockito.exceptions.base.MockitoException: 

Mockito cannot mock this class: interface org.springframework.security.core.userdetails.UserDetails.

If you're not sure why you're getting this error, please open an issue on GitHub.


Java               : 21
JVM vendor name    : Eclipse Adoptium
JVM vendor version : 21.0.5+11-LTS
JVM name           : OpenJDK 64-Bit Server VM
JVM version        : 21.0.5+11-LTS
JVM info           : mixed mode, sharing
OS name            : Linux
OS version         : 6.12.47-0-virt


You are seeing this disclaimer because Mockito is configured to create inlined mocks.
You can learn about inline mocks and their limitations under item #39 of the Mockito class javadoc.

Underlying exception : org.mockito.exceptions.base.MockitoException: Could not modify all classes [interface java.io.Serializable, interface org.springframework.security.core.userdetails.UserDetails]
Caused by: org.mockito.exceptions.base.MockitoException: Could not modify all classes [interface java.io.Serializable, interface org.springframework.security.core.userdetails.UserDetails]
Caused by: java.lang.IllegalStateException: 

Byte Buddy could not instrument all classes within the mock's type hierarchy

This problem should never occur for javac-compiled classes. This problem has been observed for classes that are:
 - Compiled by older versions of scalac
 - Classes that are part of the Android distribution
Caused by: java.lang.IllegalArgumentException: Java 21 (65) is not supported by the current version of Byte Buddy which officially supports Java 20 (64) - update Byte Buddy or set net.bytebuddy.experimental as a VM property

[INFO] Running crm.controller.CSVControllerTest
[ERROR] Tests run: 4, Failures: 0, Errors: 4, Skipped: 0, Time elapsed: 0.296 s <<< FAILURE! - in crm.controller.CSVControllerTest
[ERROR] testFindCustomers  Time elapsed: 0.106 s  <<< ERROR!
org.mockito.exceptions.base.MockitoException: 

Mockito cannot mock this class: class java.io.PrintWriter.

If you're not sure why you're getting this error, please open an issue on GitHub.


Java               : 21
JVM vendor name    : Eclipse Adoptium
JVM vendor version : 21.0.5+11-LTS
JVM name           : OpenJDK 64-Bit Server VM
JVM version        : 21.0.5+11-LTS
JVM info           : mixed mode, sharing
OS name            : Linux
OS version         : 6.12.47-0-virt


You are seeing this disclaimer because Mockito is configured to create inlined mocks.
You can learn about inline mocks and their limitations under item #39 of the Mockito class javadoc.

Underlying exception : org.mockito.exceptions.base.MockitoException: Could not modify all classes [class java.lang.Object, interface java.io.Closeable, interface java.io.Flushable, class java.io.PrintWriter, interface java.lang.AutoCloseable, class java.io.Writer, interface java.lang.Appendable]
Caused by: org.mockito.exceptions.base.MockitoException: Could not modify all classes [class java.lang.Object, interface java.io.Closeable, interface java.io.Flushable, class java.io.PrintWriter, interface java.lang.AutoCloseable, class java.io.Writer, interface java.lang.Appendable]
Caused by: java.lang.IllegalStateException: 

Byte Buddy could not instrument all classes within the mock's type hierarchy

This problem should never occur for javac-compiled classes. This problem has been observed for classes that are:
 - Compiled by older versions of scalac
 - Classes that are part of the Android distribution
Caused by: java.lang.IllegalArgumentException: Java 21 (65) is not supported by the current version of Byte Buddy which officially supports Java 20 (64) - update Byte Buddy or set net.bytebuddy.experimental as a VM property

[ERROR] testFindCustomerWithNullResult  Time elapsed: 0.061 s  <<< ERROR!
org.mockito.exceptions.base.MockitoException: 

Mockito cannot mock this class: class java.io.PrintWriter.

If you're not sure why you're getting this error, please open an issue on GitHub.


Java               : 21
JVM vendor name    : Eclipse Adoptium
JVM vendor version : 21.0.5+11-LTS
JVM name           : OpenJDK 64-Bit Server VM
JVM version        : 21.0.5+11-LTS
JVM info           : mixed mode, sharing
OS name            : Linux
OS version         : 6.12.47-0-virt


You are seeing this disclaimer because Mockito is configured to create inlined mocks.
You can learn about inline mocks and their limitations under item #39 of the Mockito class javadoc.

Underlying exception : org.mockito.exceptions.base.MockitoException: Could not modify all classes [class java.lang.Object, interface java.io.Closeable, interface java.io.Flushable, class java.io.PrintWriter, interface java.lang.AutoCloseable, class java.io.Writer, interface java.lang.Appendable]
Caused by: org.mockito.exceptions.base.MockitoException: Could not modify all classes [class java.lang.Object, interface java.io.Closeable, interface java.io.Flushable, class java.io.PrintWriter, interface java.lang.AutoCloseable, class java.io.Writer, interface java.lang.Appendable]
Caused by: java.lang.IllegalStateException: 

Byte Buddy could not instrument all classes within the mock's type hierarchy

This problem should never occur for javac-compiled classes. This problem has been observed for classes that are:
 - Compiled by older versions of scalac
 - Classes that are part of the Android distribution
Caused by: java.lang.IllegalArgumentException: Java 21 (65) is not supported by the current version of Byte Buddy which officially supports Java 20 (64) - update Byte Buddy or set net.bytebuddy.experimental as a VM property

[ERROR] testFindCustomersWithEmptyList  Time elapsed: 0.057 s  <<< ERROR!
org.mockito.exceptions.base.MockitoException: 

Mockito cannot mock this class: class java.io.PrintWriter.

If you're not sure why you're getting this error, please open an issue on GitHub.


Java               : 21
JVM vendor name    : Eclipse Adoptium
JVM vendor version : 21.0.5+11-LTS
JVM name           : OpenJDK 64-Bit Server VM
JVM version        : 21.0.5+11-LTS
JVM info           : mixed mode, sharing
OS name            : Linux
OS version         : 6.12.47-0-virt


You are seeing this disclaimer because Mockito is configured to create inlined mocks.
You can learn about inline mocks and their limitations under item #39 of the Mockito class javadoc.

Underlying exception : org.mockito.exceptions.base.MockitoException: Could not modify all classes [class java.lang.Object, interface java.io.Closeable, interface java.io.Flushable, class java.io.PrintWriter, interface java.lang.AutoCloseable, class java.io.Writer, interface java.lang.Appendable]
Caused by: org.mockito.exceptions.base.MockitoException: Could not modify all classes [class java.lang.Object, interface java.io.Closeable, interface java.io.Flushable, class java.io.PrintWriter, interface java.lang.AutoCloseable, class java.io.Writer, interface java.lang.Appendable]
Caused by: java.lang.IllegalStateException: 

Byte Buddy could not instrument all classes within the mock's type hierarchy

This problem should never occur for javac-compiled classes. This problem has been observed for classes that are:
 - Compiled by older versions of scalac
 - Classes that are part of the Android distribution
Caused by: java.lang.IllegalArgumentException: Java 21 (65) is not supported by the current version of Byte Buddy which officially supports Java 20 (64) - update Byte Buddy or set net.bytebuddy.experimental as a VM property

[ERROR] testFindCustomer  Time elapsed: 0.058 s  <<< ERROR!
org.mockito.exceptions.base.MockitoException: 

Mockito cannot mock this class: class java.io.PrintWriter.

If you're not sure why you're getting this error, please open an issue on GitHub.


Java               : 21
JVM vendor name    : Eclipse Adoptium
JVM vendor version : 21.0.5+11-LTS
JVM name           : OpenJDK 64-Bit Server VM
JVM version        : 21.0.5+11-LTS
JVM info           : mixed mode, sharing
OS name            : Linux
OS version         : 6.12.47-0-virt


You are seeing this disclaimer because Mockito is configured to create inlined mocks.
You can learn about inline mocks and their limitations under item #39 of the Mockito class javadoc.

Underlying exception : org.mockito.exceptions.base.MockitoException: Could not modify all classes [class java.lang.Object, interface java.io.Closeable, interface java.io.Flushable, class java.io.PrintWriter, interface java.lang.AutoCloseable, class java.io.Writer, interface java.lang.Appendable]
Caused by: org.mockito.exceptions.base.MockitoException: Could not modify all classes [class java.lang.Object, interface java.io.Closeable, interface java.io.Flushable, class java.io.PrintWriter, interface java.lang.AutoCloseable, class java.io.Writer, interface java.lang.Appendable]
Caused by: java.lang.IllegalStateException: 

Byte Buddy could not instrument all classes within the mock's type hierarchy

This problem should never occur for javac-compiled classes. This problem has been observed for classes that are:
 - Compiled by older versions of scalac
 - Classes that are part of the Android distribution
Caused by: java.lang.IllegalArgumentException: Java 21 (65) is not supported by the current version of Byte Buddy which officially supports Java 20 (64) - update Byte Buddy or set net.bytebuddy.experimental as a VM property

[INFO] Running crm.controller.ContractControllerTest
[INFO] Tests run: 7, Failures: 0, Errors: 0, Skipped: 0, Time elapsed: 0.093 s - in crm.controller.ContractControllerTest
[INFO] Running crm.controller.RegisterControllerTest
[INFO] Tests run: 4, Failures: 0, Errors: 0, Skipped: 0, Time elapsed: 0.007 s - in crm.controller.RegisterControllerTest
[INFO] Running crm.CrmApplicationTest
2026-02-05 14:26:57.289  INFO 2945 --- [           main] o.s.b.d.r.RestartApplicationListener     : Restart disabled due to context in which it is running

  .   ____          _            __ _ _
 /\\ / ___'_ __ _ _(_)_ __  __ _ \ \ \ \
( ( )\___ | '_ | '_| | '_ \/ _` | \ \ \ \
 \\/  ___)| |_)| | | | | || (_| |  ) ) ) )
  '  |____| .__|_| |_|_| |_\__, | / / / /
 =========|_|==============|___/=/_/_/_/
 :: Spring Boot ::               (v2.7.18)

2026-02-05 14:26:57.341  INFO 2945 --- [           main] crm.CrmApplication                       : Starting CrmApplication using Java 21.0.5 on d9688d684c55 with PID 2945 (started by studioai in /modernize-data/studio-data/TNT1001/APP1267/transformed-code/411/studio-workspace/MODTEST)
2026-02-05 14:26:57.341  INFO 2945 --- [           main] crm.CrmApplication                       : The following 1 profile is active: "preprod"
2026-02-05 14:26:57.589  INFO 2945 --- [           main] .s.d.r.c.RepositoryConfigurationDelegate : Bootstrapping Spring Data JPA repositories in DEFAULT mode.
2026-02-05 14:26:57.605  INFO 2945 --- [           main] .s.d.r.c.RepositoryConfigurationDelegate : Finished Spring Data repository scanning in 16 ms. Found 6 JPA repository interfaces.
2026-02-05 14:26:57.960  INFO 2945 --- [           main] o.s.b.w.embedded.tomcat.TomcatWebServer  : Tomcat initialized with port(s): 8080 (http)
2026-02-05 14:26:57.972  INFO 2945 --- [           main] o.apache.catalina.core.StandardService   : Starting service [Tomcat]
2026-02-05 14:26:57.973  INFO 2945 --- [           main] org.apache.catalina.core.StandardEngine  : Starting Servlet engine: [Apache Tomcat/9.0.83]
2026-02-05 14:26:58.099  INFO 2945 --- [           main] o.a.c.c.C.[Tomcat].[localhost].[/]       : Initializing Spring embedded WebApplicationContext
2026-02-05 14:26:58.099  INFO 2945 --- [           main] w.s.c.ServletWebServerApplicationContext : Root WebApplicationContext: initialization completed in 754 ms
2026-02-05 14:26:58.311  INFO 2945 --- [           main] com.zaxxer.hikari.HikariDataSource       : HikariPool-4 - Starting...
2026-02-05 14:26:59.313 ERROR 2945 --- [           main] com.zaxxer.hikari.pool.HikariPool        : HikariPool-4 - Exception during pool initialization.

org.postgresql.util.PSQLException: Connection to localhost:5432 refused. Check that the hostname and port are correct and that the postmaster is accepting TCP/IP connections.
	at org.postgresql.core.v3.ConnectionFactoryImpl.openConnectionImpl(ConnectionFactoryImpl.java:342) ~[postgresql-42.7.1.jar:42.7.1]
	at org.postgresql.core.ConnectionFactory.openConnection(ConnectionFactory.java:54) ~[postgresql-42.7.1.jar:42.7.1]
	at org.postgresql.jdbc.PgConnection.<init>(PgConnection.java:263) ~[postgresql-42.7.1.jar:42.7.1]
	at org.postgresql.Driver.makeConnection(Driver.java:444) ~[postgresql-42.7.1.jar:42.7.1]
	at org.postgresql.Driver.connect(Driver.java:297) ~[postgresql-42.7.1.jar:42.7.1]
	at com.zaxxer.hikari.util.DriverDataSource.getConnection(DriverDataSource.java:138) ~[HikariCP-4.0.3.jar:na]
	at com.zaxxer.hikari.pool.PoolBase.newConnection(PoolBase.java:364) ~[HikariCP-4.0.3.jar:na]
	at com.zaxxer.hikari.pool.PoolBase.newPoolEntry(PoolBase.java:206) ~[HikariCP-4.0.3.jar:na]
	at com.zaxxer.hikari.pool.HikariPool.createPoolEntry(HikariPool.java:476) ~[HikariCP-4.0.3.jar:na]
	at com.zaxxer.hikari.pool.HikariPool.checkFailFast(HikariPool.java:561) ~[HikariCP-4.0.3.jar:na]
	at com.zaxxer.hikari.pool.HikariPool.<init>(HikariPool.java:115) ~[HikariCP-4.0.3.jar:na]
	at com.zaxxer.hikari.HikariDataSource.getConnection(HikariDataSource.java:112) ~[HikariCP-4.0.3.jar:na]
	at org.springframework.jdbc.datasource.DataSourceUtils.fetchConnection(DataSourceUtils.java:160) ~[spring-jdbc-5.3.31.jar:5.3.31]
	at org.springframework.jdbc.datasource.DataSourceUtils.doGetConnection(DataSourceUtils.java:118) ~[spring-jdbc-5.3.31.jar:5.3.31]
	at org.springframework.jdbc.datasource.DataSourceUtils.getConnection(DataSourceUtils.java:81) ~[spring-jdbc-5.3.31.jar:5.3.31]
	at org.springframework.jdbc.core.JdbcTemplate.execute(JdbcTemplate.java:332) ~[spring-jdbc-5.3.31.jar:5.3.31]
	at org.springframework.boot.jdbc.EmbeddedDatabaseConnection.isEmbedded(EmbeddedDatabaseConnection.java:164) ~[spring-boot-2.7.18.jar:2.7.18]
	at org.springframework.boot.jdbc.init.DataSourceScriptDatabaseInitializer.isEmbeddedDatabase(DataSourceScriptDatabaseInitializer.java:70) ~[spring-boot-2.7.18.jar:2.7.18]
	at org.springframework.boot.sql.init.AbstractScriptDatabaseInitializer.isEnabled(AbstractScriptDatabaseInitializer.java:83) ~[spring-boot-2.7.18.jar:2.7.18]
	at org.springframework.boot.sql.init.AbstractScriptDatabaseInitializer.applyScripts(AbstractScriptDatabaseInitializer.java:106) ~[spring-boot-2.7.18.jar:2.7.18]
	at org.springframework.boot.sql.init.AbstractScriptDatabaseInitializer.applyDataScripts(AbstractScriptDatabaseInitializer.java:101) ~[spring-boot-2.7.18.jar:2.7.18]
	at org.springframework.boot.sql.init.AbstractScriptDatabaseInitializer.initializeDatabase(AbstractScriptDatabaseInitializer.java:76) ~[spring-boot-2.7.18.jar:2.7.18]
	at org.springframework.boot.sql.init.AbstractScriptDatabaseInitializer.afterPropertiesSet(AbstractScriptDatabaseInitializer.java:65) ~[spring-boot-2.7.18.jar:2.7.18]
	at org.springframework.beans.factory.support.AbstractAutowireCapableBeanFactory.invokeInitMethods(AbstractAutowireCapableBeanFactory.java:1863) ~[spring-beans-5.3.31.jar:5.3.31]
	at org.springframework.beans.factory.support.AbstractAutowireCapableBeanFactory.initializeBean(AbstractAutowireCapableBeanFactory.java:1800) ~[spring-beans-5.3.31.jar:5.3.31]
	at org.springframework.beans.factory.support.AbstractAutowireCapableBeanFactory.doCreateBean(AbstractAutowireCapableBeanFactory.java:620) ~[spring-beans-5.3.31.jar:5.3.31]
	at org.springframework.beans.factory.support.AbstractAutowireCapableBeanFactory.createBean(AbstractAutowireCapableBeanFactory.java:542) ~[spring-beans-5.3.31.jar:5.3.31]
	at org.springframework.beans.factory.support.AbstractBeanFactory.lambda$doGetBean$0(AbstractBeanFactory.java:335) ~[spring-beans-5.3.31.jar:5.3.31]
	at org.springframework.beans.factory.support.DefaultSingletonBeanRegistry.getSingleton(DefaultSingletonBeanRegistry.java:234) ~[spring-beans-5.3.31.jar:5.3.31]
	at org.springframework.beans.factory.support.AbstractBeanFactory.doGetBean(AbstractBeanFactory.java:333) ~[spring-beans-5.3.31.jar:5.3.31]
	at org.springframework.beans.factory.support.AbstractBeanFactory.getBean(AbstractBeanFactory.java:208) ~[spring-beans-5.3.31.jar:5.3.31]
	at org.springframework.beans.factory.support.AbstractBeanFactory.doGetBean(AbstractBeanFactory.java:322) ~[spring-beans-5.3.31.jar:5.3.31]
	at org.springframework.beans.factory.support.AbstractBeanFactory.getBean(AbstractBeanFactory.java:208) ~[spring-beans-5.3.31.jar:5.3.31]
	at org.springframework.context.support.AbstractApplicationContext.getBean(AbstractApplicationContext.java:1168) ~[spring-context-5.3.31.jar:5.3.31]
	at org.springframework.context.support.AbstractApplicationContext.finishBeanFactoryInitialization(AbstractApplicationContext.java:919) ~[spring-context-5.3.31.jar:5.3.31]
	at org.springframework.context.support.AbstractApplicationContext.refresh(AbstractApplicationContext.java:591) ~[spring-context-5.3.31.jar:5.3.31]
	at org.springframework.boot.web.servlet.context.ServletWebServerApplicationContext.refresh(ServletWebServerApplicationContext.java:147) ~[spring-boot-2.7.18.jar:2.7.18]
	at org.springframework.boot.SpringApplication.refresh(SpringApplication.java:732) ~[spring-boot-2.7.18.jar:2.7.18]
	at org.springframework.boot.SpringApplication.refreshContext(SpringApplication.java:409) ~[spring-boot-2.7.18.jar:2.7.18]
	at org.springframework.boot.SpringApplication.run(SpringApplication.java:308) ~[spring-boot-2.7.18.jar:2.7.18]
	at org.springframework.boot.SpringApplication.run(SpringApplication.java:1300) ~[spring-boot-2.7.18.jar:2.7.18]
	at org.springframework.boot.SpringApplication.run(SpringApplication.java:1289) ~[spring-boot-2.7.18.jar:2.7.18]
	at crm.CrmApplication.main(CrmApplication.java:10) ~[classes/:na]
	at crm.CrmApplicationTest.lambda$testApplicationContextLoads$1(CrmApplicationTest.java:21) ~[test-classes/:na]
	at org.junit.jupiter.api.AssertDoesNotThrow.assertDoesNotThrow(AssertDoesNotThrow.java:49) ~[junit-jupiter-api-5.9.3.jar:5.9.3]
	at org.junit.jupiter.api.AssertDoesNotThrow.assertDoesNotThrow(AssertDoesNotThrow.java:36) ~[junit-jupiter-api-5.9.3.jar:5.9.3]
	at org.junit.jupiter.api.Assertions.assertDoesNotThrow(Assertions.java:3136) ~[junit-jupiter-api-5.9.3.jar:5.9.3]
	at crm.CrmApplicationTest.testApplicationContextLoads(CrmApplicationTest.java:19) ~[test-classes/:na]
	at java.base/jdk.internal.reflect.DirectMethodHandleAccessor.invoke(DirectMethodHandleAccessor.java:103) ~[na:na]
	at java.base/java.lang.reflect.Method.invoke(Method.java:580) ~[na:na]
	at org.junit.platform.commons.util.ReflectionUtils.invokeMethod(ReflectionUtils.java:725) ~[junit-platform-commons-1.8.2.jar:1.8.2]
	at org.junit.jupiter.engine.execution.MethodInvocation.proceed(MethodInvocation.java:60) ~[junit-jupiter-engine-5.9.3.jar:5.9.3]
	at org.junit.jupiter.engine.execution.InvocationInterceptorChain$ValidatingInvocation.proceed(InvocationInterceptorChain.java:131) ~[junit-jupiter-engine-5.9.3.jar:5.9.3]
	at org.junit.jupiter.engine.extension.TimeoutExtension.intercept(TimeoutExtension.java:156) ~[junit-jupiter-engine-5.9.3.jar:5.9.3]
	at org.junit.jupiter.engine.extension.TimeoutExtension.interceptTestableMethod(TimeoutExtension.java:147) ~[junit-jupiter-engine-5.9.3.jar:5.9.3]
	at org.junit.jupiter.engine.extension.TimeoutExtension.interceptTestMethod(TimeoutExtension.java:86) ~[junit-jupiter-engine-5.9.3.jar:5.9.3]
	at org.junit.jupiter.engine.execution.InterceptingExecutableInvoker$ReflectiveInterceptorCall.lambda$ofVoidMethod$0(InterceptingExecutableInvoker.java:103) ~[junit-jupiter-engine-5.9.3.jar:5.9.3]
	at org.junit.jupiter.engine.execution.InterceptingExecutableInvoker.lambda$invoke$0(InterceptingExecutableInvoker.java:93) ~[junit-jupiter-engine-5.9.3.jar:5.9.3]
	at org.junit.jupiter.engine.execution.InvocationInterceptorChain$InterceptedInvocation.proceed(InvocationInterceptorChain.java:106) ~[junit-jupiter-engine-5.9.3.jar:5.9.3]
	at org.junit.jupiter.engine.execution.InvocationInterceptorChain.proceed(InvocationInterceptorChain.java:64) ~[junit-jupiter-engine-5.9.3.jar:5.9.3]
	at org.junit.jupiter.engine.execution.InvocationInterceptorChain.chainAndInvoke(InvocationInterceptorChain.java:45) ~[junit-jupiter-engine-5.9.3.jar:5.9.3]
	at org.junit.jupiter.engine.execution.InvocationInterceptorChain.invoke(InvocationInterceptorChain.java:37) ~[junit-jupiter-engine-5.9.3.jar:5.9.3]
	at org.junit.jupiter.engine.execution.InterceptingExecutableInvoker.invoke(InterceptingExecutableInvoker.java:92) ~[junit-jupiter-engine-5.9.3.jar:5.9.3]
	at org.junit.jupiter.engine.execution.InterceptingExecutableInvoker.invoke(InterceptingExecutableInvoker.java:86) ~[junit-jupiter-engine-5.9.3.jar:5.9.3]
	at org.junit.jupiter.engine.descriptor.TestMethodTestDescriptor.lambda$invokeTestMethod$7(TestMethodTestDescriptor.java:217) ~[junit-jupiter-engine-5.9.3.jar:5.9.3]
	at org.junit.platform.engine.support.hierarchical.ThrowableCollector.execute(ThrowableCollector.java:73) ~[junit-platform-engine-1.8.2.jar:1.8.2]
	at org.junit.jupiter.engine.descriptor.TestMethodTestDescriptor.invokeTestMethod(TestMethodTestDescriptor.java:213) ~[junit-jupiter-engine-5.9.3.jar:5.9.3]
	at org.junit.jupiter.engine.descriptor.TestMethodTestDescriptor.execute(TestMethodTestDescriptor.java:138) ~[junit-jupiter-engine-5.9.3.jar:5.9.3]
	at org.junit.jupiter.engine.descriptor.TestMethodTestDescriptor.execute(TestMethodTestDescriptor.java:68) ~[junit-jupiter-engine-5.9.3.jar:5.9.3]
	at org.junit.platform.engine.support.hierarchical.NodeTestTask.lambda$executeRecursively$6(NodeTestTask.java:151) ~[junit-platform-engine-1.8.2.jar:1.8.2]
	at org.junit.platform.engine.support.hierarchical.ThrowableCollector.execute(ThrowableCollector.java:73) ~[junit-platform-engine-1.8.2.jar:1.8.2]
	at org.junit.platform.engine.support.hierarchical.NodeTestTask.lambda$executeRecursively$8(NodeTestTask.java:141) ~[junit-platform-engine-1.8.2.jar:1.8.2]
	at org.junit.platform.engine.support.hierarchical.Node.around(Node.java:137) ~[junit-platform-engine-1.8.2.jar:1.8.2]
	at org.junit.platform.engine.support.hierarchical.NodeTestTask.lambda$executeRecursively$9(NodeTestTask.java:139) ~[junit-platform-engine-1.8.2.jar:1.8.2]
	at org.junit.platform.engine.support.hierarchical.ThrowableCollector.execute(ThrowableCollector.java:73) ~[junit-platform-engine-1.8.2.jar:1.8.2]
	at org.junit.platform.engine.support.hierarchical.NodeTestTask.executeRecursively(NodeTestTask.java:138) ~[junit-platform-engine-1.8.2.jar:1.8.2]
	at org.junit.platform.engine.support.hierarchical.NodeTestTask.execute(NodeTestTask.java:95) ~[junit-platform-engine-1.8.2.jar:1.8.2]
	at java.base/java.util.ArrayList.forEach(ArrayList.java:1596) ~[na:na]
	at org.junit.platform.engine.support.hierarchical.SameThreadHierarchicalTestExecutorService.invokeAll(SameThreadHierarchicalTestExecutorService.java:41) ~[junit-platform-engine-1.8.2.jar:1.8.2]
	at org.junit.platform.engine.support.hierarchical.NodeTestTask.lambda$executeRecursively$6(NodeTestTask.java:155) ~[junit-platform-engine-1.8.2.jar:1.8.2]
	at org.junit.platform.engine.support.hierarchical.ThrowableCollector.execute(ThrowableCollector.java:73) ~[junit-platform-engine-1.8.2.jar:1.8.2]
	at org.junit.platform.engine.support.hierarchical.NodeTestTask.lambda$executeRecursively$8(NodeTestTask.java:141) ~[junit-platform-engine-1.8.2.jar:1.8.2]
	at org.junit.platform.engine.support.hierarchical.Node.around(Node.java:137) ~[junit-platform-engine-1.8.2.jar:1.8.2]
	at org.junit.platform.engine.support.hierarchical.NodeTestTask.lambda$executeRecursively$9(NodeTestTask.java:139) ~[junit-platform-engine-1.8.2.jar:1.8.2]
	at org.junit.platform.engine.support.hierarchical.ThrowableCollector.execute(ThrowableCollector.java:73) ~[junit-platform-engine-1.8.2.jar:1.8.2]
	at org.junit.platform.engine.support.hierarchical.NodeTestTask.executeRecursively(NodeTestTask.java:138) ~[junit-platform-engine-1.8.2.jar:1.8.2]
	at org.junit.platform.engine.support.hierarchical.NodeTestTask.execute(NodeTestTask.java:95) ~[junit-platform-engine-1.8.2.jar:1.8.2]
	at java.base/java.util.ArrayList.forEach(ArrayList.java:1596) ~[na:na]
	at org.junit.platform.engine.support.hierarchical.SameThreadHierarchicalTestExecutorService.invokeAll(SameThreadHierarchicalTestExecutorService.java:41) ~[junit-platform-engine-1.8.2.jar:1.8.2]
	at org.junit.platform.engine.support.hierarchical.NodeTestTask.lambda$executeRecursively$6(NodeTestTask.java:155) ~[junit-platform-engine-1.8.2.jar:1.8.2]
	at org.junit.platform.engine.support.hierarchical.ThrowableCollector.execute(ThrowableCollector.java:73) ~[junit-platform-engine-1.8.2.jar:1.8.2]
	at org.junit.platform.engine.support.hierarchical.NodeTestTask.lambda$executeRecursively$8(NodeTestTask.java:141) ~[junit-platform-engine-1.8.2.jar:1.8.2]
	at org.junit.platform.engine.support.hierarchical.Node.around(Node.java:137) ~[junit-platform-engine-1.8.2.jar:1.8.2]
	at org.junit.platform.engine.support.hierarchical.NodeTestTask.lambda$executeRecursively$9(NodeTestTask.java:139) ~[junit-platform-engine-1.8.2.jar:1.8.2]
	at org.junit.platform.engine.support.hierarchical.ThrowableCollector.execute(ThrowableCollector.java:73) ~[junit-platform-engine-1.8.2.jar:1.8.2]
	at org.junit.platform.engine.support.hierarchical.NodeTestTask.executeRecursively(NodeTestTask.java:138) ~[junit-platform-engine-1.8.2.jar:1.8.2]
	at org.junit.platform.engine.support.hierarchical.NodeTestTask.execute(NodeTestTask.java:95) ~[junit-platform-engine-1.8.2.jar:1.8.2]
	at org.junit.platform.engine.support.hierarchical.SameThreadHierarchicalTestExecutorService.submit(SameThreadHierarchicalTestExecutorService.java:35) ~[junit-platform-engine-1.8.2.jar:1.8.2]
	at org.junit.platform.engine.support.hierarchical.HierarchicalTestExecutor.execute(HierarchicalTestExecutor.java:57) ~[junit-platform-engine-1.8.2.jar:1.8.2]
	at org.junit.platform.engine.support.hierarchical.HierarchicalTestEngine.execute(HierarchicalTestEngine.java:54) ~[junit-platform-engine-1.8.2.jar:1.8.2]
	at org.junit.platform.launcher.core.DefaultLauncher.execute(DefaultLauncher.java:220) ~[junit-platform-launcher-1.3.1.jar:1.3.1]
	at org.junit.platform.launcher.core.DefaultLauncher.lambda$execute$6(DefaultLauncher.java:188) ~[junit-platform-launcher-1.3.1.jar:1.3.1]
	at org.junit.platform.launcher.core.DefaultLauncher.withInterceptedStreams(DefaultLauncher.java:202) ~[junit-platform-launcher-1.3.1.jar:1.3.1]
	at org.junit.platform.launcher.core.DefaultLauncher.execute(DefaultLauncher.java:181) ~[junit-platform-launcher-1.3.1.jar:1.3.1]
	at org.junit.platform.launcher.core.DefaultLauncher.execute(DefaultLauncher.java:128) ~[junit-platform-launcher-1.3.1.jar:1.3.1]
	at org.apache.maven.surefire.junitplatform.JUnitPlatformProvider.invokeAllTests(JUnitPlatformProvider.java:150) ~[surefire-junit-platform-2.22.2.jar:2.22.2]
	at org.apache.maven.surefire.junitplatform.JUnitPlatformProvider.invoke(JUnitPlatformProvider.java:124) ~[surefire-junit-platform-2.22.2.jar:2.22.2]
	at org.apache.maven.surefire.booter.ForkedBooter.invokeProviderInSameClassLoader(ForkedBooter.java:384) ~[surefire-booter-2.22.2.jar:2.22.2]
	at org.apache.maven.surefire.booter.ForkedBooter.runSuitesInProcess(ForkedBooter.java:345) ~[surefire-booter-2.22.2.jar:2.22.2]
	at org.apache.maven.surefire.booter.ForkedBooter.execute(ForkedBooter.java:126) ~[surefire-booter-2.22.2.jar:2.22.2]
	at org.apache.maven.surefire.booter.ForkedBooter.main(ForkedBooter.java:418) ~[surefire-booter-2.22.2.jar:2.22.2]
Caused by: java.net.ConnectException: Connection refused
	at java.base/sun.nio.ch.Net.pollConnect(Native Method) ~[na:na]
	at java.base/sun.nio.ch.Net.pollConnectNow(Net.java:682) ~[na:na]
	at java.base/sun.nio.ch.NioSocketImpl.timedFinishConnect(NioSocketImpl.java:542) ~[na:na]
	at java.base/sun.nio.ch.NioSocketImpl.connect(NioSocketImpl.java:592) ~[na:na]
	at java.base/java.net.SocksSocketImpl.connect(SocksSocketImpl.java:327) ~[na:na]
	at java.base/java.net.Socket.connect(Socket.java:751) ~[na:na]
	at org.postgresql.core.PGStream.createSocket(PGStream.java:243) ~[postgresql-42.7.1.jar:42.7.1]
	at org.postgresql.core.PGStream.<init>(PGStream.java:98) ~[postgresql-42.7.1.jar:42.7.1]
	at org.postgresql.core.v3.ConnectionFactoryImpl.tryConnect(ConnectionFactoryImpl.java:132) ~[postgresql-42.7.1.jar:42.7.1]
	at org.postgresql.core.v3.ConnectionFactoryImpl.openConnectionImpl(ConnectionFactoryImpl.java:258) ~[postgresql-42.7.1.jar:42.7.1]
	... 110 common frames omitted

2026-02-05 14:26:59.325  INFO 2945 --- [           main] o.hibernate.jpa.internal.util.LogHelper  : HHH000204: Processing PersistenceUnitInfo [name: default]
2026-02-05 14:26:59.329  INFO 2945 --- [           main] com.zaxxer.hikari.HikariDataSource       : HikariPool-4 - Starting...
2026-02-05 14:27:00.331 ERROR 2945 --- [           main] com.zaxxer.hikari.pool.HikariPool        : HikariPool-4 - Exception during pool initialization.

org.postgresql.util.PSQLException: Connection to localhost:5432 refused. Check that the hostname and port are correct and that the postmaster is accepting TCP/IP connections.
	at org.postgresql.core.v3.ConnectionFactoryImpl.openConnectionImpl(ConnectionFactoryImpl.java:342) ~[postgresql-42.7.1.jar:42.7.1]
	at org.postgresql.core.ConnectionFactory.openConnection(ConnectionFactory.java:54) ~[postgresql-42.7.1.jar:42.7.1]
	at org.postgresql.jdbc.PgConnection.<init>(PgConnection.java:263) ~[postgresql-42.7.1.jar:42.7.1]
	at org.postgresql.Driver.makeConnection(Driver.java:444) ~[postgresql-42.7.1.jar:42.7.1]
	at org.postgresql.Driver.connect(Driver.java:297) ~[postgresql-42.7.1.jar:42.7.1]
	at com.zaxxer.hikari.util.DriverDataSource.getConnection(DriverDataSource.java:138) ~[HikariCP-4.0.3.jar:na]
	at com.zaxxer.hikari.pool.PoolBase.newConnection(PoolBase.java:364) ~[HikariCP-4.0.3.jar:na]
	at com.zaxxer.hikari.pool.PoolBase.newPoolEntry(PoolBase.java:206) ~[HikariCP-4.0.3.jar:na]
	at com.zaxxer.hikari.pool.HikariPool.createPoolEntry(HikariPool.java:476) ~[HikariCP-4.0.3.jar:na]
	at com.zaxxer.hikari.pool.HikariPool.checkFailFast(HikariPool.java:561) ~[HikariCP-4.0.3.jar:na]
	at com.zaxxer.hikari.pool.HikariPool.<init>(HikariPool.java:115) ~[HikariCP-4.0.3.jar:na]
	at com.zaxxer.hikari.HikariDataSource.getConnection(HikariDataSource.java:112) ~[HikariCP-4.0.3.jar:na]
	at org.hibernate.engine.jdbc.connections.internal.DatasourceConnectionProviderImpl.getConnection(DatasourceConnectionProviderImpl.java:122) ~[hibernate-core-5.6.15.Final.jar:5.6.15.Final]
	at org.hibernate.engine.jdbc.env.internal.JdbcEnvironmentInitiator$ConnectionProviderJdbcConnectionAccess.obtainConnection(JdbcEnvironmentInitiator.java:181) ~[hibernate-core-5.6.15.Final.jar:5.6.15.Final]
	at org.hibernate.engine.jdbc.env.internal.JdbcEnvironmentInitiator.initiateService(JdbcEnvironmentInitiator.java:68) ~[hibernate-core-5.6.15.Final.jar:5.6.15.Final]
	at org.hibernate.engine.jdbc.env.internal.JdbcEnvironmentInitiator.initiateService(JdbcEnvironmentInitiator.java:35) ~[hibernate-core-5.6.15.Final.jar:5.6.15.Final]
	at org.hibernate.boot.registry.internal.StandardServiceRegistryImpl.initiateService(StandardServiceRegistryImpl.java:101) ~[hibernate-core-5.6.15.Final.jar:5.6.15.Final]
	at org.hibernate.service.internal.AbstractServiceRegistryImpl.createService(AbstractServiceRegistryImpl.java:272) ~[hibernate-core-5.6.15.Final.jar:5.6.15.Final]
	at org.hibernate.service.internal.AbstractServiceRegistryImpl.initializeService(AbstractServiceRegistryImpl.java:246) ~[hibernate-core-5.6.15.Final.jar:5.6.15.Final]
	at org.hibernate.service.internal.AbstractServiceRegistryImpl.getService(AbstractServiceRegistryImpl.java:223) ~[hibernate-core-5.6.15.Final.jar:5.6.15.Final]
	at org.hibernate.id.factory.internal.DefaultIdentifierGeneratorFactory.injectServices(DefaultIdentifierGeneratorFactory.java:175) ~[hibernate-core-5.6.15.Final.jar:5.6.15.Final]
	at org.hibernate.service.internal.AbstractServiceRegistryImpl.injectDependencies(AbstractServiceRegistryImpl.java:295) ~[hibernate-core-5.6.15.Final.jar:5.6.15.Final]
	at org.hibernate.service.internal.AbstractServiceRegistryImpl.initializeService(AbstractServiceRegistryImpl.java:252) ~[hibernate-core-5.6.15.Final.jar:5.6.15.Final]
	at org.hibernate.service.internal.AbstractServiceRegistryImpl.getService(AbstractServiceRegistryImpl.java:223) ~[hibernate-core-5.6.15.Final.jar:5.6.15.Final]
	at org.hibernate.boot.internal.InFlightMetadataCollectorImpl.<init>(InFlightMetadataCollectorImpl.java:173) ~[hibernate-core-5.6.15.Final.jar:5.6.15.Final]
	at org.hibernate.boot.model.process.spi.MetadataBuildingProcess.complete(MetadataBuildingProcess.java:127) ~[hibernate-core-5.6.15.Final.jar:5.6.15.Final]
	at org.hibernate.jpa.boot.internal.EntityManagerFactoryBuilderImpl.metadata(EntityManagerFactoryBuilderImpl.java:1460) ~[hibernate-core-5.6.15.Final.jar:5.6.15.Final]
	at org.hibernate.jpa.boot.internal.EntityManagerFactoryBuilderImpl.build(EntityManagerFactoryBuilderImpl.java:1494) ~[hibernate-core-5.6.15.Final.jar:5.6.15.Final]
	at org.springframework.orm.jpa.vendor.SpringHibernateJpaPersistenceProvider.createContainerEntityManagerFactory(SpringHibernateJpaPersistenceProvider.java:58) ~[spring-orm-5.3.31.jar:5.3.31]
	at org.springframework.orm.jpa.LocalContainerEntityManagerFactoryBean.createNativeEntityManagerFactory(LocalContainerEntityManagerFactoryBean.java:365) ~[spring-orm-5.3.31.jar:5.3.31]
	at org.springframework.orm.jpa.AbstractEntityManagerFactoryBean.buildNativeEntityManagerFactory(AbstractEntityManagerFactoryBean.java:409) ~[spring-orm-5.3.31.jar:5.3.31]
	at org.springframework.orm.jpa.AbstractEntityManagerFactoryBean.afterPropertiesSet(AbstractEntityManagerFactoryBean.java:396) ~[spring-orm-5.3.31.jar:5.3.31]
	at org.springframework.orm.jpa.LocalContainerEntityManagerFactoryBean.afterPropertiesSet(LocalContainerEntityManagerFactoryBean.java:341) ~[spring-orm-5.3.31.jar:5.3.31]
	at org.springframework.beans.factory.support.AbstractAutowireCapableBeanFactory.invokeInitMethods(AbstractAutowireCapableBeanFactory.java:1863) ~[spring-beans-5.3.31.jar:5.3.31]
	at org.springframework.beans.factory.support.AbstractAutowireCapableBeanFactory.initializeBean(AbstractAutowireCapableBeanFactory.java:1800) ~[spring-beans-5.3.31.jar:5.3.31]
	at org.springframework.beans.factory.support.AbstractAutowireCapableBeanFactory.doCreateBean(AbstractAutowireCapableBeanFactory.java:620) ~[spring-beans-5.3.31.jar:5.3.31]
	at org.springframework.beans.factory.support.AbstractAutowireCapableBeanFactory.createBean(AbstractAutowireCapableBeanFactory.java:542) ~[spring-beans-5.3.31.jar:5.3.31]
	at org.springframework.beans.factory.support.AbstractBeanFactory.lambda$doGetBean$0(AbstractBeanFactory.java:335) ~[spring-beans-5.3.31.jar:5.3.31]
	at org.springframework.beans.factory.support.DefaultSingletonBeanRegistry.getSingleton(DefaultSingletonBeanRegistry.java:234) ~[spring-beans-5.3.31.jar:5.3.31]
	at org.springframework.beans.factory.support.AbstractBeanFactory.doGetBean(AbstractBeanFactory.java:333) ~[spring-beans-5.3.31.jar:5.3.31]
	at org.springframework.beans.factory.support.AbstractBeanFactory.getBean(AbstractBeanFactory.java:208) ~[spring-beans-5.3.31.jar:5.3.31]
	at org.springframework.context.support.AbstractApplicationContext.getBean(AbstractApplicationContext.java:1168) ~[spring-context-5.3.31.jar:5.3.31]
	at org.springframework.context.support.AbstractApplicationContext.finishBeanFactoryInitialization(AbstractApplicationContext.java:919) ~[spring-context-5.3.31.jar:5.3.31]
	at org.springframework.context.support.AbstractApplicationContext.refresh(AbstractApplicationContext.java:591) ~[spring-context-5.3.31.jar:5.3.31]
	at org.springframework.boot.web.servlet.context.ServletWebServerApplicationContext.refresh(ServletWebServerApplicationContext.java:147) ~[spring-boot-2.7.18.jar:2.7.18]
	at org.springframework.boot.SpringApplication.refresh(SpringApplication.java:732) ~[spring-boot-2.7.18.jar:2.7.18]
	at org.springframework.boot.SpringApplication.refreshContext(SpringApplication.java:409) ~[spring-boot-2.7.18.jar:2.7.18]
	at org.springframework.boot.SpringApplication.run(SpringApplication.java:308) ~[spring-boot-2.7.18.jar:2.7.18]
	at org.springframework.boot.SpringApplication.run(SpringApplication.java:1300) ~[spring-boot-2.7.18.jar:2.7.18]
	at org.springframework.boot.SpringApplication.run(SpringApplication.java:1289) ~[spring-boot-2.7.18.jar:2.7.18]
	at crm.CrmApplication.main(CrmApplication.java:10) ~[classes/:na]
	at crm.CrmApplicationTest.lambda$testApplicationContextLoads$1(CrmApplicationTest.java:21) ~[test-classes/:na]
	at org.junit.jupiter.api.AssertDoesNotThrow.assertDoesNotThrow(AssertDoesNotThrow.java:49) ~[junit-jupiter-api-5.9.3.jar:5.9.3]
	at org.junit.jupiter.api.AssertDoesNotThrow.assertDoesNotThrow(AssertDoesNotThrow.java:36) ~[junit-jupiter-api-5.9.3.jar:5.9.3]
	at org.junit.jupiter.api.Assertions.assertDoesNotThrow(Assertions.java:3136) ~[junit-jupiter-api-5.9.3.jar:5.9.3]
	at crm.CrmApplicationTest.testApplicationContextLoads(CrmApplicationTest.java:19) ~[test-classes/:na]
	at java.base/jdk.internal.reflect.DirectMethodHandleAccessor.invoke(DirectMethodHandleAccessor.java:103) ~[na:na]
	at java.base/java.lang.reflect.Method.invoke(Method.java:580) ~[na:na]
	at org.junit.platform.commons.util.ReflectionUtils.invokeMethod(ReflectionUtils.java:725) ~[junit-platform-commons-1.8.2.jar:1.8.2]
	at org.junit.jupiter.engine.execution.MethodInvocation.proceed(MethodInvocation.java:60) ~[junit-jupiter-engine-5.9.3.jar:5.9.3]
	at org.junit.jupiter.engine.execution.InvocationInterceptorChain$ValidatingInvocation.proceed(InvocationInterceptorChain.java:131) ~[junit-jupiter-engine-5.9.3.jar:5.9.3]
	at org.junit.jupiter.engine.extension.TimeoutExtension.intercept(TimeoutExtension.java:156) ~[junit-jupiter-engine-5.9.3.jar:5.9.3]
	at org.junit.jupiter.engine.extension.TimeoutExtension.interceptTestableMethod(TimeoutExtension.java:147) ~[junit-jupiter-engine-5.9.3.jar:5.9.3]
	at org.junit.jupiter.engine.extension.TimeoutExtension.interceptTestMethod(TimeoutExtension.java:86) ~[junit-jupiter-engine-5.9.3.jar:5.9.3]
	at org.junit.jupiter.engine.execution.InterceptingExecutableInvoker$ReflectiveInterceptorCall.lambda$ofVoidMethod$0(InterceptingExecutableInvoker.java:103) ~[junit-jupiter-engine-5.9.3.jar:5.9.3]
	at org.junit.jupiter.engine.execution.InterceptingExecutableInvoker.lambda$invoke$0(InterceptingExecutableInvoker.java:93) ~[junit-jupiter-engine-5.9.3.jar:5.9.3]
	at org.junit.jupiter.engine.execution.InvocationInterceptorChain$InterceptedInvocation.proceed(InvocationInterceptorChain.java:106) ~[junit-jupiter-engine-5.9.3.jar:5.9.3]
	at org.junit.jupiter.engine.execution.InvocationInterceptorChain.proceed(InvocationInterceptorChain.java:64) ~[junit-jupiter-engine-5.9.3.jar:5.9.3]
	at org.junit.jupiter.engine.execution.InvocationInterceptorChain.chainAndInvoke(InvocationInterceptorChain.java:45) ~[junit-jupiter-engine-5.9.3.jar:5.9.3]
	at org.junit.jupiter.engine.execution.InvocationInterceptorChain.invoke(InvocationInterceptorChain.java:37) ~[junit-jupiter-engine-5.9.3.jar:5.9.3]
	at org.junit.jupiter.engine.execution.InterceptingExecutableInvoker.invoke(InterceptingExecutableInvoker.java:92) ~[junit-jupiter-engine-5.9.3.jar:5.9.3]
	at org.junit.jupiter.engine.execution.InterceptingExecutableInvoker.invoke(InterceptingExecutableInvoker.java:86) ~[junit-jupiter-engine-5.9.3.jar:5.9.3]
	at org.junit.jupiter.engine.descriptor.TestMethodTestDescriptor.lambda$invokeTestMethod$7(TestMethodTestDescriptor.java:217) ~[junit-jupiter-engine-5.9.3.jar:5.9.3]
	at org.junit.platform.engine.support.hierarchical.ThrowableCollector.execute(ThrowableCollector.java:73) ~[junit-platform-engine-1.8.2.jar:1.8.2]
	at org.junit.jupiter.engine.descriptor.TestMethodTestDescriptor.invokeTestMethod(TestMethodTestDescriptor.java:213) ~[junit-jupiter-engine-5.9.3.jar:5.9.3]
	at org.junit.jupiter.engine.descriptor.TestMethodTestDescriptor.execute(TestMethodTestDescriptor.java:138) ~[junit-jupiter-engine-5.9.3.jar:5.9.3]
	at org.junit.jupiter.engine.descriptor.TestMethodTestDescriptor.execute(TestMethodTestDescriptor.java:68) ~[junit-jupiter-engine-5.9.3.jar:5.9.3]
	at org.junit.platform.engine.support.hierarchical.NodeTestTask.lambda$executeRecursively$6(NodeTestTask.java:151) ~[junit-platform-engine-1.8.2.jar:1.8.2]
	at org.junit.platform.engine.support.hierarchical.ThrowableCollector.execute(ThrowableCollector.java:73) ~[junit-platform-engine-1.8.2.jar:1.8.2]
	at org.junit.platform.engine.support.hierarchical.NodeTestTask.lambda$executeRecursively$8(NodeTestTask.java:141) ~[junit-platform-engine-1.8.2.jar:1.8.2]
	at org.junit.platform.engine.support.hierarchical.Node.around(Node.java:137) ~[junit-platform-engine-1.8.2.jar:1.8.2]
	at org.junit.platform.engine.support.hierarchical.NodeTestTask.lambda$executeRecursively$9(NodeTestTask.java:139) ~[junit-platform-engine-1.8.2.jar:1.8.2]
	at org.junit.platform.engine.support.hierarchical.ThrowableCollector.execute(ThrowableCollector.java:73) ~[junit-platform-engine-1.8.2.jar:1.8.2]
	at org.junit.platform.engine.support.hierarchical.NodeTestTask.executeRecursively(NodeTestTask.java:138) ~[junit-platform-engine-1.8.2.jar:1.8.2]
	at org.junit.platform.engine.support.hierarchical.NodeTestTask.execute(NodeTestTask.java:95) ~[junit-platform-engine-1.8.2.jar:1.8.2]
	at java.base/java.util.ArrayList.forEach(ArrayList.java:1596) ~[na:na]
	at org.junit.platform.engine.support.hierarchical.SameThreadHierarchicalTestExecutorService.invokeAll(SameThreadHierarchicalTestExecutorService.java:41) ~[junit-platform-engine-1.8.2.jar:1.8.2]
	at org.junit.platform.engine.support.hierarchical.NodeTestTask.lambda$executeRecursively$6(NodeTestTask.java:155) ~[junit-platform-engine-1.8.2.jar:1.8.2]
	at org.junit.platform.engine.support.hierarchical.ThrowableCollector.execute(ThrowableCollector.java:73) ~[junit-platform-engine-1.8.2.jar:1.8.2]
	at org.junit.platform.engine.support.hierarchical.NodeTestTask.lambda$executeRecursively$8(NodeTestTask.java:141) ~[junit-platform-engine-1.8.2.jar:1.8.2]
	at org.junit.platform.engine.support.hierarchical.Node.around(Node.java:137) ~[junit-platform-engine-1.8.2.jar:1.8.2]
	at org.junit.platform.engine.support.hierarchical.NodeTestTask.lambda$executeRecursively$9(NodeTestTask.java:139) ~[junit-platform-engine-1.8.2.jar:1.8.2]
	at org.junit.platform.engine.support.hierarchical.ThrowableCollector.execute(ThrowableCollector.java:73) ~[junit-platform-engine-1.8.2.jar:1.8.2]
	at org.junit.platform.engine.support.hierarchical.NodeTestTask.executeRecursively(NodeTestTask.java:138) ~[junit-platform-engine-1.8.2.jar:1.8.2]
	at org.junit.platform.engine.support.hierarchical.NodeTestTask.execute(NodeTestTask.java:95) ~[junit-platform-engine-1.8.2.jar:1.8.2]
	at java.base/java.util.ArrayList.forEach(ArrayList.java:1596) ~[na:na]
	at org.junit.platform.engine.support.hierarchical.SameThreadHierarchicalTestExecutorService.invokeAll(SameThreadHierarchicalTestExecutorService.java:41) ~[junit-platform-engine-1.8.2.jar:1.8.2]
	at org.junit.platform.engine.support.hierarchical.NodeTestTask.lambda$executeRecursively$6(NodeTestTask.java:155) ~[junit-platform-engine-1.8.2.jar:1.8.2]
	at org.junit.platform.engine.support.hierarchical.ThrowableCollector.execute(ThrowableCollector.java:73) ~[junit-platform-engine-1.8.2.jar:1.8.2]
	at org.junit.platform.engine.support.hierarchical.NodeTestTask.lambda$executeRecursively$8(NodeTestTask.java:141) ~[junit-platform-engine-1.8.2.jar:1.8.2]
	at org.junit.platform.engine.support.hierarchical.Node.around(Node.java:137) ~[junit-platform-engine-1.8.2.jar:1.8.2]
	at org.junit.platform.engine.support.hierarchical.NodeTestTask.lambda$executeRecursively$9(NodeTestTask.java:139) ~[junit-platform-engine-1.8.2.jar:1.8.2]
	at org.junit.platform.engine.support.hierarchical.ThrowableCollector.execute(ThrowableCollector.java:73) ~[junit-platform-engine-1.8.2.jar:1.8.2]
	at org.junit.platform.engine.support.hierarchical.NodeTestTask.executeRecursively(NodeTestTask.java:138) ~[junit-platform-engine-1.8.2.jar:1.8.2]
	at org.junit.platform.engine.support.hierarchical.NodeTestTask.execute(NodeTestTask.java:95) ~[junit-platform-engine-1.8.2.jar:1.8.2]
	at org.junit.platform.engine.support.hierarchical.SameThreadHierarchicalTestExecutorService.submit(SameThreadHierarchicalTestExecutorService.java:35) ~[junit-platform-engine-1.8.2.jar:1.8.2]
	at org.junit.platform.engine.support.hierarchical.HierarchicalTestExecutor.execute(HierarchicalTestExecutor.java:57) ~[junit-platform-engine-1.8.2.jar:1.8.2]
	at org.junit.platform.engine.support.hierarchical.HierarchicalTestEngine.execute(HierarchicalTestEngine.java:54) ~[junit-platform-engine-1.8.2.jar:1.8.2]
	at org.junit.platform.launcher.core.DefaultLauncher.execute(DefaultLauncher.java:220) ~[junit-platform-launcher-1.3.1.jar:1.3.1]
	at org.junit.platform.launcher.core.DefaultLauncher.lambda$execute$6(DefaultLauncher.java:188) ~[junit-platform-launcher-1.3.1.jar:1.3.1]
	at org.junit.platform.launcher.core.DefaultLauncher.withInterceptedStreams(DefaultLauncher.java:202) ~[junit-platform-launcher-1.3.1.jar:1.3.1]
	at org.junit.platform.launcher.core.DefaultLauncher.execute(DefaultLauncher.java:181) ~[junit-platform-launcher-1.3.1.jar:1.3.1]
	at org.junit.platform.launcher.core.DefaultLauncher.execute(DefaultLauncher.java:128) ~[junit-platform-launcher-1.3.1.jar:1.3.1]
	at org.apache.maven.surefire.junitplatform.JUnitPlatformProvider.invokeAllTests(JUnitPlatformProvider.java:150) ~[surefire-junit-platform-2.22.2.jar:2.22.2]
	at org.apache.maven.surefire.junitplatform.JUnitPlatformProvider.invoke(JUnitPlatformProvider.java:124) ~[surefire-junit-platform-2.22.2.jar:2.22.2]
	at org.apache.maven.surefire.booter.ForkedBooter.invokeProviderInSameClassLoader(ForkedBooter.java:384) ~[surefire-booter-2.22.2.jar:2.22.2]
	at org.apache.maven.surefire.booter.ForkedBooter.runSuitesInProcess(ForkedBooter.java:345) ~[surefire-booter-2.22.2.jar:2.22.2]
	at org.apache.maven.surefire.booter.ForkedBooter.execute(ForkedBooter.java:126) ~[surefire-booter-2.22.2.jar:2.22.2]
	at org.apache.maven.surefire.booter.ForkedBooter.main(ForkedBooter.java:418) ~[surefire-booter-2.22.2.jar:2.22.2]
Caused by: java.net.ConnectException: Connection refused
	at java.base/sun.nio.ch.Net.pollConnect(Native Method) ~[na:na]
	at java.base/sun.nio.ch.Net.pollConnectNow(Net.java:682) ~[na:na]
	at java.base/sun.nio.ch.NioSocketImpl.timedFinishConnect(NioSocketImpl.java:542) ~[na:na]
	at java.base/sun.nio.ch.NioSocketImpl.connect(NioSocketImpl.java:592) ~[na:na]
	at java.base/java.net.SocksSocketImpl.connect(SocksSocketImpl.java:327) ~[na:na]
	at java.base/java.net.Socket.connect(Socket.java:751) ~[na:na]
	at org.postgresql.core.PGStream.createSocket(PGStream.java:243) ~[postgresql-42.7.1.jar:42.7.1]
	at org.postgresql.core.PGStream.<init>(PGStream.java:98) ~[postgresql-42.7.1.jar:42.7.1]
	at org.postgresql.core.v3.ConnectionFactoryImpl.tryConnect(ConnectionFactoryImpl.java:132) ~[postgresql-42.7.1.jar:42.7.1]
	at org.postgresql.core.v3.ConnectionFactoryImpl.openConnectionImpl(ConnectionFactoryImpl.java:258) ~[postgresql-42.7.1.jar:42.7.1]
	... 118 common frames omitted

2026-02-05 14:27:00.332  WARN 2945 --- [           main] o.h.e.j.e.i.JdbcEnvironmentInitiator     : HHH000342: Could not obtain connection to query metadata

org.postgresql.util.PSQLException: Connection to localhost:5432 refused. Check that the hostname and port are correct and that the postmaster is accepting TCP/IP connections.
	at org.postgresql.core.v3.ConnectionFactoryImpl.openConnectionImpl(ConnectionFactoryImpl.java:342) ~[postgresql-42.7.1.jar:42.7.1]
	at org.postgresql.core.ConnectionFactory.openConnection(ConnectionFactory.java:54) ~[postgresql-42.7.1.jar:42.7.1]
	at org.postgresql.jdbc.PgConnection.<init>(PgConnection.java:263) ~[postgresql-42.7.1.jar:42.7.1]
	at org.postgresql.Driver.makeConnection(Driver.java:444) ~[postgresql-42.7.1.jar:42.7.1]
	at org.postgresql.Driver.connect(Driver.java:297) ~[postgresql-42.7.1.jar:42.7.1]
	at com.zaxxer.hikari.util.DriverDataSource.getConnection(DriverDataSource.java:138) ~[HikariCP-4.0.3.jar:na]
	at com.zaxxer.hikari.pool.PoolBase.newConnection(PoolBase.java:364) ~[HikariCP-4.0.3.jar:na]
	at com.zaxxer.hikari.pool.PoolBase.newPoolEntry(PoolBase.java:206) ~[HikariCP-4.0.3.jar:na]
	at com.zaxxer.hikari.pool.HikariPool.createPoolEntry(HikariPool.java:476) ~[HikariCP-4.0.3.jar:na]
	at com.zaxxer.hikari.pool.HikariPool.checkFailFast(HikariPool.java:561) ~[HikariCP-4.0.3.jar:na]
	at com.zaxxer.hikari.pool.HikariPool.<init>(HikariPool.java:115) ~[HikariCP-4.0.3.jar:na]
	at com.zaxxer.hikari.HikariDataSource.getConnection(HikariDataSource.java:112) ~[HikariCP-4.0.3.jar:na]
	at org.hibernate.engine.jdbc.connections.internal.DatasourceConnectionProviderImpl.getConnection(DatasourceConnectionProviderImpl.java:122) ~[hibernate-core-5.6.15.Final.jar:5.6.15.Final]
	at org.hibernate.engine.jdbc.env.internal.JdbcEnvironmentInitiator$ConnectionProviderJdbcConnectionAccess.obtainConnection(JdbcEnvironmentInitiator.java:181) ~[hibernate-core-5.6.15.Final.jar:5.6.15.Final]
	at org.hibernate.engine.jdbc.env.internal.JdbcEnvironmentInitiator.initiateService(JdbcEnvironmentInitiator.java:68) ~[hibernate-core-5.6.15.Final.jar:5.6.15.Final]
	at org.hibernate.engine.jdbc.env.internal.JdbcEnvironmentInitiator.initiateService(JdbcEnvironmentInitiator.java:35) ~[hibernate-core-5.6.15.Final.jar:5.6.15.Final]
	at org.hibernate.boot.registry.internal.StandardServiceRegistryImpl.initiateService(StandardServiceRegistryImpl.java:101) ~[hibernate-core-5.6.15.Final.jar:5.6.15.Final]
	at org.hibernate.service.internal.AbstractServiceRegistryImpl.createService(AbstractServiceRegistryImpl.java:272) ~[hibernate-core-5.6.15.Final.jar:5.6.15.Final]
	at org.hibernate.service.internal.AbstractServiceRegistryImpl.initializeService(AbstractServiceRegistryImpl.java:246) ~[hibernate-core-5.6.15.Final.jar:5.6.15.Final]
	at org.hibernate.service.internal.AbstractServiceRegistryImpl.getService(AbstractServiceRegistryImpl.java:223) ~[hibernate-core-5.6.15.Final.jar:5.6.15.Final]
	at org.hibernate.id.factory.internal.DefaultIdentifierGeneratorFactory.injectServices(DefaultIdentifierGeneratorFactory.java:175) ~[hibernate-core-5.6.15.Final.jar:5.6.15.Final]
	at org.hibernate.service.internal.AbstractServiceRegistryImpl.injectDependencies(AbstractServiceRegistryImpl.java:295) ~[hibernate-core-5.6.15.Final.jar:5.6.15.Final]
	at org.hibernate.service.internal.AbstractServiceRegistryImpl.initializeService(AbstractServiceRegistryImpl.java:252) ~[hibernate-core-5.6.15.Final.jar:5.6.15.Final]
	at org.hibernate.service.internal.AbstractServiceRegistryImpl.getService(AbstractServiceRegistryImpl.java:223) ~[hibernate-core-5.6.15.Final.jar:5.6.15.Final]
	at org.hibernate.boot.internal.InFlightMetadataCollectorImpl.<init>(InFlightMetadataCollectorImpl.java:173) ~[hibernate-core-5.6.15.Final.jar:5.6.15.Final]
	at org.hibernate.boot.model.process.spi.MetadataBuildingProcess.complete(MetadataBuildingProcess.java:127) ~[hibernate-core-5.6.15.Final.jar:5.6.15.Final]
	at org.hibernate.jpa.boot.internal.EntityManagerFactoryBuilderImpl.metadata(EntityManagerFactoryBuilderImpl.java:1460) ~[hibernate-core-5.6.15.Final.jar:5.6.15.Final]
	at org.hibernate.jpa.boot.internal.EntityManagerFactoryBuilderImpl.build(EntityManagerFactoryBuilderImpl.java:1494) ~[hibernate-core-5.6.15.Final.jar:5.6.15.Final]
	at org.springframework.orm.jpa.vendor.SpringHibernateJpaPersistenceProvider.createContainerEntityManagerFactory(SpringHibernateJpaPersistenceProvider.java:58) ~[spring-orm-5.3.31.jar:5.3.31]
	at org.springframework.orm.jpa.LocalContainerEntityManagerFactoryBean.createNativeEntityManagerFactory(LocalContainerEntityManagerFactoryBean.java:365) ~[spring-orm-5.3.31.jar:5.3.31]
	at org.springframework.orm.jpa.AbstractEntityManagerFactoryBean.buildNativeEntityManagerFactory(AbstractEntityManagerFactoryBean.java:409) ~[spring-orm-5.3.31.jar:5.3.31]
	at org.springframework.orm.jpa.AbstractEntityManagerFactoryBean.afterPropertiesSet(AbstractEntityManagerFactoryBean.java:396) ~[spring-orm-5.3.31.jar:5.3.31]
	at org.springframework.orm.jpa.LocalContainerEntityManagerFactoryBean.afterPropertiesSet(LocalContainerEntityManagerFactoryBean.java:341) ~[spring-orm-5.3.31.jar:5.3.31]
	at org.springframework.beans.factory.support.AbstractAutowireCapableBeanFactory.invokeInitMethods(AbstractAutowireCapableBeanFactory.java:1863) ~[spring-beans-5.3.31.jar:5.3.31]
	at org.springframework.beans.factory.support.AbstractAutowireCapableBeanFactory.initializeBean(AbstractAutowireCapableBeanFactory.java:1800) ~[spring-beans-5.3.31.jar:5.3.31]
	at org.springframework.beans.factory.support.AbstractAutowireCapableBeanFactory.doCreateBean(AbstractAutowireCapableBeanFactory.java:620) ~[spring-beans-5.3.31.jar:5.3.31]
	at org.springframework.beans.factory.support.AbstractAutowireCapableBeanFactory.createBean(AbstractAutowireCapableBeanFactory.java:542) ~[spring-beans-5.3.31.jar:5.3.31]
	at org.springframework.beans.factory.support.AbstractBeanFactory.lambda$doGetBean$0(AbstractBeanFactory.java:335) ~[spring-beans-5.3.31.jar:5.3.31]
	at org.springframework.beans.factory.support.DefaultSingletonBeanRegistry.getSingleton(DefaultSingletonBeanRegistry.java:234) ~[spring-beans-5.3.31.jar:5.3.31]
	at org.springframework.beans.factory.support.AbstractBeanFactory.doGetBean(AbstractBeanFactory.java:333) ~[spring-beans-5.3.31.jar:5.3.31]
	at org.springframework.beans.factory.support.AbstractBeanFactory.getBean(AbstractBeanFactory.java:208) ~[spring-beans-5.3.31.jar:5.3.31]
	at org.springframework.context.support.AbstractApplicationContext.getBean(AbstractApplicationContext.java:1168) ~[spring-context-5.3.31.jar:5.3.31]
	at org.springframework.context.support.AbstractApplicationContext.finishBeanFactoryInitialization(AbstractApplicationContext.java:919) ~[spring-context-5.3.31.jar:5.3.31]
	at org.springframework.context.support.AbstractApplicationContext.refresh(AbstractApplicationContext.java:591) ~[spring-context-5.3.31.jar:5.3.31]
	at org.springframework.boot.web.servlet.context.ServletWebServerApplicationContext.refresh(ServletWebServerApplicationContext.java:147) ~[spring-boot-2.7.18.jar:2.7.18]
	at org.springframework.boot.SpringApplication.refresh(SpringApplication.java:732) ~[spring-boot-2.7.18.jar:2.7.18]
	at org.springframework.boot.SpringApplication.refreshContext(SpringApplication.java:409) ~[spring-boot-2.7.18.jar:2.7.18]
	at org.springframework.boot.SpringApplication.run(SpringApplication.java:308) ~[spring-boot-2.7.18.jar:2.7.18]
	at org.springframework.boot.SpringApplication.run(SpringApplication.java:1300) ~[spring-boot-2.7.18.jar:2.7.18]
	at org.springframework.boot.SpringApplication.run(SpringApplication.java:1289) ~[spring-boot-2.7.18.jar:2.7.18]
	at crm.CrmApplication.main(CrmApplication.java:10) ~[classes/:na]
	at crm.CrmApplicationTest.lambda$testApplicationContextLoads$1(CrmApplicationTest.java:21) ~[test-classes/:na]
	at org.junit.jupiter.api.AssertDoesNotThrow.assertDoesNotThrow(AssertDoesNotThrow.java:49) ~[junit-jupiter-api-5.9.3.jar:5.9.3]
	at org.junit.jupiter.api.AssertDoesNotThrow.assertDoesNotThrow(AssertDoesNotThrow.java:36) ~[junit-jupiter-api-5.9.3.jar:5.9.3]
	at org.junit.jupiter.api.Assertions.assertDoesNotThrow(Assertions.java:3136) ~[junit-jupiter-api-5.9.3.jar:5.9.3]
	at crm.CrmApplicationTest.testApplicationContextLoads(CrmApplicationTest.java:19) ~[test-classes/:na]
	at java.base/jdk.internal.reflect.DirectMethodHandleAccessor.invoke(DirectMethodHandleAccessor.java:103) ~[na:na]
	at java.base/java.lang.reflect.Method.invoke(Method.java:580) ~[na:na]
	at org.junit.platform.commons.util.ReflectionUtils.invokeMethod(ReflectionUtils.java:725) ~[junit-platform-commons-1.8.2.jar:1.8.2]
	at org.junit.jupiter.engine.execution.MethodInvocation.proceed(MethodInvocation.java:60) ~[junit-jupiter-engine-5.9.3.jar:5.9.3]
	at org.junit.jupiter.engine.execution.InvocationInterceptorChain$ValidatingInvocation.proceed(InvocationInterceptorChain.java:131) ~[junit-jupiter-engine-5.9.3.jar:5.9.3]
	at org.junit.jupiter.engine.extension.TimeoutExtension.intercept(TimeoutExtension.java:156) ~[junit-jupiter-engine-5.9.3.jar:5.9.3]
	at org.junit.jupiter.engine.extension.TimeoutExtension.interceptTestableMethod(TimeoutExtension.java:147) ~[junit-jupiter-engine-5.9.3.jar:5.9.3]
	at org.junit.jupiter.engine.extension.TimeoutExtension.interceptTestMethod(TimeoutExtension.java:86) ~[junit-jupiter-engine-5.9.3.jar:5.9.3]
	at org.junit.jupiter.engine.execution.InterceptingExecutableInvoker$ReflectiveInterceptorCall.lambda$ofVoidMethod$0(InterceptingExecutableInvoker.java:103) ~[junit-jupiter-engine-5.9.3.jar:5.9.3]
	at org.junit.jupiter.engine.execution.InterceptingExecutableInvoker.lambda$invoke$0(InterceptingExecutableInvoker.java:93) ~[junit-jupiter-engine-5.9.3.jar:5.9.3]
	at org.junit.jupiter.engine.execution.InvocationInterceptorChain$InterceptedInvocation.proceed(InvocationInterceptorChain.java:106) ~[junit-jupiter-engine-5.9.3.jar:5.9.3]
	at org.junit.jupiter.engine.execution.InvocationInterceptorChain.proceed(InvocationInterceptorChain.java:64) ~[junit-jupiter-engine-5.9.3.jar:5.9.3]
	at org.junit.jupiter.engine.execution.InvocationInterceptorChain.chainAndInvoke(InvocationInterceptorChain.java:45) ~[junit-jupiter-engine-5.9.3.jar:5.9.3]
	at org.junit.jupiter.engine.execution.InvocationInterceptorChain.invoke(InvocationInterceptorChain.java:37) ~[junit-jupiter-engine-5.9.3.jar:5.9.3]
	at org.junit.jupiter.engine.execution.InterceptingExecutableInvoker.invoke(InterceptingExecutableInvoker.java:92) ~[junit-jupiter-engine-5.9.3.jar:5.9.3]
	at org.junit.jupiter.engine.execution.InterceptingExecutableInvoker.invoke(InterceptingExecutableInvoker.java:86) ~[junit-jupiter-engine-5.9.3.jar:5.9.3]
	at org.junit.jupiter.engine.descriptor.TestMethodTestDescriptor.lambda$invokeTestMethod$7(TestMethodTestDescriptor.java:217) ~[junit-jupiter-engine-5.9.3.jar:5.9.3]
	at org.junit.platform.engine.support.hierarchical.ThrowableCollector.execute(ThrowableCollector.java:73) ~[junit-platform-engine-1.8.2.jar:1.8.2]
	at org.junit.jupiter.engine.descriptor.TestMethodTestDescriptor.invokeTestMethod(TestMethodTestDescriptor.java:213) ~[junit-jupiter-engine-5.9.3.jar:5.9.3]
	at org.junit.jupiter.engine.descriptor.TestMethodTestDescriptor.execute(TestMethodTestDescriptor.java:138) ~[junit-jupiter-engine-5.9.3.jar:5.9.3]
	at org.junit.jupiter.engine.descriptor.TestMethodTestDescriptor.execute(TestMethodTestDescriptor.java:68) ~[junit-jupiter-engine-5.9.3.jar:5.9.3]
	at org.junit.platform.engine.support.hierarchical.NodeTestTask.lambda$executeRecursively$6(NodeTestTask.java:151) ~[junit-platform-engine-1.8.2.jar:1.8.2]
	at org.junit.platform.engine.support.hierarchical.ThrowableCollector.execute(ThrowableCollector.java:73) ~[junit-platform-engine-1.8.2.jar:1.8.2]
	at org.junit.platform.engine.support.hierarchical.NodeTestTask.lambda$executeRecursively$8(NodeTestTask.java:141) ~[junit-platform-engine-1.8.2.jar:1.8.2]
	at org.junit.platform.engine.support.hierarchical.Node.around(Node.java:137) ~[junit-platform-engine-1.8.2.jar:1.8.2]
	at org.junit.platform.engine.support.hierarchical.NodeTestTask.lambda$executeRecursively$9(NodeTestTask.java:139) ~[junit-platform-engine-1.8.2.jar:1.8.2]
	at org.junit.platform.engine.support.hierarchical.ThrowableCollector.execute(ThrowableCollector.java:73) ~[junit-platform-engine-1.8.2.jar:1.8.2]
	at org.junit.platform.engine.support.hierarchical.NodeTestTask.executeRecursively(NodeTestTask.java:138) ~[junit-platform-engine-1.8.2.jar:1.8.2]
	at org.junit.platform.engine.support.hierarchical.NodeTestTask.execute(NodeTestTask.java:95) ~[junit-platform-engine-1.8.2.jar:1.8.2]
	at java.base/java.util.ArrayList.forEach(ArrayList.java:1596) ~[na:na]
	at org.junit.platform.engine.support.hierarchical.SameThreadHierarchicalTestExecutorService.invokeAll(SameThreadHierarchicalTestExecutorService.java:41) ~[junit-platform-engine-1.8.2.jar:1.8.2]
	at org.junit.platform.engine.support.hierarchical.NodeTestTask.lambda$executeRecursively$6(NodeTestTask.java:155) ~[junit-platform-engine-1.8.2.jar:1.8.2]
	at org.junit.platform.engine.support.hierarchical.ThrowableCollector.execute(ThrowableCollector.java:73) ~[junit-platform-engine-1.8.2.jar:1.8.2]
	at org.junit.platform.engine.support.hierarchical.NodeTestTask.lambda$executeRecursively$8(NodeTestTask.java:141) ~[junit-platform-engine-1.8.2.jar:1.8.2]
	at org.junit.platform.engine.support.hierarchical.Node.around(Node.java:137) ~[junit-platform-engine-1.8.2.jar:1.8.2]
	at org.junit.platform.engine.support.hierarchical.NodeTestTask.lambda$executeRecursively$9(NodeTestTask.java:139) ~[junit-platform-engine-1.8.2.jar:1.8.2]
	at org.junit.platform.engine.support.hierarchical.ThrowableCollector.execute(ThrowableCollector.java:73) ~[junit-platform-engine-1.8.2.jar:1.8.2]
	at org.junit.platform.engine.support.hierarchical.NodeTestTask.executeRecursively(NodeTestTask.java:138) ~[junit-platform-engine-1.8.2.jar:1.8.2]
	at org.junit.platform.engine.support.hierarchical.NodeTestTask.execute(NodeTestTask.java:95) ~[junit-platform-engine-1.8.2.jar:1.8.2]
	at java.base/java.util.ArrayList.forEach(ArrayList.java:1596) ~[na:na]
	at org.junit.platform.engine.support.hierarchical.SameThreadHierarchicalTestExecutorService.invokeAll(SameThreadHierarchicalTestExecutorService.java:41) ~[junit-platform-engine-1.8.2.jar:1.8.2]
	at org.junit.platform.engine.support.hierarchical.NodeTestTask.lambda$executeRecursively$6(NodeTestTask.java:155) ~[junit-platform-engine-1.8.2.jar:1.8.2]
	at org.junit.platform.engine.support.hierarchical.ThrowableCollector.execute(ThrowableCollector.java:73) ~[junit-platform-engine-1.8.2.jar:1.8.2]
	at org.junit.platform.engine.support.hierarchical.NodeTestTask.lambda$executeRecursively$8(NodeTestTask.java:141) ~[junit-platform-engine-1.8.2.jar:1.8.2]
	at org.junit.platform.engine.support.hierarchical.Node.around(Node.java:137) ~[junit-platform-engine-1.8.2.jar:1.8.2]
	at org.junit.platform.engine.support.hierarchical.NodeTestTask.lambda$executeRecursively$9(NodeTestTask.java:139) ~[junit-platform-engine-1.8.2.jar:1.8.2]
	at org.junit.platform.engine.support.hierarchical.ThrowableCollector.execute(ThrowableCollector.java:73) ~[junit-platform-engine-1.8.2.jar:1.8.2]
	at org.junit.platform.engine.support.hierarchical.NodeTestTask.executeRecursively(NodeTestTask.java:138) ~[junit-platform-engine-1.8.2.jar:1.8.2]
	at org.junit.platform.engine.support.hierarchical.NodeTestTask.execute(NodeTestTask.java:95) ~[junit-platform-engine-1.8.2.jar:1.8.2]
	at org.junit.platform.engine.support.hierarchical.SameThreadHierarchicalTestExecutorService.submit(SameThreadHierarchicalTestExecutorService.java:35) ~[junit-platform-engine-1.8.2.jar:1.8.2]
	at org.junit.platform.engine.support.hierarchical.HierarchicalTestExecutor.execute(HierarchicalTestExecutor.java:57) ~[junit-platform-engine-1.8.2.jar:1.8.2]
	at org.junit.platform.engine.support.hierarchical.HierarchicalTestEngine.execute(HierarchicalTestEngine.java:54) ~[junit-platform-engine-1.8.2.jar:1.8.2]
	at org.junit.platform.launcher.core.DefaultLauncher.execute(DefaultLauncher.java:220) ~[junit-platform-launcher-1.3.1.jar:1.3.1]
	at org.junit.platform.launcher.core.DefaultLauncher.lambda$execute$6(DefaultLauncher.java:188) ~[junit-platform-launcher-1.3.1.jar:1.3.1]
	at org.junit.platform.launcher.core.DefaultLauncher.withInterceptedStreams(DefaultLauncher.java:202) ~[junit-platform-launcher-1.3.1.jar:1.3.1]
	at org.junit.platform.launcher.core.DefaultLauncher.execute(DefaultLauncher.java:181) ~[junit-platform-launcher-1.3.1.jar:1.3.1]
	at org.junit.platform.launcher.core.DefaultLauncher.execute(DefaultLauncher.java:128) ~[junit-platform-launcher-1.3.1.jar:1.3.1]
	at org.apache.maven.surefire.junitplatform.JUnitPlatformProvider.invokeAllTests(JUnitPlatformProvider.java:150) ~[surefire-junit-platform-2.22.2.jar:2.22.2]
	at org.apache.maven.surefire.junitplatform.JUnitPlatformProvider.invoke(JUnitPlatformProvider.java:124) ~[surefire-junit-platform-2.22.2.jar:2.22.2]
	at org.apache.maven.surefire.booter.ForkedBooter.invokeProviderInSameClassLoader(ForkedBooter.java:384) ~[surefire-booter-2.22.2.jar:2.22.2]
	at org.apache.maven.surefire.booter.ForkedBooter.runSuitesInProcess(ForkedBooter.java:345) ~[surefire-booter-2.22.2.jar:2.22.2]
	at org.apache.maven.surefire.booter.ForkedBooter.execute(ForkedBooter.java:126) ~[surefire-booter-2.22.2.jar:2.22.2]
	at org.apache.maven.surefire.booter.ForkedBooter.main(ForkedBooter.java:418) ~[surefire-booter-2.22.2.jar:2.22.2]
Caused by: java.net.ConnectException: Connection refused
	at java.base/sun.nio.ch.Net.pollConnect(Native Method) ~[na:na]
	at java.base/sun.nio.ch.Net.pollConnectNow(Net.java:682) ~[na:na]
	at java.base/sun.nio.ch.NioSocketImpl.timedFinishConnect(NioSocketImpl.java:542) ~[na:na]
	at java.base/sun.nio.ch.NioSocketImpl.connect(NioSocketImpl.java:592) ~[na:na]
	at java.base/java.net.SocksSocketImpl.connect(SocksSocketImpl.java:327) ~[na:na]
	at java.base/java.net.Socket.connect(Socket.java:751) ~[na:na]
	at org.postgresql.core.PGStream.createSocket(PGStream.java:243) ~[postgresql-42.7.1.jar:42.7.1]
	at org.postgresql.core.PGStream.<init>(PGStream.java:98) ~[postgresql-42.7.1.jar:42.7.1]
	at org.postgresql.core.v3.ConnectionFactoryImpl.tryConnect(ConnectionFactoryImpl.java:132) ~[postgresql-42.7.1.jar:42.7.1]
	at org.postgresql.core.v3.ConnectionFactoryImpl.openConnectionImpl(ConnectionFactoryImpl.java:258) ~[postgresql-42.7.1.jar:42.7.1]
	... 118 common frames omitted

2026-02-05 14:27:00.332  INFO 2945 --- [           main] org.hibernate.dialect.Dialect            : HHH000400: Using dialect: org.hibernate.dialect.PostgreSQLDialect
2026-02-05 14:27:00.405  INFO 2945 --- [           main] com.zaxxer.hikari.HikariDataSource       : HikariPool-4 - Starting...
2026-02-05 14:27:01.407 ERROR 2945 --- [           main] com.zaxxer.hikari.pool.HikariPool        : HikariPool-4 - Exception during pool initialization.

org.postgresql.util.PSQLException: Connection to localhost:5432 refused. Check that the hostname and port are correct and that the postmaster is accepting TCP/IP connections.
	at org.postgresql.core.v3.ConnectionFactoryImpl.openConnectionImpl(ConnectionFactoryImpl.java:342) ~[postgresql-42.7.1.jar:42.7.1]
	at org.postgresql.core.ConnectionFactory.openConnection(ConnectionFactory.java:54) ~[postgresql-42.7.1.jar:42.7.1]
	at org.postgresql.jdbc.PgConnection.<init>(PgConnection.java:263) ~[postgresql-42.7.1.jar:42.7.1]
	at org.postgresql.Driver.makeConnection(Driver.java:444) ~[postgresql-42.7.1.jar:42.7.1]
	at org.postgresql.Driver.connect(Driver.java:297) ~[postgresql-42.7.1.jar:42.7.1]
	at com.zaxxer.hikari.util.DriverDataSource.getConnection(DriverDataSource.java:138) ~[HikariCP-4.0.3.jar:na]
	at com.zaxxer.hikari.pool.PoolBase.newConnection(PoolBase.java:364) ~[HikariCP-4.0.3.jar:na]
	at com.zaxxer.hikari.pool.PoolBase.newPoolEntry(PoolBase.java:206) ~[HikariCP-4.0.3.jar:na]
	at com.zaxxer.hikari.pool.HikariPool.createPoolEntry(HikariPool.java:476) ~[HikariCP-4.0.3.jar:na]
	at com.zaxxer.hikari.pool.HikariPool.checkFailFast(HikariPool.java:561) ~[HikariCP-4.0.3.jar:na]
	at com.zaxxer.hikari.pool.HikariPool.<init>(HikariPool.java:115) ~[HikariCP-4.0.3.jar:na]
	at com.zaxxer.hikari.HikariDataSource.getConnection(HikariDataSource.java:112) ~[HikariCP-4.0.3.jar:na]
	at org.hibernate.engine.jdbc.connections.internal.DatasourceConnectionProviderImpl.getConnection(DatasourceConnectionProviderImpl.java:122) ~[hibernate-core-5.6.15.Final.jar:5.6.15.Final]
	at org.hibernate.engine.jdbc.env.internal.JdbcEnvironmentInitiator$ConnectionProviderJdbcConnectionAccess.obtainConnection(JdbcEnvironmentInitiator.java:181) ~[hibernate-core-5.6.15.Final.jar:5.6.15.Final]
	at org.hibernate.resource.transaction.backend.jdbc.internal.DdlTransactionIsolatorNonJtaImpl.getIsolatedConnection(DdlTransactionIsolatorNonJtaImpl.java:44) ~[hibernate-core-5.6.15.Final.jar:5.6.15.Final]
	at org.hibernate.tool.schema.internal.exec.GenerationTargetToDatabase.jdbcStatement(GenerationTargetToDatabase.java:77) ~[hibernate-core-5.6.15.Final.jar:5.6.15.Final]
	at org.hibernate.tool.schema.internal.exec.GenerationTargetToDatabase.accept(GenerationTargetToDatabase.java:53) ~[hibernate-core-5.6.15.Final.jar:5.6.15.Final]
	at org.hibernate.tool.schema.internal.SchemaDropperImpl.applySqlString(SchemaDropperImpl.java:387) ~[hibernate-core-5.6.15.Final.jar:5.6.15.Final]
	at org.hibernate.tool.schema.internal.SchemaDropperImpl.applySqlStrings(SchemaDropperImpl.java:371) ~[hibernate-core-5.6.15.Final.jar:5.6.15.Final]
	at org.hibernate.tool.schema.internal.SchemaDropperImpl.applyConstraintDropping(SchemaDropperImpl.java:341) ~[hibernate-core-5.6.15.Final.jar:5.6.15.Final]
	at org.hibernate.tool.schema.internal.SchemaDropperImpl.dropFromMetadata(SchemaDropperImpl.java:235) ~[hibernate-core-5.6.15.Final.jar:5.6.15.Final]
	at org.hibernate.tool.schema.internal.SchemaDropperImpl.performDrop(SchemaDropperImpl.java:156) ~[hibernate-core-5.6.15.Final.jar:5.6.15.Final]
	at org.hibernate.tool.schema.internal.SchemaDropperImpl.doDrop(SchemaDropperImpl.java:128) ~[hibernate-core-5.6.15.Final.jar:5.6.15.Final]
	at org.hibernate.tool.schema.internal.SchemaDropperImpl.doDrop(SchemaDropperImpl.java:114) ~[hibernate-core-5.6.15.Final.jar:5.6.15.Final]
	at org.hibernate.tool.schema.spi.SchemaManagementToolCoordinator.performDatabaseAction(SchemaManagementToolCoordinator.java:157) ~[hibernate-core-5.6.15.Final.jar:5.6.15.Final]
	at org.hibernate.tool.schema.spi.SchemaManagementToolCoordinator.process(SchemaManagementToolCoordinator.java:85) ~[hibernate-core-5.6.15.Final.jar:5.6.15.Final]
	at org.hibernate.internal.SessionFactoryImpl.<init>(SessionFactoryImpl.java:335) ~[hibernate-core-5.6.15.Final.jar:5.6.15.Final]
	at org.hibernate.boot.internal.SessionFactoryBuilderImpl.build(SessionFactoryBuilderImpl.java:471) ~[hibernate-core-5.6.15.Final.jar:5.6.15.Final]
	at org.hibernate.jpa.boot.internal.EntityManagerFactoryBuilderImpl.build(EntityManagerFactoryBuilderImpl.java:1498) ~[hibernate-core-5.6.15.Final.jar:5.6.15.Final]
	at org.springframework.orm.jpa.vendor.SpringHibernateJpaPersistenceProvider.createContainerEntityManagerFactory(SpringHibernateJpaPersistenceProvider.java:58) ~[spring-orm-5.3.31.jar:5.3.31]
	at org.springframework.orm.jpa.LocalContainerEntityManagerFactoryBean.createNativeEntityManagerFactory(LocalContainerEntityManagerFactoryBean.java:365) ~[spring-orm-5.3.31.jar:5.3.31]
	at org.springframework.orm.jpa.AbstractEntityManagerFactoryBean.buildNativeEntityManagerFactory(AbstractEntityManagerFactoryBean.java:409) ~[spring-orm-5.3.31.jar:5.3.31]
	at org.springframework.orm.jpa.AbstractEntityManagerFactoryBean.afterPropertiesSet(AbstractEntityManagerFactoryBean.java:396) ~[spring-orm-5.3.31.jar:5.3.31]
	at org.springframework.orm.jpa.LocalContainerEntityManagerFactoryBean.afterPropertiesSet(LocalContainerEntityManagerFactoryBean.java:341) ~[spring-orm-5.3.31.jar:5.3.31]
	at org.springframework.beans.factory.support.AbstractAutowireCapableBeanFactory.invokeInitMethods(AbstractAutowireCapableBeanFactory.java:1863) ~[spring-beans-5.3.31.jar:5.3.31]
	at org.springframework.beans.factory.support.AbstractAutowireCapableBeanFactory.initializeBean(AbstractAutowireCapableBeanFactory.java:1800) ~[spring-beans-5.3.31.jar:5.3.31]
	at org.springframework.beans.factory.support.AbstractAutowireCapableBeanFactory.doCreateBean(AbstractAutowireCapableBeanFactory.java:620) ~[spring-beans-5.3.31.jar:5.3.31]
	at org.springframework.beans.factory.support.AbstractAutowireCapableBeanFactory.createBean(AbstractAutowireCapableBeanFactory.java:542) ~[spring-beans-5.3.31.jar:5.3.31]
	at org.springframework.beans.factory.support.AbstractBeanFactory.lambda$doGetBean$0(AbstractBeanFactory.java:335) ~[spring-beans-5.3.31.jar:5.3.31]
	at org.springframework.beans.factory.support.DefaultSingletonBeanRegistry.getSingleton(DefaultSingletonBeanRegistry.java:234) ~[spring-beans-5.3.31.jar:5.3.31]
	at org.springframework.beans.factory.support.AbstractBeanFactory.doGetBean(AbstractBeanFactory.java:333) ~[spring-beans-5.3.31.jar:5.3.31]
	at org.springframework.beans.factory.support.AbstractBeanFactory.getBean(AbstractBeanFactory.java:208) ~[spring-beans-5.3.31.jar:5.3.31]
	at org.springframework.context.support.AbstractApplicationContext.getBean(AbstractApplicationContext.java:1168) ~[spring-context-5.3.31.jar:5.3.31]
	at org.springframework.context.support.AbstractApplicationContext.finishBeanFactoryInitialization(AbstractApplicationContext.java:919) ~[spring-context-5.3.31.jar:5.3.31]
	at org.springframework.context.support.AbstractApplicationContext.refresh(AbstractApplicationContext.java:591) ~[spring-context-5.3.31.jar:5.3.31]
	at org.springframework.boot.web.servlet.context.ServletWebServerApplicationContext.refresh(ServletWebServerApplicationContext.java:147) ~[spring-boot-2.7.18.jar:2.7.18]
	at org.springframework.boot.SpringApplication.refresh(SpringApplication.java:732) ~[spring-boot-2.7.18.jar:2.7.18]
	at org.springframework.boot.SpringApplication.refreshContext(SpringApplication.java:409) ~[spring-boot-2.7.18.jar:2.7.18]
	at org.springframework.boot.SpringApplication.run(SpringApplication.java:308) ~[spring-boot-2.7.18.jar:2.7.18]
	at org.springframework.boot.SpringApplication.run(SpringApplication.java:1300) ~[spring-boot-2.7.18.jar:2.7.18]
	at org.springframework.boot.SpringApplication.run(SpringApplication.java:1289) ~[spring-boot-2.7.18.jar:2.7.18]
	at crm.CrmApplication.main(CrmApplication.java:10) ~[classes/:na]
	at crm.CrmApplicationTest.lambda$testApplicationContextLoads$1(CrmApplicationTest.java:21) ~[test-classes/:na]
	at org.junit.jupiter.api.AssertDoesNotThrow.assertDoesNotThrow(AssertDoesNotThrow.java:49) ~[junit-jupiter-api-5.9.3.jar:5.9.3]
	at org.junit.jupiter.api.AssertDoesNotThrow.assertDoesNotThrow(AssertDoesNotThrow.java:36) ~[junit-jupiter-api-5.9.3.jar:5.9.3]
	at org.junit.jupiter.api.Assertions.assertDoesNotThrow(Assertions.java:3136) ~[junit-jupiter-api-5.9.3.jar:5.9.3]
	at crm.CrmApplicationTest.testApplicationContextLoads(CrmApplicationTest.java:19) ~[test-classes/:na]
	at java.base/jdk.internal.reflect.DirectMethodHandleAccessor.invoke(DirectMethodHandleAccessor.java:103) ~[na:na]
	at java.base/java.lang.reflect.Method.invoke(Method.java:580) ~[na:na]
	at org.junit.platform.commons.util.ReflectionUtils.invokeMethod(ReflectionUtils.java:725) ~[junit-platform-commons-1.8.2.jar:1.8.2]
	at org.junit.jupiter.engine.execution.MethodInvocation.proceed(MethodInvocation.java:60) ~[junit-jupiter-engine-5.9.3.jar:5.9.3]
	at org.junit.jupiter.engine.execution.InvocationInterceptorChain$ValidatingInvocation.proceed(InvocationInterceptorChain.java:131) ~[junit-jupiter-engine-5.9.3.jar:5.9.3]
	at org.junit.jupiter.engine.extension.TimeoutExtension.intercept(TimeoutExtension.java:156) ~[junit-jupiter-engine-5.9.3.jar:5.9.3]
	at org.junit.jupiter.engine.extension.TimeoutExtension.interceptTestableMethod(TimeoutExtension.java:147) ~[junit-jupiter-engine-5.9.3.jar:5.9.3]
	at org.junit.jupiter.engine.extension.TimeoutExtension.interceptTestMethod(TimeoutExtension.java:86) ~[junit-jupiter-engine-5.9.3.jar:5.9.3]
	at org.junit.jupiter.engine.execution.InterceptingExecutableInvoker$ReflectiveInterceptorCall.lambda$ofVoidMethod$0(InterceptingExecutableInvoker.java:103) ~[junit-jupiter-engine-5.9.3.jar:5.9.3]
	at org.junit.jupiter.engine.execution.InterceptingExecutableInvoker.lambda$invoke$0(InterceptingExecutableInvoker.java:93) ~[junit-jupiter-engine-5.9.3.jar:5.9.3]
	at org.junit.jupiter.engine.execution.InvocationInterceptorChain$InterceptedInvocation.proceed(InvocationInterceptorChain.java:106) ~[junit-jupiter-engine-5.9.3.jar:5.9.3]
	at org.junit.jupiter.engine.execution.InvocationInterceptorChain.proceed(InvocationInterceptorChain.java:64) ~[junit-jupiter-engine-5.9.3.jar:5.9.3]
	at org.junit.jupiter.engine.execution.InvocationInterceptorChain.chainAndInvoke(InvocationInterceptorChain.java:45) ~[junit-jupiter-engine-5.9.3.jar:5.9.3]
	at org.junit.jupiter.engine.execution.InvocationInterceptorChain.invoke(InvocationInterceptorChain.java:37) ~[junit-jupiter-engine-5.9.3.jar:5.9.3]
	at org.junit.jupiter.engine.execution.InterceptingExecutableInvoker.invoke(InterceptingExecutableInvoker.java:92) ~[junit-jupiter-engine-5.9.3.jar:5.9.3]
	at org.junit.jupiter.engine.execution.InterceptingExecutableInvoker.invoke(InterceptingExecutableInvoker.java:86) ~[junit-jupiter-engine-5.9.3.jar:5.9.3]
	at org.junit.jupiter.engine.descriptor.TestMethodTestDescriptor.lambda$invokeTestMethod$7(TestMethodTestDescriptor.java:217) ~[junit-jupiter-engine-5.9.3.jar:5.9.3]
	at org.junit.platform.engine.support.hierarchical.ThrowableCollector.execute(ThrowableCollector.java:73) ~[junit-platform-engine-1.8.2.jar:1.8.2]
	at org.junit.jupiter.engine.descriptor.TestMethodTestDescriptor.invokeTestMethod(TestMethodTestDescriptor.java:213) ~[junit-jupiter-engine-5.9.3.jar:5.9.3]
	at org.junit.jupiter.engine.descriptor.TestMethodTestDescriptor.execute(TestMethodTestDescriptor.java:138) ~[junit-jupiter-engine-5.9.3.jar:5.9.3]
	at org.junit.jupiter.engine.descriptor.TestMethodTestDescriptor.execute(TestMethodTestDescriptor.java:68) ~[junit-jupiter-engine-5.9.3.jar:5.9.3]
	at org.junit.platform.engine.support.hierarchical.NodeTestTask.lambda$executeRecursively$6(NodeTestTask.java:151) ~[junit-platform-engine-1.8.2.jar:1.8.2]
	at org.junit.platform.engine.support.hierarchical.ThrowableCollector.execute(ThrowableCollector.java:73) ~[junit-platform-engine-1.8.2.jar:1.8.2]
	at org.junit.platform.engine.support.hierarchical.NodeTestTask.lambda$executeRecursively$8(NodeTestTask.java:141) ~[junit-platform-engine-1.8.2.jar:1.8.2]
	at org.junit.platform.engine.support.hierarchical.Node.around(Node.java:137) ~[junit-platform-engine-1.8.2.jar:1.8.2]
	at org.junit.platform.engine.support.hierarchical.NodeTestTask.lambda$executeRecursively$9(NodeTestTask.java:139) ~[junit-platform-engine-1.8.2.jar:1.8.2]
	at org.junit.platform.engine.support.hierarchical.ThrowableCollector.execute(ThrowableCollector.java:73) ~[junit-platform-engine-1.8.2.jar:1.8.2]
	at org.junit.platform.engine.support.hierarchical.NodeTestTask.executeRecursively(NodeTestTask.java:138) ~[junit-platform-engine-1.8.2.jar:1.8.2]
	at org.junit.platform.engine.support.hierarchical.NodeTestTask.execute(NodeTestTask.java:95) ~[junit-platform-engine-1.8.2.jar:1.8.2]
	at java.base/java.util.ArrayList.forEach(ArrayList.java:1596) ~[na:na]
	at org.junit.platform.engine.support.hierarchical.SameThreadHierarchicalTestExecutorService.invokeAll(SameThreadHierarchicalTestExecutorService.java:41) ~[junit-platform-engine-1.8.2.jar:1.8.2]
	at org.junit.platform.engine.support.hierarchical.NodeTestTask.lambda$executeRecursively$6(NodeTestTask.java:155) ~[junit-platform-engine-1.8.2.jar:1.8.2]
	at org.junit.platform.engine.support.hierarchical.ThrowableCollector.execute(ThrowableCollector.java:73) ~[junit-platform-engine-1.8.2.jar:1.8.2]
	at org.junit.platform.engine.support.hierarchical.NodeTestTask.lambda$executeRecursively$8(NodeTestTask.java:141) ~[junit-platform-engine-1.8.2.jar:1.8.2]
	at org.junit.platform.engine.support.hierarchical.Node.around(Node.java:137) ~[junit-platform-engine-1.8.2.jar:1.8.2]
	at org.junit.platform.engine.support.hierarchical.NodeTestTask.lambda$executeRecursively$9(NodeTestTask.java:139) ~[junit-platform-engine-1.8.2.jar:1.8.2]
	at org.junit.platform.engine.support.hierarchical.ThrowableCollector.execute(ThrowableCollector.java:73) ~[junit-platform-engine-1.8.2.jar:1.8.2]
	at org.junit.platform.engine.support.hierarchical.NodeTestTask.executeRecursively(NodeTestTask.java:138) ~[junit-platform-engine-1.8.2.jar:1.8.2]
	at org.junit.platform.engine.support.hierarchical.NodeTestTask.execute(NodeTestTask.java:95) ~[junit-platform-engine-1.8.2.jar:1.8.2]
	at java.base/java.util.ArrayList.forEach(ArrayList.java:1596) ~[na:na]
	at org.junit.platform.engine.support.hierarchical.SameThreadHierarchicalTestExecutorService.invokeAll(SameThreadHierarchicalTestExecutorService.java:41) ~[junit-platform-engine-1.8.2.jar:1.8.2]
	at org.junit.platform.engine.support.hierarchical.NodeTestTask.lambda$executeRecursively$6(NodeTestTask.java:155) ~[junit-platform-engine-1.8.2.jar:1.8.2]
	at org.junit.platform.engine.support.hierarchical.ThrowableCollector.execute(ThrowableCollector.java:73) ~[junit-platform-engine-1.8.2.jar:1.8.2]
	at org.junit.platform.engine.support.hierarchical.NodeTestTask.lambda$executeRecursively$8(NodeTestTask.java:141) ~[junit-platform-engine-1.8.2.jar:1.8.2]
	at org.junit.platform.engine.support.hierarchical.Node.around(Node.java:137) ~[junit-platform-engine-1.8.2.jar:1.8.2]
	at org.junit.platform.engine.support.hierarchical.NodeTestTask.lambda$executeRecursively$9(NodeTestTask.java:139) ~[junit-platform-engine-1.8.2.jar:1.8.2]
	at org.junit.platform.engine.support.hierarchical.ThrowableCollector.execute(ThrowableCollector.java:73) ~[junit-platform-engine-1.8.2.jar:1.8.2]
	at org.junit.platform.engine.support.hierarchical.NodeTestTask.executeRecursively(NodeTestTask.java:138) ~[junit-platform-engine-1.8.2.jar:1.8.2]
	at org.junit.platform.engine.support.hierarchical.NodeTestTask.execute(NodeTestTask.java:95) ~[junit-platform-engine-1.8.2.jar:1.8.2]
	at org.junit.platform.engine.support.hierarchical.SameThreadHierarchicalTestExecutorService.submit(SameThreadHierarchicalTestExecutorService.java:35) ~[junit-platform-engine-1.8.2.jar:1.8.2]
	at org.junit.platform.engine.support.hierarchical.HierarchicalTestExecutor.execute(HierarchicalTestExecutor.java:57) ~[junit-platform-engine-1.8.2.jar:1.8.2]
	at org.junit.platform.engine.support.hierarchical.HierarchicalTestEngine.execute(HierarchicalTestEngine.java:54) ~[junit-platform-engine-1.8.2.jar:1.8.2]
	at org.junit.platform.launcher.core.DefaultLauncher.execute(DefaultLauncher.java:220) ~[junit-platform-launcher-1.3.1.jar:1.3.1]
	at org.junit.platform.launcher.core.DefaultLauncher.lambda$execute$6(DefaultLauncher.java:188) ~[junit-platform-launcher-1.3.1.jar:1.3.1]
	at org.junit.platform.launcher.core.DefaultLauncher.withInterceptedStreams(DefaultLauncher.java:202) ~[junit-platform-launcher-1.3.1.jar:1.3.1]
	at org.junit.platform.launcher.core.DefaultLauncher.execute(DefaultLauncher.java:181) ~[junit-platform-launcher-1.3.1.jar:1.3.1]
	at org.junit.platform.launcher.core.DefaultLauncher.execute(DefaultLauncher.java:128) ~[junit-platform-launcher-1.3.1.jar:1.3.1]
	at org.apache.maven.surefire.junitplatform.JUnitPlatformProvider.invokeAllTests(JUnitPlatformProvider.java:150) ~[surefire-junit-platform-2.22.2.jar:2.22.2]
	at org.apache.maven.surefire.junitplatform.JUnitPlatformProvider.invoke(JUnitPlatformProvider.java:124) ~[surefire-junit-platform-2.22.2.jar:2.22.2]
	at org.apache.maven.surefire.booter.ForkedBooter.invokeProviderInSameClassLoader(ForkedBooter.java:384) ~[surefire-booter-2.22.2.jar:2.22.2]
	at org.apache.maven.surefire.booter.ForkedBooter.runSuitesInProcess(ForkedBooter.java:345) ~[surefire-booter-2.22.2.jar:2.22.2]
	at org.apache.maven.surefire.booter.ForkedBooter.execute(ForkedBooter.java:126) ~[surefire-booter-2.22.2.jar:2.22.2]
	at org.apache.maven.surefire.booter.ForkedBooter.main(ForkedBooter.java:418) ~[surefire-booter-2.22.2.jar:2.22.2]
Caused by: java.net.ConnectException: Connection refused
	at java.base/sun.nio.ch.Net.pollConnect(Native Method) ~[na:na]
	at java.base/sun.nio.ch.Net.pollConnectNow(Net.java:682) ~[na:na]
	at java.base/sun.nio.ch.NioSocketImpl.timedFinishConnect(NioSocketImpl.java:542) ~[na:na]
	at java.base/sun.nio.ch.NioSocketImpl.connect(NioSocketImpl.java:592) ~[na:na]
	at java.base/java.net.SocksSocketImpl.connect(SocksSocketImpl.java:327) ~[na:na]
	at java.base/java.net.Socket.connect(Socket.java:751) ~[na:na]
	at org.postgresql.core.PGStream.createSocket(PGStream.java:243) ~[postgresql-42.7.1.jar:42.7.1]
	at org.postgresql.core.PGStream.<init>(PGStream.java:98) ~[postgresql-42.7.1.jar:42.7.1]
	at org.postgresql.core.v3.ConnectionFactoryImpl.tryConnect(ConnectionFactoryImpl.java:132) ~[postgresql-42.7.1.jar:42.7.1]
	at org.postgresql.core.v3.ConnectionFactoryImpl.openConnectionImpl(ConnectionFactoryImpl.java:258) ~[postgresql-42.7.1.jar:42.7.1]
	... 119 common frames omitted

2026-02-05 14:27:01.408  WARN 2945 --- [           main] o.h.engine.jdbc.spi.SqlExceptionHelper   : SQL Error: 0, SQLState: 08001
2026-02-05 14:27:01.408 ERROR 2945 --- [           main] o.h.engine.jdbc.spi.SqlExceptionHelper   : Connection to localhost:5432 refused. Check that the hostname and port are correct and that the postmaster is accepting TCP/IP connections.
2026-02-05 14:27:01.408 ERROR 2945 --- [           main] j.LocalContainerEntityManagerFactoryBean : Failed to initialize JPA EntityManagerFactory: [PersistenceUnit: default] Unable to build Hibernate SessionFactory; nested exception is org.hibernate.exception.JDBCConnectionException: Unable to open JDBC Connection for DDL execution
2026-02-05 14:27:01.408  WARN 2945 --- [           main] ConfigServletWebServerApplicationContext : Exception encountered during context initialization - cancelling refresh attempt: org.springframework.beans.factory.BeanCreationException: Error creating bean with name 'entityManagerFactory' defined in class path resource [org/springframework/boot/autoconfigure/orm/jpa/HibernateJpaConfiguration.class]: Invocation of init method failed; nested exception is javax.persistence.PersistenceException: [PersistenceUnit: default] Unable to build Hibernate SessionFactory; nested exception is org.hibernate.exception.JDBCConnectionException: Unable to open JDBC Connection for DDL execution
2026-02-05 14:27:01.409  INFO 2945 --- [           main] o.apache.catalina.core.StandardService   : Stopping service [Tomcat]
2026-02-05 14:27:01.415  INFO 2945 --- [           main] ConditionEvaluationReportLoggingListener : 

Error starting ApplicationContext. To display the conditions report re-run your application with 'debug' enabled.
2026-02-05 14:27:01.417 ERROR 2945 --- [           main] o.s.boot.SpringApplication               : Application run failed

org.springframework.beans.factory.BeanCreationException: Error creating bean with name 'entityManagerFactory' defined in class path resource [org/springframework/boot/autoconfigure/orm/jpa/HibernateJpaConfiguration.class]: Invocation of init method failed; nested exception is javax.persistence.PersistenceException: [PersistenceUnit: default] Unable to build Hibernate SessionFactory; nested exception is org.hibernate.exception.JDBCConnectionException: Unable to open JDBC Connection for DDL execution
	at org.springframework.beans.factory.support.AbstractAutowireCapableBeanFactory.initializeBean(AbstractAutowireCapableBeanFactory.java:1804) ~[spring-beans-5.3.31.jar:5.3.31]
	at org.springframework.beans.factory.support.AbstractAutowireCapableBeanFactory.doCreateBean(AbstractAutowireCapableBeanFactory.java:620) ~[spring-beans-5.3.31.jar:5.3.31]
	at org.springframework.beans.factory.support.AbstractAutowireCapableBeanFactory.createBean(AbstractAutowireCapableBeanFactory.java:542) ~[spring-beans-5.3.31.jar:5.3.31]
	at org.springframework.beans.factory.support.AbstractBeanFactory.lambda$doGetBean$0(AbstractBeanFactory.java:335) ~[spring-beans-5.3.31.jar:5.3.31]
	at org.springframework.beans.factory.support.DefaultSingletonBeanRegistry.getSingleton(DefaultSingletonBeanRegistry.java:234) ~[spring-beans-5.3.31.jar:5.3.31]
	at org.springframework.beans.factory.support.AbstractBeanFactory.doGetBean(AbstractBeanFactory.java:333) ~[spring-beans-5.3.31.jar:5.3.31]
	at org.springframework.beans.factory.support.AbstractBeanFactory.getBean(AbstractBeanFactory.java:208) ~[spring-beans-5.3.31.jar:5.3.31]
	at org.springframework.context.support.AbstractApplicationContext.getBean(AbstractApplicationContext.java:1168) ~[spring-context-5.3.31.jar:5.3.31]
	at org.springframework.context.support.AbstractApplicationContext.finishBeanFactoryInitialization(AbstractApplicationContext.java:919) ~[spring-context-5.3.31.jar:5.3.31]
	at org.springframework.context.support.AbstractApplicationContext.refresh(AbstractApplicationContext.java:591) ~[spring-context-5.3.31.jar:5.3.31]
	at org.springframework.boot.web.servlet.context.ServletWebServerApplicationContext.refresh(ServletWebServerApplicationContext.java:147) ~[spring-boot-2.7.18.jar:2.7.18]
	at org.springframework.boot.SpringApplication.refresh(SpringApplication.java:732) ~[spring-boot-2.7.18.jar:2.7.18]
	at org.springframework.boot.SpringApplication.refreshContext(SpringApplication.java:409) ~[spring-boot-2.7.18.jar:2.7.18]
	at org.springframework.boot.SpringApplication.run(SpringApplication.java:308) ~[spring-boot-2.7.18.jar:2.7.18]
	at org.springframework.boot.SpringApplication.run(SpringApplication.java:1300) ~[spring-boot-2.7.18.jar:2.7.18]
	at org.springframework.boot.SpringApplication.run(SpringApplication.java:1289) ~[spring-boot-2.7.18.jar:2.7.18]
	at crm.CrmApplication.main(CrmApplication.java:10) ~[classes/:na]
	at crm.CrmApplicationTest.lambda$testApplicationContextLoads$1(CrmApplicationTest.java:21) ~[test-classes/:na]
	at org.junit.jupiter.api.AssertDoesNotThrow.assertDoesNotThrow(AssertDoesNotThrow.java:49) ~[junit-jupiter-api-5.9.3.jar:5.9.3]
	at org.junit.jupiter.api.AssertDoesNotThrow.assertDoesNotThrow(AssertDoesNotThrow.java:36) ~[junit-jupiter-api-5.9.3.jar:5.9.3]
	at org.junit.jupiter.api.Assertions.assertDoesNotThrow(Assertions.java:3136) ~[junit-jupiter-api-5.9.3.jar:5.9.3]
	at crm.CrmApplicationTest.testApplicationContextLoads(CrmApplicationTest.java:19) ~[test-classes/:na]
	at java.base/jdk.internal.reflect.DirectMethodHandleAccessor.invoke(DirectMethodHandleAccessor.java:103) ~[na:na]
	at java.base/java.lang.reflect.Method.invoke(Method.java:580) ~[na:na]
	at org.junit.platform.commons.util.ReflectionUtils.invokeMethod(ReflectionUtils.java:725) ~[junit-platform-commons-1.8.2.jar:1.8.2]
	at org.junit.jupiter.engine.execution.MethodInvocation.proceed(MethodInvocation.java:60) ~[junit-jupiter-engine-5.9.3.jar:5.9.3]
	at org.junit.jupiter.engine.execution.InvocationInterceptorChain$ValidatingInvocation.proceed(InvocationInterceptorChain.java:131) ~[junit-jupiter-engine-5.9.3.jar:5.9.3]
	at org.junit.jupiter.engine.extension.TimeoutExtension.intercept(TimeoutExtension.java:156) ~[junit-jupiter-engine-5.9.3.jar:5.9.3]
	at org.junit.jupiter.engine.extension.TimeoutExtension.interceptTestableMethod(TimeoutExtension.java:147) ~[junit-jupiter-engine-5.9.3.jar:5.9.3]
	at org.junit.jupiter.engine.extension.TimeoutExtension.interceptTestMethod(TimeoutExtension.java:86) ~[junit-jupiter-engine-5.9.3.jar:5.9.3]
	at org.junit.jupiter.engine.execution.InterceptingExecutableInvoker$ReflectiveInterceptorCall.lambda$ofVoidMethod$0(InterceptingExecutableInvoker.java:103) ~[junit-jupiter-engine-5.9.3.jar:5.9.3]
	at org.junit.jupiter.engine.execution.InterceptingExecutableInvoker.lambda$invoke$0(InterceptingExecutableInvoker.java:93) ~[junit-jupiter-engine-5.9.3.jar:5.9.3]
	at org.junit.jupiter.engine.execution.InvocationInterceptorChain$InterceptedInvocation.proceed(InvocationInterceptorChain.java:106) ~[junit-jupiter-engine-5.9.3.jar:5.9.3]
	at org.junit.jupiter.engine.execution.InvocationInterceptorChain.proceed(InvocationInterceptorChain.java:64) ~[junit-jupiter-engine-5.9.3.jar:5.9.3]
	at org.junit.jupiter.engine.execution.InvocationInterceptorChain.chainAndInvoke(InvocationInterceptorChain.java:45) ~[junit-jupiter-engine-5.9.3.jar:5.9.3]
	at org.junit.jupiter.engine.execution.InvocationInterceptorChain.invoke(InvocationInterceptorChain.java:37) ~[junit-jupiter-engine-5.9.3.jar:5.9.3]
	at org.junit.jupiter.engine.execution.InterceptingExecutableInvoker.invoke(InterceptingExecutableInvoker.java:92) ~[junit-jupiter-engine-5.9.3.jar:5.9.3]
	at org.junit.jupiter.engine.execution.InterceptingExecutableInvoker.invoke(InterceptingExecutableInvoker.java:86) ~[junit-jupiter-engine-5.9.3.jar:5.9.3]
	at org.junit.jupiter.engine.descriptor.TestMethodTestDescriptor.lambda$invokeTestMethod$7(TestMethodTestDescriptor.java:217) ~[junit-jupiter-engine-5.9.3.jar:5.9.3]
	at org.junit.platform.engine.support.hierarchical.ThrowableCollector.execute(ThrowableCollector.java:73) ~[junit-platform-engine-1.8.2.jar:1.8.2]
	at org.junit.jupiter.engine.descriptor.TestMethodTestDescriptor.invokeTestMethod(TestMethodTestDescriptor.java:213) ~[junit-jupiter-engine-5.9.3.jar:5.9.3]
	at org.junit.jupiter.engine.descriptor.TestMethodTestDescriptor.execute(TestMethodTestDescriptor.java:138) ~[junit-jupiter-engine-5.9.3.jar:5.9.3]
	at org.junit.jupiter.engine.descriptor.TestMethodTestDescriptor.execute(TestMethodTestDescriptor.java:68) ~[junit-jupiter-engine-5.9.3.jar:5.9.3]
	at org.junit.platform.engine.support.hierarchical.NodeTestTask.lambda$executeRecursively$6(NodeTestTask.java:151) ~[junit-platform-engine-1.8.2.jar:1.8.2]
	at org.junit.platform.engine.support.hierarchical.ThrowableCollector.execute(ThrowableCollector.java:73) ~[junit-platform-engine-1.8.2.jar:1.8.2]
	at org.junit.platform.engine.support.hierarchical.NodeTestTask.lambda$executeRecursively$8(NodeTestTask.java:141) ~[junit-platform-engine-1.8.2.jar:1.8.2]
	at org.junit.platform.engine.support.hierarchical.Node.around(Node.java:137) ~[junit-platform-engine-1.8.2.jar:1.8.2]
	at org.junit.platform.engine.support.hierarchical.NodeTestTask.lambda$executeRecursively$9(NodeTestTask.java:139) ~[junit-platform-engine-1.8.2.jar:1.8.2]
	at org.junit.platform.engine.support.hierarchical.ThrowableCollector.execute(ThrowableCollector.java:73) ~[junit-platform-engine-1.8.2.jar:1.8.2]
	at org.junit.platform.engine.support.hierarchical.NodeTestTask.executeRecursively(NodeTestTask.java:138) ~[junit-platform-engine-1.8.2.jar:1.8.2]
	at org.junit.platform.engine.support.hierarchical.NodeTestTask.execute(NodeTestTask.java:95) ~[junit-platform-engine-1.8.2.jar:1.8.2]
	at java.base/java.util.ArrayList.forEach(ArrayList.java:1596) ~[na:na]
	at org.junit.platform.engine.support.hierarchical.SameThreadHierarchicalTestExecutorService.invokeAll(SameThreadHierarchicalTestExecutorService.java:41) ~[junit-platform-engine-1.8.2.jar:1.8.2]
	at org.junit.platform.engine.support.hierarchical.NodeTestTask.lambda$executeRecursively$6(NodeTestTask.java:155) ~[junit-platform-engine-1.8.2.jar:1.8.2]
	at org.junit.platform.engine.support.hierarchical.ThrowableCollector.execute(ThrowableCollector.java:73) ~[junit-platform-engine-1.8.2.jar:1.8.2]
	at org.junit.platform.engine.support.hierarchical.NodeTestTask.lambda$executeRecursively$8(NodeTestTask.java:141) ~[junit-platform-engine-1.8.2.jar:1.8.2]
	at org.junit.platform.engine.support.hierarchical.Node.around(Node.java:137) ~[junit-platform-engine-1.8.2.jar:1.8.2]
	at org.junit.platform.engine.support.hierarchical.NodeTestTask.lambda$executeRecursively$9(NodeTestTask.java:139) ~[junit-platform-engine-1.8.2.jar:1.8.2]
	at org.junit.platform.engine.support.hierarchical.ThrowableCollector.execute(ThrowableCollector.java:73) ~[junit-platform-engine-1.8.2.jar:1.8.2]
	at org.junit.platform.engine.support.hierarchical.NodeTestTask.executeRecursively(NodeTestTask.java:138) ~[junit-platform-engine-1.8.2.jar:1.8.2]
	at org.junit.platform.engine.support.hierarchical.NodeTestTask.execute(NodeTestTask.java:95) ~[junit-platform-engine-1.8.2.jar:1.8.2]
	at java.base/java.util.ArrayList.forEach(ArrayList.java:1596) ~[na:na]
	at org.junit.platform.engine.support.hierarchical.SameThreadHierarchicalTestExecutorService.invokeAll(SameThreadHierarchicalTestExecutorService.java:41) ~[junit-platform-engine-1.8.2.jar:1.8.2]
	at org.junit.platform.engine.support.hierarchical.NodeTestTask.lambda$executeRecursively$6(NodeTestTask.java:155) ~[junit-platform-engine-1.8.2.jar:1.8.2]
	at org.junit.platform.engine.support.hierarchical.ThrowableCollector.execute(ThrowableCollector.java:73) ~[junit-platform-engine-1.8.2.jar:1.8.2]
	at org.junit.platform.engine.support.hierarchical.NodeTestTask.lambda$executeRecursively$8(NodeTestTask.java:141) ~[junit-platform-engine-1.8.2.jar:1.8.2]
	at org.junit.platform.engine.support.hierarchical.Node.around(Node.java:137) ~[junit-platform-engine-1.8.2.jar:1.8.2]
	at org.junit.platform.engine.support.hierarchical.NodeTestTask.lambda$executeRecursively$9(NodeTestTask.java:139) ~[junit-platform-engine-1.8.2.jar:1.8.2]
	at org.junit.platform.engine.support.hierarchical.ThrowableCollector.execute(ThrowableCollector.java:73) ~[junit-platform-engine-1.8.2.jar:1.8.2]
	at org.junit.platform.engine.support.hierarchical.NodeTestTask.executeRecursively(NodeTestTask.java:138) ~[junit-platform-engine-1.8.2.jar:1.8.2]
	at org.junit.platform.engine.support.hierarchical.NodeTestTask.execute(NodeTestTask.java:95) ~[junit-platform-engine-1.8.2.jar:1.8.2]
	at org.junit.platform.engine.support.hierarchical.SameThreadHierarchicalTestExecutorService.submit(SameThreadHierarchicalTestExecutorService.java:35) ~[junit-platform-engine-1.8.2.jar:1.8.2]
	at org.junit.platform.engine.support.hierarchical.HierarchicalTestExecutor.execute(HierarchicalTestExecutor.java:57) ~[junit-platform-engine-1.8.2.jar:1.8.2]
	at org.junit.platform.engine.support.hierarchical.HierarchicalTestEngine.execute(HierarchicalTestEngine.java:54) ~[junit-platform-engine-1.8.2.jar:1.8.2]
	at org.junit.platform.launcher.core.DefaultLauncher.execute(DefaultLauncher.java:220) ~[junit-platform-launcher-1.3.1.jar:1.3.1]
	at org.junit.platform.launcher.core.DefaultLauncher.lambda$execute$6(DefaultLauncher.java:188) ~[junit-platform-launcher-1.3.1.jar:1.3.1]
	at org.junit.platform.launcher.core.DefaultLauncher.withInterceptedStreams(DefaultLauncher.java:202) ~[junit-platform-launcher-1.3.1.jar:1.3.1]
	at org.junit.platform.launcher.core.DefaultLauncher.execute(DefaultLauncher.java:181) ~[junit-platform-launcher-1.3.1.jar:1.3.1]
	at org.junit.platform.launcher.core.DefaultLauncher.execute(DefaultLauncher.java:128) ~[junit-platform-launcher-1.3.1.jar:1.3.1]
	at org.apache.maven.surefire.junitplatform.JUnitPlatformProvider.invokeAllTests(JUnitPlatformProvider.java:150) ~[surefire-junit-platform-2.22.2.jar:2.22.2]
	at org.apache.maven.surefire.junitplatform.JUnitPlatformProvider.invoke(JUnitPlatformProvider.java:124) ~[surefire-junit-platform-2.22.2.jar:2.22.2]
	at org.apache.maven.surefire.booter.ForkedBooter.invokeProviderInSameClassLoader(ForkedBooter.java:384) ~[surefire-booter-2.22.2.jar:2.22.2]
	at org.apache.maven.surefire.booter.ForkedBooter.runSuitesInProcess(ForkedBooter.java:345) ~[surefire-booter-2.22.2.jar:2.22.2]
	at org.apache.maven.surefire.booter.ForkedBooter.execute(ForkedBooter.java:126) ~[surefire-booter-2.22.2.jar:2.22.2]
	at org.apache.maven.surefire.booter.ForkedBooter.main(ForkedBooter.java:418) ~[surefire-booter-2.22.2.jar:2.22.2]
Caused by: javax.persistence.PersistenceException: [PersistenceUnit: default] Unable to build Hibernate SessionFactory; nested exception is org.hibernate.exception.JDBCConnectionException: Unable to open JDBC Connection for DDL execution
	at org.springframework.orm.jpa.AbstractEntityManagerFactoryBean.buildNativeEntityManagerFactory(AbstractEntityManagerFactoryBean.java:421) ~[spring-orm-5.3.31.jar:5.3.31]
	at org.springframework.orm.jpa.AbstractEntityManagerFactoryBean.afterPropertiesSet(AbstractEntityManagerFactoryBean.java:396) ~[spring-orm-5.3.31.jar:5.3.31]
	at org.springframework.orm.jpa.LocalContainerEntityManagerFactoryBean.afterPropertiesSet(LocalContainerEntityManagerFactoryBean.java:341) ~[spring-orm-5.3.31.jar:5.3.31]
	at org.springframework.beans.factory.support.AbstractAutowireCapableBeanFactory.invokeInitMethods(AbstractAutowireCapableBeanFactory.java:1863) ~[spring-beans-5.3.31.jar:5.3.31]
	at org.springframework.beans.factory.support.AbstractAutowireCapableBeanFactory.initializeBean(AbstractAutowireCapableBeanFactory.java:1800) ~[spring-beans-5.3.31.jar:5.3.31]
	... 84 common frames omitted
Caused by: org.hibernate.exception.JDBCConnectionException: Unable to open JDBC Connection for DDL execution
	at org.hibernate.exception.internal.SQLStateConversionDelegate.convert(SQLStateConversionDelegate.java:112) ~[hibernate-core-5.6.15.Final.jar:5.6.15.Final]
	at org.hibernate.exception.internal.StandardSQLExceptionConverter.convert(StandardSQLExceptionConverter.java:37) ~[hibernate-core-5.6.15.Final.jar:5.6.15.Final]
	at org.hibernate.engine.jdbc.spi.SqlExceptionHelper.convert(SqlExceptionHelper.java:113) ~[hibernate-core-5.6.15.Final.jar:5.6.15.Final]
	at org.hibernate.engine.jdbc.spi.SqlExceptionHelper.convert(SqlExceptionHelper.java:99) ~[hibernate-core-5.6.15.Final.jar:5.6.15.Final]
	at org.hibernate.resource.transaction.backend.jdbc.internal.DdlTransactionIsolatorNonJtaImpl.getIsolatedConnection(DdlTransactionIsolatorNonJtaImpl.java:71) ~[hibernate-core-5.6.15.Final.jar:5.6.15.Final]
	at org.hibernate.tool.schema.internal.exec.GenerationTargetToDatabase.jdbcStatement(GenerationTargetToDatabase.java:77) ~[hibernate-core-5.6.15.Final.jar:5.6.15.Final]
	at org.hibernate.tool.schema.internal.exec.GenerationTargetToDatabase.accept(GenerationTargetToDatabase.java:53) ~[hibernate-core-5.6.15.Final.jar:5.6.15.Final]
	at org.hibernate.tool.schema.internal.SchemaDropperImpl.applySqlString(SchemaDropperImpl.java:387) ~[hibernate-core-5.6.15.Final.jar:5.6.15.Final]
	at org.hibernate.tool.schema.internal.SchemaDropperImpl.applySqlStrings(SchemaDropperImpl.java:371) ~[hibernate-core-5.6.15.Final.jar:5.6.15.Final]
	at org.hibernate.tool.schema.internal.SchemaDropperImpl.applyConstraintDropping(SchemaDropperImpl.java:341) ~[hibernate-core-5.6.15.Final.jar:5.6.15.Final]
	at org.hibernate.tool.schema.internal.SchemaDropperImpl.dropFromMetadata(SchemaDropperImpl.java:235) ~[hibernate-core-5.6.15.Final.jar:5.6.15.Final]
	at org.hibernate.tool.schema.internal.SchemaDropperImpl.performDrop(SchemaDropperImpl.java:156) ~[hibernate-core-5.6.15.Final.jar:5.6.15.Final]
	at org.hibernate.tool.schema.internal.SchemaDropperImpl.doDrop(SchemaDropperImpl.java:128) ~[hibernate-core-5.6.15.Final.jar:5.6.15.Final]
	at org.hibernate.tool.schema.internal.SchemaDropperImpl.doDrop(SchemaDropperImpl.java:114) ~[hibernate-core-5.6.15.Final.jar:5.6.15.Final]
	at org.hibernate.tool.schema.spi.SchemaManagementToolCoordinator.performDatabaseAction(SchemaManagementToolCoordinator.java:157) ~[hibernate-core-5.6.15.Final.jar:5.6.15.Final]
	at org.hibernate.tool.schema.spi.SchemaManagementToolCoordinator.process(SchemaManagementToolCoordinator.java:85) ~[hibernate-core-5.6.15.Final.jar:5.6.15.Final]
	at org.hibernate.internal.SessionFactoryImpl.<init>(SessionFactoryImpl.java:335) ~[hibernate-core-5.6.15.Final.jar:5.6.15.Final]
	at org.hibernate.boot.internal.SessionFactoryBuilderImpl.build(SessionFactoryBuilderImpl.java:471) ~[hibernate-core-5.6.15.Final.jar:5.6.15.Final]
	at org.hibernate.jpa.boot.internal.EntityManagerFactoryBuilderImpl.build(EntityManagerFactoryBuilderImpl.java:1498) ~[hibernate-core-5.6.15.Final.jar:5.6.15.Final]
	at org.springframework.orm.jpa.vendor.SpringHibernateJpaPersistenceProvider.createContainerEntityManagerFactory(SpringHibernateJpaPersistenceProvider.java:58) ~[spring-orm-5.3.31.jar:5.3.31]
	at org.springframework.orm.jpa.LocalContainerEntityManagerFactoryBean.createNativeEntityManagerFactory(LocalContainerEntityManagerFactoryBean.java:365) ~[spring-orm-5.3.31.jar:5.3.31]
	at org.springframework.orm.jpa.AbstractEntityManagerFactoryBean.buildNativeEntityManagerFactory(AbstractEntityManagerFactoryBean.java:409) ~[spring-orm-5.3.31.jar:5.3.31]
	... 88 common frames omitted
Caused by: org.postgresql.util.PSQLException: Connection to localhost:5432 refused. Check that the hostname and port are correct and that the postmaster is accepting TCP/IP connections.
	at org.postgresql.core.v3.ConnectionFactoryImpl.openConnectionImpl(ConnectionFactoryImpl.java:342) ~[postgresql-42.7.1.jar:42.7.1]
	at org.postgresql.core.ConnectionFactory.openConnection(ConnectionFactory.java:54) ~[postgresql-42.7.1.jar:42.7.1]
	at org.postgresql.jdbc.PgConnection.<init>(PgConnection.java:263) ~[postgresql-42.7.1.jar:42.7.1]
	at org.postgresql.Driver.makeConnection(Driver.java:444) ~[postgresql-42.7.1.jar:42.7.1]
	at org.postgresql.Driver.connect(Driver.java:297) ~[postgresql-42.7.1.jar:42.7.1]
	at com.zaxxer.hikari.util.DriverDataSource.getConnection(DriverDataSource.java:138) ~[HikariCP-4.0.3.jar:na]
	at com.zaxxer.hikari.pool.PoolBase.newConnection(PoolBase.java:364) ~[HikariCP-4.0.3.jar:na]
	at com.zaxxer.hikari.pool.PoolBase.newPoolEntry(PoolBase.java:206) ~[HikariCP-4.0.3.jar:na]
	at com.zaxxer.hikari.pool.HikariPool.createPoolEntry(HikariPool.java:476) ~[HikariCP-4.0.3.jar:na]
	at com.zaxxer.hikari.pool.HikariPool.checkFailFast(HikariPool.java:561) ~[HikariCP-4.0.3.jar:na]
	at com.zaxxer.hikari.pool.HikariPool.<init>(HikariPool.java:115) ~[HikariCP-4.0.3.jar:na]
	at com.zaxxer.hikari.HikariDataSource.getConnection(HikariDataSource.java:112) ~[HikariCP-4.0.3.jar:na]
	at org.hibernate.engine.jdbc.connections.internal.DatasourceConnectionProviderImpl.getConnection(DatasourceConnectionProviderImpl.java:122) ~[hibernate-core-5.6.15.Final.jar:5.6.15.Final]
	at org.hibernate.engine.jdbc.env.internal.JdbcEnvironmentInitiator$ConnectionProviderJdbcConnectionAccess.obtainConnection(JdbcEnvironmentInitiator.java:181) ~[hibernate-core-5.6.15.Final.jar:5.6.15.Final]
	at org.hibernate.resource.transaction.backend.jdbc.internal.DdlTransactionIsolatorNonJtaImpl.getIsolatedConnection(DdlTransactionIsolatorNonJtaImpl.java:44) ~[hibernate-core-5.6.15.Final.jar:5.6.15.Final]
	... 105 common frames omitted
Caused by: java.net.ConnectException: Connection refused
	at java.base/sun.nio.ch.Net.pollConnect(Native Method) ~[na:na]
	at java.base/sun.nio.ch.Net.pollConnectNow(Net.java:682) ~[na:na]
	at java.base/sun.nio.ch.NioSocketImpl.timedFinishConnect(NioSocketImpl.java:542) ~[na:na]
	at java.base/sun.nio.ch.NioSocketImpl.connect(NioSocketImpl.java:592) ~[na:na]
	at java.base/java.net.SocksSocketImpl.connect(SocksSocketImpl.java:327) ~[na:na]
	at java.base/java.net.Socket.connect(Socket.java:751) ~[na:na]
	at org.postgresql.core.PGStream.createSocket(PGStream.java:243) ~[postgresql-42.7.1.jar:42.7.1]
	at org.postgresql.core.PGStream.<init>(PGStream.java:98) ~[postgresql-42.7.1.jar:42.7.1]
	at org.postgresql.core.v3.ConnectionFactoryImpl.tryConnect(ConnectionFactoryImpl.java:132) ~[postgresql-42.7.1.jar:42.7.1]
	at org.postgresql.core.v3.ConnectionFactoryImpl.openConnectionImpl(ConnectionFactoryImpl.java:258) ~[postgresql-42.7.1.jar:42.7.1]
	... 119 common frames omitted

2026-02-05 14:27:01.420  INFO 2945 --- [           main] o.s.b.d.r.RestartApplicationListener     : Restart disabled due to context in which it is running

  .   ____          _            __ _ _
 /\\ / ___'_ __ _ _(_)_ __  __ _ \ \ \ \
( ( )\___ | '_ | '_| | '_ \/ _` | \ \ \ \
 \\/  ___)| |_)| | | | | || (_| |  ) ) ) )
  '  |____| .__|_| |_|_| |_\__, | / / / /
 =========|_|==============|___/=/_/_/_/
 :: Spring Boot ::               (v2.7.18)

2026-02-05 14:27:01.441  INFO 2945 --- [           main] crm.CrmApplication                       : Starting CrmApplication using Java 21.0.5 on d9688d684c55 with PID 2945 (started by studioai in /modernize-data/studio-data/TNT1001/APP1267/transformed-code/411/studio-workspace/MODTEST)
2026-02-05 14:27:01.441  INFO 2945 --- [           main] crm.CrmApplication                       : The following 1 profile is active: "preprod"
2026-02-05 14:27:01.561  INFO 2945 --- [           main] .s.d.r.c.RepositoryConfigurationDelegate : Bootstrapping Spring Data JPA repositories in DEFAULT mode.
2026-02-05 14:27:01.572  INFO 2945 --- [           main] .s.d.r.c.RepositoryConfigurationDelegate : Finished Spring Data repository scanning in 11 ms. Found 6 JPA repository interfaces.
2026-02-05 14:27:01.634  INFO 2945 --- [           main] o.s.b.w.embedded.tomcat.TomcatWebServer  : Tomcat initialized with port(s): 8080 (http)
2026-02-05 14:27:01.635  INFO 2945 --- [           main] o.apache.catalina.core.StandardService   : Starting service [Tomcat]
2026-02-05 14:27:01.635  INFO 2945 --- [           main] org.apache.catalina.core.StandardEngine  : Starting Servlet engine: [Apache Tomcat/9.0.83]
2026-02-05 14:27:01.649  INFO 2945 --- [           main] o.a.c.c.C.[Tomcat-1].[localhost].[/]     : Initializing Spring embedded WebApplicationContext
2026-02-05 14:27:01.649  INFO 2945 --- [           main] w.s.c.ServletWebServerApplicationContext : Root WebApplicationContext: initialization completed in 207 ms
2026-02-05 14:27:01.688  INFO 2945 --- [           main] com.zaxxer.hikari.HikariDataSource       : HikariPool-5 - Starting...
2026-02-05 14:27:02.690 ERROR 2945 --- [           main] com.zaxxer.hikari.pool.HikariPool        : HikariPool-5 - Exception during pool initialization.

org.postgresql.util.PSQLException: Connection to localhost:5432 refused. Check that the hostname and port are correct and that the postmaster is accepting TCP/IP connections.
	at org.postgresql.core.v3.ConnectionFactoryImpl.openConnectionImpl(ConnectionFactoryImpl.java:342) ~[postgresql-42.7.1.jar:42.7.1]
	at org.postgresql.core.ConnectionFactory.openConnection(ConnectionFactory.java:54) ~[postgresql-42.7.1.jar:42.7.1]
	at org.postgresql.jdbc.PgConnection.<init>(PgConnection.java:263) ~[postgresql-42.7.1.jar:42.7.1]
	at org.postgresql.Driver.makeConnection(Driver.java:444) ~[postgresql-42.7.1.jar:42.7.1]
	at org.postgresql.Driver.connect(Driver.java:297) ~[postgresql-42.7.1.jar:42.7.1]
	at com.zaxxer.hikari.util.DriverDataSource.getConnection(DriverDataSource.java:138) ~[HikariCP-4.0.3.jar:na]
	at com.zaxxer.hikari.pool.PoolBase.newConnection(PoolBase.java:364) ~[HikariCP-4.0.3.jar:na]
	at com.zaxxer.hikari.pool.PoolBase.newPoolEntry(PoolBase.java:206) ~[HikariCP-4.0.3.jar:na]
	at com.zaxxer.hikari.pool.HikariPool.createPoolEntry(HikariPool.java:476) ~[HikariCP-4.0.3.jar:na]
	at com.zaxxer.hikari.pool.HikariPool.checkFailFast(HikariPool.java:561) ~[HikariCP-4.0.3.jar:na]
	at com.zaxxer.hikari.pool.HikariPool.<init>(HikariPool.java:115) ~[HikariCP-4.0.3.jar:na]
	at com.zaxxer.hikari.HikariDataSource.getConnection(HikariDataSource.java:112) ~[HikariCP-4.0.3.jar:na]
	at org.springframework.jdbc.datasource.DataSourceUtils.fetchConnection(DataSourceUtils.java:160) ~[spring-jdbc-5.3.31.jar:5.3.31]
	at org.springframework.jdbc.datasource.DataSourceUtils.doGetConnection(DataSourceUtils.java:118) ~[spring-jdbc-5.3.31.jar:5.3.31]
	at org.springframework.jdbc.datasource.DataSourceUtils.getConnection(DataSourceUtils.java:81) ~[spring-jdbc-5.3.31.jar:5.3.31]
	at org.springframework.jdbc.core.JdbcTemplate.execute(JdbcTemplate.java:332) ~[spring-jdbc-5.3.31.jar:5.3.31]
	at org.springframework.boot.jdbc.EmbeddedDatabaseConnection.isEmbedded(EmbeddedDatabaseConnection.java:164) ~[spring-boot-2.7.18.jar:2.7.18]
	at org.springframework.boot.jdbc.init.DataSourceScriptDatabaseInitializer.isEmbeddedDatabase(DataSourceScriptDatabaseInitializer.java:70) ~[spring-boot-2.7.18.jar:2.7.18]
	at org.springframework.boot.sql.init.AbstractScriptDatabaseInitializer.isEnabled(AbstractScriptDatabaseInitializer.java:83) ~[spring-boot-2.7.18.jar:2.7.18]
	at org.springframework.boot.sql.init.AbstractScriptDatabaseInitializer.applyScripts(AbstractScriptDatabaseInitializer.java:106) ~[spring-boot-2.7.18.jar:2.7.18]
	at org.springframework.boot.sql.init.AbstractScriptDatabaseInitializer.applyDataScripts(AbstractScriptDatabaseInitializer.java:101) ~[spring-boot-2.7.18.jar:2.7.18]
	at org.springframework.boot.sql.init.AbstractScriptDatabaseInitializer.initializeDatabase(AbstractScriptDatabaseInitializer.java:76) ~[spring-boot-2.7.18.jar:2.7.18]
	at org.springframework.boot.sql.init.AbstractScriptDatabaseInitializer.afterPropertiesSet(AbstractScriptDatabaseInitializer.java:65) ~[spring-boot-2.7.18.jar:2.7.18]
	at org.springframework.beans.factory.support.AbstractAutowireCapableBeanFactory.invokeInitMethods(AbstractAutowireCapableBeanFactory.java:1863) ~[spring-beans-5.3.31.jar:5.3.31]
	at org.springframework.beans.factory.support.AbstractAutowireCapableBeanFactory.initializeBean(AbstractAutowireCapableBeanFactory.java:1800) ~[spring-beans-5.3.31.jar:5.3.31]
	at org.springframework.beans.factory.support.AbstractAutowireCapableBeanFactory.doCreateBean(AbstractAutowireCapableBeanFactory.java:620) ~[spring-beans-5.3.31.jar:5.3.31]
	at org.springframework.beans.factory.support.AbstractAutowireCapableBeanFactory.createBean(AbstractAutowireCapableBeanFactory.java:542) ~[spring-beans-5.3.31.jar:5.3.31]
	at org.springframework.beans.factory.support.AbstractBeanFactory.lambda$doGetBean$0(AbstractBeanFactory.java:335) ~[spring-beans-5.3.31.jar:5.3.31]
	at org.springframework.beans.factory.support.DefaultSingletonBeanRegistry.getSingleton(DefaultSingletonBeanRegistry.java:234) ~[spring-beans-5.3.31.jar:5.3.31]
	at org.springframework.beans.factory.support.AbstractBeanFactory.doGetBean(AbstractBeanFactory.java:333) ~[spring-beans-5.3.31.jar:5.3.31]
	at org.springframework.beans.factory.support.AbstractBeanFactory.getBean(AbstractBeanFactory.java:208) ~[spring-beans-5.3.31.jar:5.3.31]
	at org.springframework.beans.factory.support.AbstractBeanFactory.doGetBean(AbstractBeanFactory.java:322) ~[spring-beans-5.3.31.jar:5.3.31]
	at org.springframework.beans.factory.support.AbstractBeanFactory.getBean(AbstractBeanFactory.java:208) ~[spring-beans-5.3.31.jar:5.3.31]
	at org.springframework.context.support.AbstractApplicationContext.getBean(AbstractApplicationContext.java:1168) ~[spring-context-5.3.31.jar:5.3.31]
	at org.springframework.context.support.AbstractApplicationContext.finishBeanFactoryInitialization(AbstractApplicationContext.java:919) ~[spring-context-5.3.31.jar:5.3.31]
	at org.springframework.context.support.AbstractApplicationContext.refresh(AbstractApplicationContext.java:591) ~[spring-context-5.3.31.jar:5.3.31]
	at org.springframework.boot.web.servlet.context.ServletWebServerApplicationContext.refresh(ServletWebServerApplicationContext.java:147) ~[spring-boot-2.7.18.jar:2.7.18]
	at org.springframework.boot.SpringApplication.refresh(SpringApplication.java:732) ~[spring-boot-2.7.18.jar:2.7.18]
	at org.springframework.boot.SpringApplication.refreshContext(SpringApplication.java:409) ~[spring-boot-2.7.18.jar:2.7.18]
	at org.springframework.boot.SpringApplication.run(SpringApplication.java:308) ~[spring-boot-2.7.18.jar:2.7.18]
	at org.springframework.boot.SpringApplication.run(SpringApplication.java:1300) ~[spring-boot-2.7.18.jar:2.7.18]
	at org.springframework.boot.SpringApplication.run(SpringApplication.java:1289) ~[spring-boot-2.7.18.jar:2.7.18]
	at crm.CrmApplication.main(CrmApplication.java:10) ~[classes/:na]
	at crm.CrmApplicationTest.lambda$testMainMethodExists$0(CrmApplicationTest.java:13) ~[test-classes/:na]
	at org.junit.jupiter.api.AssertDoesNotThrow.assertDoesNotThrow(AssertDoesNotThrow.java:49) ~[junit-jupiter-api-5.9.3.jar:5.9.3]
	at org.junit.jupiter.api.AssertDoesNotThrow.assertDoesNotThrow(AssertDoesNotThrow.java:36) ~[junit-jupiter-api-5.9.3.jar:5.9.3]
	at org.junit.jupiter.api.Assertions.assertDoesNotThrow(Assertions.java:3136) ~[junit-jupiter-api-5.9.3.jar:5.9.3]
	at crm.CrmApplicationTest.testMainMethodExists(CrmApplicationTest.java:12) ~[test-classes/:na]
	at java.base/jdk.internal.reflect.DirectMethodHandleAccessor.invoke(DirectMethodHandleAccessor.java:103) ~[na:na]
	at java.base/java.lang.reflect.Method.invoke(Method.java:580) ~[na:na]
	at org.junit.platform.commons.util.ReflectionUtils.invokeMethod(ReflectionUtils.java:725) ~[junit-platform-commons-1.8.2.jar:1.8.2]
	at org.junit.jupiter.engine.execution.MethodInvocation.proceed(MethodInvocation.java:60) ~[junit-jupiter-engine-5.9.3.jar:5.9.3]
	at org.junit.jupiter.engine.execution.InvocationInterceptorChain$ValidatingInvocation.proceed(InvocationInterceptorChain.java:131) ~[junit-jupiter-engine-5.9.3.jar:5.9.3]
	at org.junit.jupiter.engine.extension.TimeoutExtension.intercept(TimeoutExtension.java:156) ~[junit-jupiter-engine-5.9.3.jar:5.9.3]
	at org.junit.jupiter.engine.extension.TimeoutExtension.interceptTestableMethod(TimeoutExtension.java:147) ~[junit-jupiter-engine-5.9.3.jar:5.9.3]
	at org.junit.jupiter.engine.extension.TimeoutExtension.interceptTestMethod(TimeoutExtension.java:86) ~[junit-jupiter-engine-5.9.3.jar:5.9.3]
	at org.junit.jupiter.engine.execution.InterceptingExecutableInvoker$ReflectiveInterceptorCall.lambda$ofVoidMethod$0(InterceptingExecutableInvoker.java:103) ~[junit-jupiter-engine-5.9.3.jar:5.9.3]
	at org.junit.jupiter.engine.execution.InterceptingExecutableInvoker.lambda$invoke$0(InterceptingExecutableInvoker.java:93) ~[junit-jupiter-engine-5.9.3.jar:5.9.3]
	at org.junit.jupiter.engine.execution.InvocationInterceptorChain$InterceptedInvocation.proceed(InvocationInterceptorChain.java:106) ~[junit-jupiter-engine-5.9.3.jar:5.9.3]
	at org.junit.jupiter.engine.execution.InvocationInterceptorChain.proceed(InvocationInterceptorChain.java:64) ~[junit-jupiter-engine-5.9.3.jar:5.9.3]
	at org.junit.jupiter.engine.execution.InvocationInterceptorChain.chainAndInvoke(InvocationInterceptorChain.java:45) ~[junit-jupiter-engine-5.9.3.jar:5.9.3]
	at org.junit.jupiter.engine.execution.InvocationInterceptorChain.invoke(InvocationInterceptorChain.java:37) ~[junit-jupiter-engine-5.9.3.jar:5.9.3]
	at org.junit.jupiter.engine.execution.InterceptingExecutableInvoker.invoke(InterceptingExecutableInvoker.java:92) ~[junit-jupiter-engine-5.9.3.jar:5.9.3]
	at org.junit.jupiter.engine.execution.InterceptingExecutableInvoker.invoke(InterceptingExecutableInvoker.java:86) ~[junit-jupiter-engine-5.9.3.jar:5.9.3]
	at org.junit.jupiter.engine.descriptor.TestMethodTestDescriptor.lambda$invokeTestMethod$7(TestMethodTestDescriptor.java:217) ~[junit-jupiter-engine-5.9.3.jar:5.9.3]
	at org.junit.platform.engine.support.hierarchical.ThrowableCollector.execute(ThrowableCollector.java:73) ~[junit-platform-engine-1.8.2.jar:1.8.2]
	at org.junit.jupiter.engine.descriptor.TestMethodTestDescriptor.invokeTestMethod(TestMethodTestDescriptor.java:213) ~[junit-jupiter-engine-5.9.3.jar:5.9.3]
	at org.junit.jupiter.engine.descriptor.TestMethodTestDescriptor.execute(TestMethodTestDescriptor.java:138) ~[junit-jupiter-engine-5.9.3.jar:5.9.3]
	at org.junit.jupiter.engine.descriptor.TestMethodTestDescriptor.execute(TestMethodTestDescriptor.java:68) ~[junit-jupiter-engine-5.9.3.jar:5.9.3]
	at org.junit.platform.engine.support.hierarchical.NodeTestTask.lambda$executeRecursively$6(NodeTestTask.java:151) ~[junit-platform-engine-1.8.2.jar:1.8.2]
	at org.junit.platform.engine.support.hierarchical.ThrowableCollector.execute(ThrowableCollector.java:73) ~[junit-platform-engine-1.8.2.jar:1.8.2]
	at org.junit.platform.engine.support.hierarchical.NodeTestTask.lambda$executeRecursively$8(NodeTestTask.java:141) ~[junit-platform-engine-1.8.2.jar:1.8.2]
	at org.junit.platform.engine.support.hierarchical.Node.around(Node.java:137) ~[junit-platform-engine-1.8.2.jar:1.8.2]
	at org.junit.platform.engine.support.hierarchical.NodeTestTask.lambda$executeRecursively$9(NodeTestTask.java:139) ~[junit-platform-engine-1.8.2.jar:1.8.2]
	at org.junit.platform.engine.support.hierarchical.ThrowableCollector.execute(ThrowableCollector.java:73) ~[junit-platform-engine-1.8.2.jar:1.8.2]
	at org.junit.platform.engine.support.hierarchical.NodeTestTask.executeRecursively(NodeTestTask.java:138) ~[junit-platform-engine-1.8.2.jar:1.8.2]
	at org.junit.platform.engine.support.hierarchical.NodeTestTask.execute(NodeTestTask.java:95) ~[junit-platform-engine-1.8.2.jar:1.8.2]
	at java.base/java.util.ArrayList.forEach(ArrayList.java:1596) ~[na:na]
	at org.junit.platform.engine.support.hierarchical.SameThreadHierarchicalTestExecutorService.invokeAll(SameThreadHierarchicalTestExecutorService.java:41) ~[junit-platform-engine-1.8.2.jar:1.8.2]
	at org.junit.platform.engine.support.hierarchical.NodeTestTask.lambda$executeRecursively$6(NodeTestTask.java:155) ~[junit-platform-engine-1.8.2.jar:1.8.2]
	at org.junit.platform.engine.support.hierarchical.ThrowableCollector.execute(ThrowableCollector.java:73) ~[junit-platform-engine-1.8.2.jar:1.8.2]
	at org.junit.platform.engine.support.hierarchical.NodeTestTask.lambda$executeRecursively$8(NodeTestTask.java:141) ~[junit-platform-engine-1.8.2.jar:1.8.2]
	at org.junit.platform.engine.support.hierarchical.Node.around(Node.java:137) ~[junit-platform-engine-1.8.2.jar:1.8.2]
	at org.junit.platform.engine.support.hierarchical.NodeTestTask.lambda$executeRecursively$9(NodeTestTask.java:139) ~[junit-platform-engine-1.8.2.jar:1.8.2]
	at org.junit.platform.engine.support.hierarchical.ThrowableCollector.execute(ThrowableCollector.java:73) ~[junit-platform-engine-1.8.2.jar:1.8.2]
	at org.junit.platform.engine.support.hierarchical.NodeTestTask.executeRecursively(NodeTestTask.java:138) ~[junit-platform-engine-1.8.2.jar:1.8.2]
	at org.junit.platform.engine.support.hierarchical.NodeTestTask.execute(NodeTestTask.java:95) ~[junit-platform-engine-1.8.2.jar:1.8.2]
	at java.base/java.util.ArrayList.forEach(ArrayList.java:1596) ~[na:na]
	at org.junit.platform.engine.support.hierarchical.SameThreadHierarchicalTestExecutorService.invokeAll(SameThreadHierarchicalTestExecutorService.java:41) ~[junit-platform-engine-1.8.2.jar:1.8.2]
	at org.junit.platform.engine.support.hierarchical.NodeTestTask.lambda$executeRecursively$6(NodeTestTask.java:155) ~[junit-platform-engine-1.8.2.jar:1.8.2]
	at org.junit.platform.engine.support.hierarchical.ThrowableCollector.execute(ThrowableCollector.java:73) ~[junit-platform-engine-1.8.2.jar:1.8.2]
	at org.junit.platform.engine.support.hierarchical.NodeTestTask.lambda$executeRecursively$8(NodeTestTask.java:141) ~[junit-platform-engine-1.8.2.jar:1.8.2]
	at org.junit.platform.engine.support.hierarchical.Node.around(Node.java:137) ~[junit-platform-engine-1.8.2.jar:1.8.2]
	at org.junit.platform.engine.support.hierarchical.NodeTestTask.lambda$executeRecursively$9(NodeTestTask.java:139) ~[junit-platform-engine-1.8.2.jar:1.8.2]
	at org.junit.platform.engine.support.hierarchical.ThrowableCollector.execute(ThrowableCollector.java:73) ~[junit-platform-engine-1.8.2.jar:1.8.2]
	at org.junit.platform.engine.support.hierarchical.NodeTestTask.executeRecursively(NodeTestTask.java:138) ~[junit-platform-engine-1.8.2.jar:1.8.2]
	at org.junit.platform.engine.support.hierarchical.NodeTestTask.execute(NodeTestTask.java:95) ~[junit-platform-engine-1.8.2.jar:1.8.2]
	at org.junit.platform.engine.support.hierarchical.SameThreadHierarchicalTestExecutorService.submit(SameThreadHierarchicalTestExecutorService.java:35) ~[junit-platform-engine-1.8.2.jar:1.8.2]
	at org.junit.platform.engine.support.hierarchical.HierarchicalTestExecutor.execute(HierarchicalTestExecutor.java:57) ~[junit-platform-engine-1.8.2.jar:1.8.2]
	at org.junit.platform.engine.support.hierarchical.HierarchicalTestEngine.execute(HierarchicalTestEngine.java:54) ~[junit-platform-engine-1.8.2.jar:1.8.2]
	at org.junit.platform.launcher.core.DefaultLauncher.execute(DefaultLauncher.java:220) ~[junit-platform-launcher-1.3.1.jar:1.3.1]
	at org.junit.platform.launcher.core.DefaultLauncher.lambda$execute$6(DefaultLauncher.java:188) ~[junit-platform-launcher-1.3.1.jar:1.3.1]
	at org.junit.platform.launcher.core.DefaultLauncher.withInterceptedStreams(DefaultLauncher.java:202) ~[junit-platform-launcher-1.3.1.jar:1.3.1]
	at org.junit.platform.launcher.core.DefaultLauncher.execute(DefaultLauncher.java:181) ~[junit-platform-launcher-1.3.1.jar:1.3.1]
	at org.junit.platform.launcher.core.DefaultLauncher.execute(DefaultLauncher.java:128) ~[junit-platform-launcher-1.3.1.jar:1.3.1]
	at org.apache.maven.surefire.junitplatform.JUnitPlatformProvider.invokeAllTests(JUnitPlatformProvider.java:150) ~[surefire-junit-platform-2.22.2.jar:2.22.2]
	at org.apache.maven.surefire.junitplatform.JUnitPlatformProvider.invoke(JUnitPlatformProvider.java:124) ~[surefire-junit-platform-2.22.2.jar:2.22.2]
	at org.apache.maven.surefire.booter.ForkedBooter.invokeProviderInSameClassLoader(ForkedBooter.java:384) ~[surefire-booter-2.22.2.jar:2.22.2]
	at org.apache.maven.surefire.booter.ForkedBooter.runSuitesInProcess(ForkedBooter.java:345) ~[surefire-booter-2.22.2.jar:2.22.2]
	at org.apache.maven.surefire.booter.ForkedBooter.execute(ForkedBooter.java:126) ~[surefire-booter-2.22.2.jar:2.22.2]
	at org.apache.maven.surefire.booter.ForkedBooter.main(ForkedBooter.java:418) ~[surefire-booter-2.22.2.jar:2.22.2]
Caused by: java.net.ConnectException: Connection refused
	at java.base/sun.nio.ch.Net.pollConnect(Native Method) ~[na:na]
	at java.base/sun.nio.ch.Net.pollConnectNow(Net.java:682) ~[na:na]
	at java.base/sun.nio.ch.NioSocketImpl.timedFinishConnect(NioSocketImpl.java:542) ~[na:na]
	at java.base/sun.nio.ch.NioSocketImpl.connect(NioSocketImpl.java:592) ~[na:na]
	at java.base/java.net.SocksSocketImpl.connect(SocksSocketImpl.java:327) ~[na:na]
	at java.base/java.net.Socket.connect(Socket.java:751) ~[na:na]
	at org.postgresql.core.PGStream.createSocket(PGStream.java:243) ~[postgresql-42.7.1.jar:42.7.1]
	at org.postgresql.core.PGStream.<init>(PGStream.java:98) ~[postgresql-42.7.1.jar:42.7.1]
	at org.postgresql.core.v3.ConnectionFactoryImpl.tryConnect(ConnectionFactoryImpl.java:132) ~[postgresql-42.7.1.jar:42.7.1]
	at org.postgresql.core.v3.ConnectionFactoryImpl.openConnectionImpl(ConnectionFactoryImpl.java:258) ~[postgresql-42.7.1.jar:42.7.1]
	... 110 common frames omitted

2026-02-05 14:27:02.699  INFO 2945 --- [           main] o.hibernate.jpa.internal.util.LogHelper  : HHH000204: Processing PersistenceUnitInfo [name: default]
2026-02-05 14:27:02.703  INFO 2945 --- [           main] com.zaxxer.hikari.HikariDataSource       : HikariPool-5 - Starting...
2026-02-05 14:27:03.705 ERROR 2945 --- [           main] com.zaxxer.hikari.pool.HikariPool        : HikariPool-5 - Exception during pool initialization.

org.postgresql.util.PSQLException: Connection to localhost:5432 refused. Check that the hostname and port are correct and that the postmaster is accepting TCP/IP connections.
	at org.postgresql.core.v3.ConnectionFactoryImpl.openConnectionImpl(ConnectionFactoryImpl.java:342) ~[postgresql-42.7.1.jar:42.7.1]
	at org.postgresql.core.ConnectionFactory.openConnection(ConnectionFactory.java:54) ~[postgresql-42.7.1.jar:42.7.1]
	at org.postgresql.jdbc.PgConnection.<init>(PgConnection.java:263) ~[postgresql-42.7.1.jar:42.7.1]
	at org.postgresql.Driver.makeConnection(Driver.java:444) ~[postgresql-42.7.1.jar:42.7.1]
	at org.postgresql.Driver.connect(Driver.java:297) ~[postgresql-42.7.1.jar:42.7.1]
	at com.zaxxer.hikari.util.DriverDataSource.getConnection(DriverDataSource.java:138) ~[HikariCP-4.0.3.jar:na]
	at com.zaxxer.hikari.pool.PoolBase.newConnection(PoolBase.java:364) ~[HikariCP-4.0.3.jar:na]
	at com.zaxxer.hikari.pool.PoolBase.newPoolEntry(PoolBase.java:206) ~[HikariCP-4.0.3.jar:na]
	at com.zaxxer.hikari.pool.HikariPool.createPoolEntry(HikariPool.java:476) ~[HikariCP-4.0.3.jar:na]
	at com.zaxxer.hikari.pool.HikariPool.checkFailFast(HikariPool.java:561) ~[HikariCP-4.0.3.jar:na]
	at com.zaxxer.hikari.pool.HikariPool.<init>(HikariPool.java:115) ~[HikariCP-4.0.3.jar:na]
	at com.zaxxer.hikari.HikariDataSource.getConnection(HikariDataSource.java:112) ~[HikariCP-4.0.3.jar:na]
	at org.hibernate.engine.jdbc.connections.internal.DatasourceConnectionProviderImpl.getConnection(DatasourceConnectionProviderImpl.java:122) ~[hibernate-core-5.6.15.Final.jar:5.6.15.Final]
	at org.hibernate.engine.jdbc.env.internal.JdbcEnvironmentInitiator$ConnectionProviderJdbcConnectionAccess.obtainConnection(JdbcEnvironmentInitiator.java:181) ~[hibernate-core-5.6.15.Final.jar:5.6.15.Final]
	at org.hibernate.engine.jdbc.env.internal.JdbcEnvironmentInitiator.initiateService(JdbcEnvironmentInitiator.java:68) ~[hibernate-core-5.6.15.Final.jar:5.6.15.Final]
	at org.hibernate.engine.jdbc.env.internal.JdbcEnvironmentInitiator.initiateService(JdbcEnvironmentInitiator.java:35) ~[hibernate-core-5.6.15.Final.jar:5.6.15.Final]
	at org.hibernate.boot.registry.internal.StandardServiceRegistryImpl.initiateService(StandardServiceRegistryImpl.java:101) ~[hibernate-core-5.6.15.Final.jar:5.6.15.Final]
	at org.hibernate.service.internal.AbstractServiceRegistryImpl.createService(AbstractServiceRegistryImpl.java:272) ~[hibernate-core-5.6.15.Final.jar:5.6.15.Final]
	at org.hibernate.service.internal.AbstractServiceRegistryImpl.initializeService(AbstractServiceRegistryImpl.java:246) ~[hibernate-core-5.6.15.Final.jar:5.6.15.Final]
	at org.hibernate.service.internal.AbstractServiceRegistryImpl.getService(AbstractServiceRegistryImpl.java:223) ~[hibernate-core-5.6.15.Final.jar:5.6.15.Final]
	at org.hibernate.id.factory.internal.DefaultIdentifierGeneratorFactory.injectServices(DefaultIdentifierGeneratorFactory.java:175) ~[hibernate-core-5.6.15.Final.jar:5.6.15.Final]
	at org.hibernate.service.internal.AbstractServiceRegistryImpl.injectDependencies(AbstractServiceRegistryImpl.java:295) ~[hibernate-core-5.6.15.Final.jar:5.6.15.Final]
	at org.hibernate.service.internal.AbstractServiceRegistryImpl.initializeService(AbstractServiceRegistryImpl.java:252) ~[hibernate-core-5.6.15.Final.jar:5.6.15.Final]
	at org.hibernate.service.internal.AbstractServiceRegistryImpl.getService(AbstractServiceRegistryImpl.java:223) ~[hibernate-core-5.6.15.Final.jar:5.6.15.Final]
	at org.hibernate.boot.internal.InFlightMetadataCollectorImpl.<init>(InFlightMetadataCollectorImpl.java:173) ~[hibernate-core-5.6.15.Final.jar:5.6.15.Final]
	at org.hibernate.boot.model.process.spi.MetadataBuildingProcess.complete(MetadataBuildingProcess.java:127) ~[hibernate-core-5.6.15.Final.jar:5.6.15.Final]
	at org.hibernate.jpa.boot.internal.EntityManagerFactoryBuilderImpl.metadata(EntityManagerFactoryBuilderImpl.java:1460) ~[hibernate-core-5.6.15.Final.jar:5.6.15.Final]
	at org.hibernate.jpa.boot.internal.EntityManagerFactoryBuilderImpl.build(EntityManagerFactoryBuilderImpl.java:1494) ~[hibernate-core-5.6.15.Final.jar:5.6.15.Final]
	at org.springframework.orm.jpa.vendor.SpringHibernateJpaPersistenceProvider.createContainerEntityManagerFactory(SpringHibernateJpaPersistenceProvider.java:58) ~[spring-orm-5.3.31.jar:5.3.31]
	at org.springframework.orm.jpa.LocalContainerEntityManagerFactoryBean.createNativeEntityManagerFactory(LocalContainerEntityManagerFactoryBean.java:365) ~[spring-orm-5.3.31.jar:5.3.31]
	at org.springframework.orm.jpa.AbstractEntityManagerFactoryBean.buildNativeEntityManagerFactory(AbstractEntityManagerFactoryBean.java:409) ~[spring-orm-5.3.31.jar:5.3.31]
	at org.springframework.orm.jpa.AbstractEntityManagerFactoryBean.afterPropertiesSet(AbstractEntityManagerFactoryBean.java:396) ~[spring-orm-5.3.31.jar:5.3.31]
	at org.springframework.orm.jpa.LocalContainerEntityManagerFactoryBean.afterPropertiesSet(LocalContainerEntityManagerFactoryBean.java:341) ~[spring-orm-5.3.31.jar:5.3.31]
	at org.springframework.beans.factory.support.AbstractAutowireCapableBeanFactory.invokeInitMethods(AbstractAutowireCapableBeanFactory.java:1863) ~[spring-beans-5.3.31.jar:5.3.31]
	at org.springframework.beans.factory.support.AbstractAutowireCapableBeanFactory.initializeBean(AbstractAutowireCapableBeanFactory.java:1800) ~[spring-beans-5.3.31.jar:5.3.31]
	at org.springframework.beans.factory.support.AbstractAutowireCapableBeanFactory.doCreateBean(AbstractAutowireCapableBeanFactory.java:620) ~[spring-beans-5.3.31.jar:5.3.31]
	at org.springframework.beans.factory.support.AbstractAutowireCapableBeanFactory.createBean(AbstractAutowireCapableBeanFactory.java:542) ~[spring-beans-5.3.31.jar:5.3.31]
	at org.springframework.beans.factory.support.AbstractBeanFactory.lambda$doGetBean$0(AbstractBeanFactory.java:335) ~[spring-beans-5.3.31.jar:5.3.31]
	at org.springframework.beans.factory.support.DefaultSingletonBeanRegistry.getSingleton(DefaultSingletonBeanRegistry.java:234) ~[spring-beans-5.3.31.jar:5.3.31]
	at org.springframework.beans.factory.support.AbstractBeanFactory.doGetBean(AbstractBeanFactory.java:333) ~[spring-beans-5.3.31.jar:5.3.31]
	at org.springframework.beans.factory.support.AbstractBeanFactory.getBean(AbstractBeanFactory.java:208) ~[spring-beans-5.3.31.jar:5.3.31]
	at org.springframework.context.support.AbstractApplicationContext.getBean(AbstractApplicationContext.java:1168) ~[spring-context-5.3.31.jar:5.3.31]
	at org.springframework.context.support.AbstractApplicationContext.finishBeanFactoryInitialization(AbstractApplicationContext.java:919) ~[spring-context-5.3.31.jar:5.3.31]
	at org.springframework.context.support.AbstractApplicationContext.refresh(AbstractApplicationContext.java:591) ~[spring-context-5.3.31.jar:5.3.31]
	at org.springframework.boot.web.servlet.context.ServletWebServerApplicationContext.refresh(ServletWebServerApplicationContext.java:147) ~[spring-boot-2.7.18.jar:2.7.18]
	at org.springframework.boot.SpringApplication.refresh(SpringApplication.java:732) ~[spring-boot-2.7.18.jar:2.7.18]
	at org.springframework.boot.SpringApplication.refreshContext(SpringApplication.java:409) ~[spring-boot-2.7.18.jar:2.7.18]
	at org.springframework.boot.SpringApplication.run(SpringApplication.java:308) ~[spring-boot-2.7.18.jar:2.7.18]
	at org.springframework.boot.SpringApplication.run(SpringApplication.java:1300) ~[spring-boot-2.7.18.jar:2.7.18]
	at org.springframework.boot.SpringApplication.run(SpringApplication.java:1289) ~[spring-boot-2.7.18.jar:2.7.18]
	at crm.CrmApplication.main(CrmApplication.java:10) ~[classes/:na]
	at crm.CrmApplicationTest.lambda$testMainMethodExists$0(CrmApplicationTest.java:13) ~[test-classes/:na]
	at org.junit.jupiter.api.AssertDoesNotThrow.assertDoesNotThrow(AssertDoesNotThrow.java:49) ~[junit-jupiter-api-5.9.3.jar:5.9.3]
	at org.junit.jupiter.api.AssertDoesNotThrow.assertDoesNotThrow(AssertDoesNotThrow.java:36) ~[junit-jupiter-api-5.9.3.jar:5.9.3]
	at org.junit.jupiter.api.Assertions.assertDoesNotThrow(Assertions.java:3136) ~[junit-jupiter-api-5.9.3.jar:5.9.3]
	at crm.CrmApplicationTest.testMainMethodExists(CrmApplicationTest.java:12) ~[test-classes/:na]
	at java.base/jdk.internal.reflect.DirectMethodHandleAccessor.invoke(DirectMethodHandleAccessor.java:103) ~[na:na]
	at java.base/java.lang.reflect.Method.invoke(Method.java:580) ~[na:na]
	at org.junit.platform.commons.util.ReflectionUtils.invokeMethod(ReflectionUtils.java:725) ~[junit-platform-commons-1.8.2.jar:1.8.2]
	at org.junit.jupiter.engine.execution.MethodInvocation.proceed(MethodInvocation.java:60) ~[junit-jupiter-engine-5.9.3.jar:5.9.3]
	at org.junit.jupiter.engine.execution.InvocationInterceptorChain$ValidatingInvocation.proceed(InvocationInterceptorChain.java:131) ~[junit-jupiter-engine-5.9.3.jar:5.9.3]
	at org.junit.jupiter.engine.extension.TimeoutExtension.intercept(TimeoutExtension.java:156) ~[junit-jupiter-engine-5.9.3.jar:5.9.3]
	at org.junit.jupiter.engine.extension.TimeoutExtension.interceptTestableMethod(TimeoutExtension.java:147) ~[junit-jupiter-engine-5.9.3.jar:5.9.3]
	at org.junit.jupiter.engine.extension.TimeoutExtension.interceptTestMethod(TimeoutExtension.java:86) ~[junit-jupiter-engine-5.9.3.jar:5.9.3]
	at org.junit.jupiter.engine.execution.InterceptingExecutableInvoker$ReflectiveInterceptorCall.lambda$ofVoidMethod$0(InterceptingExecutableInvoker.java:103) ~[junit-jupiter-engine-5.9.3.jar:5.9.3]
	at org.junit.jupiter.engine.execution.InterceptingExecutableInvoker.lambda$invoke$0(InterceptingExecutableInvoker.java:93) ~[junit-jupiter-engine-5.9.3.jar:5.9.3]
	at org.junit.jupiter.engine.execution.InvocationInterceptorChain$InterceptedInvocation.proceed(InvocationInterceptorChain.java:106) ~[junit-jupiter-engine-5.9.3.jar:5.9.3]
	at org.junit.jupiter.engine.execution.InvocationInterceptorChain.proceed(InvocationInterceptorChain.java:64) ~[junit-jupiter-engine-5.9.3.jar:5.9.3]
	at org.junit.jupiter.engine.execution.InvocationInterceptorChain.chainAndInvoke(InvocationInterceptorChain.java:45) ~[junit-jupiter-engine-5.9.3.jar:5.9.3]
	at org.junit.jupiter.engine.execution.InvocationInterceptorChain.invoke(InvocationInterceptorChain.java:37) ~[junit-jupiter-engine-5.9.3.jar:5.9.3]
	at org.junit.jupiter.engine.execution.InterceptingExecutableInvoker.invoke(InterceptingExecutableInvoker.java:92) ~[junit-jupiter-engine-5.9.3.jar:5.9.3]
	at org.junit.jupiter.engine.execution.InterceptingExecutableInvoker.invoke(InterceptingExecutableInvoker.java:86) ~[junit-jupiter-engine-5.9.3.jar:5.9.3]
	at org.junit.jupiter.engine.descriptor.TestMethodTestDescriptor.lambda$invokeTestMethod$7(TestMethodTestDescriptor.java:217) ~[junit-jupiter-engine-5.9.3.jar:5.9.3]
	at org.junit.platform.engine.support.hierarchical.ThrowableCollector.execute(ThrowableCollector.java:73) ~[junit-platform-engine-1.8.2.jar:1.8.2]
	at org.junit.jupiter.engine.descriptor.TestMethodTestDescriptor.invokeTestMethod(TestMethodTestDescriptor.java:213) ~[junit-jupiter-engine-5.9.3.jar:5.9.3]
	at org.junit.jupiter.engine.descriptor.TestMethodTestDescriptor.execute(TestMethodTestDescriptor.java:138) ~[junit-jupiter-engine-5.9.3.jar:5.9.3]
	at org.junit.jupiter.engine.descriptor.TestMethodTestDescriptor.execute(TestMethodTestDescriptor.java:68) ~[junit-jupiter-engine-5.9.3.jar:5.9.3]
	at org.junit.platform.engine.support.hierarchical.NodeTestTask.lambda$executeRecursively$6(NodeTestTask.java:151) ~[junit-platform-engine-1.8.2.jar:1.8.2]
	at org.junit.platform.engine.support.hierarchical.ThrowableCollector.execute(ThrowableCollector.java:73) ~[junit-platform-engine-1.8.2.jar:1.8.2]
	at org.junit.platform.engine.support.hierarchical.NodeTestTask.lambda$executeRecursively$8(NodeTestTask.java:141) ~[junit-platform-engine-1.8.2.jar:1.8.2]
	at org.junit.platform.engine.support.hierarchical.Node.around(Node.java:137) ~[junit-platform-engine-1.8.2.jar:1.8.2]
	at org.junit.platform.engine.support.hierarchical.NodeTestTask.lambda$executeRecursively$9(NodeTestTask.java:139) ~[junit-platform-engine-1.8.2.jar:1.8.2]
	at org.junit.platform.engine.support.hierarchical.ThrowableCollector.execute(ThrowableCollector.java:73) ~[junit-platform-engine-1.8.2.jar:1.8.2]
	at org.junit.platform.engine.support.hierarchical.NodeTestTask.executeRecursively(NodeTestTask.java:138) ~[junit-platform-engine-1.8.2.jar:1.8.2]
	at org.junit.platform.engine.support.hierarchical.NodeTestTask.execute(NodeTestTask.java:95) ~[junit-platform-engine-1.8.2.jar:1.8.2]
	at java.base/java.util.ArrayList.forEach(ArrayList.java:1596) ~[na:na]
	at org.junit.platform.engine.support.hierarchical.SameThreadHierarchicalTestExecutorService.invokeAll(SameThreadHierarchicalTestExecutorService.java:41) ~[junit-platform-engine-1.8.2.jar:1.8.2]
	at org.junit.platform.engine.support.hierarchical.NodeTestTask.lambda$executeRecursively$6(NodeTestTask.java:155) ~[junit-platform-engine-1.8.2.jar:1.8.2]
	at org.junit.platform.engine.support.hierarchical.ThrowableCollector.execute(ThrowableCollector.java:73) ~[junit-platform-engine-1.8.2.jar:1.8.2]
	at org.junit.platform.engine.support.hierarchical.NodeTestTask.lambda$executeRecursively$8(NodeTestTask.java:141) ~[junit-platform-engine-1.8.2.jar:1.8.2]
	at org.junit.platform.engine.support.hierarchical.Node.around(Node.java:137) ~[junit-platform-engine-1.8.2.jar:1.8.2]
	at org.junit.platform.engine.support.hierarchical.NodeTestTask.lambda$executeRecursively$9(NodeTestTask.java:139) ~[junit-platform-engine-1.8.2.jar:1.8.2]
	at org.junit.platform.engine.support.hierarchical.ThrowableCollector.execute(ThrowableCollector.java:73) ~[junit-platform-engine-1.8.2.jar:1.8.2]
	at org.junit.platform.engine.support.hierarchical.NodeTestTask.executeRecursively(NodeTestTask.java:138) ~[junit-platform-engine-1.8.2.jar:1.8.2]
	at org.junit.platform.engine.support.hierarchical.NodeTestTask.execute(NodeTestTask.java:95) ~[junit-platform-engine-1.8.2.jar:1.8.2]
	at java.base/java.util.ArrayList.forEach(ArrayList.java:1596) ~[na:na]
	at org.junit.platform.engine.support.hierarchical.SameThreadHierarchicalTestExecutorService.invokeAll(SameThreadHierarchicalTestExecutorService.java:41) ~[junit-platform-engine-1.8.2.jar:1.8.2]
	at org.junit.platform.engine.support.hierarchical.NodeTestTask.lambda$executeRecursively$6(NodeTestTask.java:155) ~[junit-platform-engine-1.8.2.jar:1.8.2]
	at org.junit.platform.engine.support.hierarchical.ThrowableCollector.execute(ThrowableCollector.java:73) ~[junit-platform-engine-1.8.2.jar:1.8.2]
	at org.junit.platform.engine.support.hierarchical.NodeTestTask.lambda$executeRecursively$8(NodeTestTask.java:141) ~[junit-platform-engine-1.8.2.jar:1.8.2]
	at org.junit.platform.engine.support.hierarchical.Node.around(Node.java:137) ~[junit-platform-engine-1.8.2.jar:1.8.2]
	at org.junit.platform.engine.support.hierarchical.NodeTestTask.lambda$executeRecursively$9(NodeTestTask.java:139) ~[junit-platform-engine-1.8.2.jar:1.8.2]
	at org.junit.platform.engine.support.hierarchical.ThrowableCollector.execute(ThrowableCollector.java:73) ~[junit-platform-engine-1.8.2.jar:1.8.2]
	at org.junit.platform.engine.support.hierarchical.NodeTestTask.executeRecursively(NodeTestTask.java:138) ~[junit-platform-engine-1.8.2.jar:1.8.2]
	at org.junit.platform.engine.support.hierarchical.NodeTestTask.execute(NodeTestTask.java:95) ~[junit-platform-engine-1.8.2.jar:1.8.2]
	at org.junit.platform.engine.support.hierarchical.SameThreadHierarchicalTestExecutorService.submit(SameThreadHierarchicalTestExecutorService.java:35) ~[junit-platform-engine-1.8.2.jar:1.8.2]
	at org.junit.platform.engine.support.hierarchical.HierarchicalTestExecutor.execute(HierarchicalTestExecutor.java:57) ~[junit-platform-engine-1.8.2.jar:1.8.2]
	at org.junit.platform.engine.support.hierarchical.HierarchicalTestEngine.execute(HierarchicalTestEngine.java:54) ~[junit-platform-engine-1.8.2.jar:1.8.2]
	at org.junit.platform.launcher.core.DefaultLauncher.execute(DefaultLauncher.java:220) ~[junit-platform-launcher-1.3.1.jar:1.3.1]
	at org.junit.platform.launcher.core.DefaultLauncher.lambda$execute$6(DefaultLauncher.java:188) ~[junit-platform-launcher-1.3.1.jar:1.3.1]
	at org.junit.platform.launcher.core.DefaultLauncher.withInterceptedStreams(DefaultLauncher.java:202) ~[junit-platform-launcher-1.3.1.jar:1.3.1]
	at org.junit.platform.launcher.core.DefaultLauncher.execute(DefaultLauncher.java:181) ~[junit-platform-launcher-1.3.1.jar:1.3.1]
	at org.junit.platform.launcher.core.DefaultLauncher.execute(DefaultLauncher.java:128) ~[junit-platform-launcher-1.3.1.jar:1.3.1]
	at org.apache.maven.surefire.junitplatform.JUnitPlatformProvider.invokeAllTests(JUnitPlatformProvider.java:150) ~[surefire-junit-platform-2.22.2.jar:2.22.2]
	at org.apache.maven.surefire.junitplatform.JUnitPlatformProvider.invoke(JUnitPlatformProvider.java:124) ~[surefire-junit-platform-2.22.2.jar:2.22.2]
	at org.apache.maven.surefire.booter.ForkedBooter.invokeProviderInSameClassLoader(ForkedBooter.java:384) ~[surefire-booter-2.22.2.jar:2.22.2]
	at org.apache.maven.surefire.booter.ForkedBooter.runSuitesInProcess(ForkedBooter.java:345) ~[surefire-booter-2.22.2.jar:2.22.2]
	at org.apache.maven.surefire.booter.ForkedBooter.execute(ForkedBooter.java:126) ~[surefire-booter-2.22.2.jar:2.22.2]
	at org.apache.maven.surefire.booter.ForkedBooter.main(ForkedBooter.java:418) ~[surefire-booter-2.22.2.jar:2.22.2]
Caused by: java.net.ConnectException: Connection refused
	at java.base/sun.nio.ch.Net.pollConnect(Native Method) ~[na:na]
	at java.base/sun.nio.ch.Net.pollConnectNow(Net.java:682) ~[na:na]
	at java.base/sun.nio.ch.NioSocketImpl.timedFinishConnect(NioSocketImpl.java:542) ~[na:na]
	at java.base/sun.nio.ch.NioSocketImpl.connect(NioSocketImpl.java:592) ~[na:na]
	at java.base/java.net.SocksSocketImpl.connect(SocksSocketImpl.java:327) ~[na:na]
	at java.base/java.net.Socket.connect(Socket.java:751) ~[na:na]
	at org.postgresql.core.PGStream.createSocket(PGStream.java:243) ~[postgresql-42.7.1.jar:42.7.1]
	at org.postgresql.core.PGStream.<init>(PGStream.java:98) ~[postgresql-42.7.1.jar:42.7.1]
	at org.postgresql.core.v3.ConnectionFactoryImpl.tryConnect(ConnectionFactoryImpl.java:132) ~[postgresql-42.7.1.jar:42.7.1]
	at org.postgresql.core.v3.ConnectionFactoryImpl.openConnectionImpl(ConnectionFactoryImpl.java:258) ~[postgresql-42.7.1.jar:42.7.1]
	... 118 common frames omitted

2026-02-05 14:27:03.705  WARN 2945 --- [           main] o.h.e.j.e.i.JdbcEnvironmentInitiator     : HHH000342: Could not obtain connection to query metadata

org.postgresql.util.PSQLException: Connection to localhost:5432 refused. Check that the hostname and port are correct and that the postmaster is accepting TCP/IP connections.
	at org.postgresql.core.v3.ConnectionFactoryImpl.openConnectionImpl(ConnectionFactoryImpl.java:342) ~[postgresql-42.7.1.jar:42.7.1]
	at org.postgresql.core.ConnectionFactory.openConnection(ConnectionFactory.java:54) ~[postgresql-42.7.1.jar:42.7.1]
	at org.postgresql.jdbc.PgConnection.<init>(PgConnection.java:263) ~[postgresql-42.7.1.jar:42.7.1]
	at org.postgresql.Driver.makeConnection(Driver.java:444) ~[postgresql-42.7.1.jar:42.7.1]
	at org.postgresql.Driver.connect(Driver.java:297) ~[postgresql-42.7.1.jar:42.7.1]
	at com.zaxxer.hikari.util.DriverDataSource.getConnection(DriverDataSource.java:138) ~[HikariCP-4.0.3.jar:na]
	at com.zaxxer.hikari.pool.PoolBase.newConnection(PoolBase.java:364) ~[HikariCP-4.0.3.jar:na]
	at com.zaxxer.hikari.pool.PoolBase.newPoolEntry(PoolBase.java:206) ~[HikariCP-4.0.3.jar:na]
	at com.zaxxer.hikari.pool.HikariPool.createPoolEntry(HikariPool.java:476) ~[HikariCP-4.0.3.jar:na]
	at com.zaxxer.hikari.pool.HikariPool.checkFailFast(HikariPool.java:561) ~[HikariCP-4.0.3.jar:na]
	at com.zaxxer.hikari.pool.HikariPool.<init>(HikariPool.java:115) ~[HikariCP-4.0.3.jar:na]
	at com.zaxxer.hikari.HikariDataSource.getConnection(HikariDataSource.java:112) ~[HikariCP-4.0.3.jar:na]
	at org.hibernate.engine.jdbc.connections.internal.DatasourceConnectionProviderImpl.getConnection(DatasourceConnectionProviderImpl.java:122) ~[hibernate-core-5.6.15.Final.jar:5.6.15.Final]
	at org.hibernate.engine.jdbc.env.internal.JdbcEnvironmentInitiator$ConnectionProviderJdbcConnectionAccess.obtainConnection(JdbcEnvironmentInitiator.java:181) ~[hibernate-core-5.6.15.Final.jar:5.6.15.Final]
	at org.hibernate.engine.jdbc.env.internal.JdbcEnvironmentInitiator.initiateService(JdbcEnvironmentInitiator.java:68) ~[hibernate-core-5.6.15.Final.jar:5.6.15.Final]
	at org.hibernate.engine.jdbc.env.internal.JdbcEnvironmentInitiator.initiateService(JdbcEnvironmentInitiator.java:35) ~[hibernate-core-5.6.15.Final.jar:5.6.15.Final]
	at org.hibernate.boot.registry.internal.StandardServiceRegistryImpl.initiateService(StandardServiceRegistryImpl.java:101) ~[hibernate-core-5.6.15.Final.jar:5.6.15.Final]
	at org.hibernate.service.internal.AbstractServiceRegistryImpl.createService(AbstractServiceRegistryImpl.java:272) ~[hibernate-core-5.6.15.Final.jar:5.6.15.Final]
	at org.hibernate.service.internal.AbstractServiceRegistryImpl.initializeService(AbstractServiceRegistryImpl.java:246) ~[hibernate-core-5.6.15.Final.jar:5.6.15.Final]
	at org.hibernate.service.internal.AbstractServiceRegistryImpl.getService(AbstractServiceRegistryImpl.java:223) ~[hibernate-core-5.6.15.Final.jar:5.6.15.Final]
	at org.hibernate.id.factory.internal.DefaultIdentifierGeneratorFactory.injectServices(DefaultIdentifierGeneratorFactory.java:175) ~[hibernate-core-5.6.15.Final.jar:5.6.15.Final]
	at org.hibernate.service.internal.AbstractServiceRegistryImpl.injectDependencies(AbstractServiceRegistryImpl.java:295) ~[hibernate-core-5.6.15.Final.jar:5.6.15.Final]
	at org.hibernate.service.internal.AbstractServiceRegistryImpl.initializeService(AbstractServiceRegistryImpl.java:252) ~[hibernate-core-5.6.15.Final.jar:5.6.15.Final]
	at org.hibernate.service.internal.AbstractServiceRegistryImpl.getService(AbstractServiceRegistryImpl.java:223) ~[hibernate-core-5.6.15.Final.jar:5.6.15.Final]
	at org.hibernate.boot.internal.InFlightMetadataCollectorImpl.<init>(InFlightMetadataCollectorImpl.java:173) ~[hibernate-core-5.6.15.Final.jar:5.6.15.Final]
	at org.hibernate.boot.model.process.spi.MetadataBuildingProcess.complete(MetadataBuildingProcess.java:127) ~[hibernate-core-5.6.15.Final.jar:5.6.15.Final]
	at org.hibernate.jpa.boot.internal.EntityManagerFactoryBuilderImpl.metadata(EntityManagerFactoryBuilderImpl.java:1460) ~[hibernate-core-5.6.15.Final.jar:5.6.15.Final]
	at org.hibernate.jpa.boot.internal.EntityManagerFactoryBuilderImpl.build(EntityManagerFactoryBuilderImpl.java:1494) ~[hibernate-core-5.6.15.Final.jar:5.6.15.Final]
	at org.springframework.orm.jpa.vendor.SpringHibernateJpaPersistenceProvider.createContainerEntityManagerFactory(SpringHibernateJpaPersistenceProvider.java:58) ~[spring-orm-5.3.31.jar:5.3.31]
	at org.springframework.orm.jpa.LocalContainerEntityManagerFactoryBean.createNativeEntityManagerFactory(LocalContainerEntityManagerFactoryBean.java:365) ~[spring-orm-5.3.31.jar:5.3.31]
	at org.springframework.orm.jpa.AbstractEntityManagerFactoryBean.buildNativeEntityManagerFactory(AbstractEntityManagerFactoryBean.java:409) ~[spring-orm-5.3.31.jar:5.3.31]
	at org.springframework.orm.jpa.AbstractEntityManagerFactoryBean.afterPropertiesSet(AbstractEntityManagerFactoryBean.java:396) ~[spring-orm-5.3.31.jar:5.3.31]
	at org.springframework.orm.jpa.LocalContainerEntityManagerFactoryBean.afterPropertiesSet(LocalContainerEntityManagerFactoryBean.java:341) ~[spring-orm-5.3.31.jar:5.3.31]
	at org.springframework.beans.factory.support.AbstractAutowireCapableBeanFactory.invokeInitMethods(AbstractAutowireCapableBeanFactory.java:1863) ~[spring-beans-5.3.31.jar:5.3.31]
	at org.springframework.beans.factory.support.AbstractAutowireCapableBeanFactory.initializeBean(AbstractAutowireCapableBeanFactory.java:1800) ~[spring-beans-5.3.31.jar:5.3.31]
	at org.springframework.beans.factory.support.AbstractAutowireCapableBeanFactory.doCreateBean(AbstractAutowireCapableBeanFactory.java:620) ~[spring-beans-5.3.31.jar:5.3.31]
	at org.springframework.beans.factory.support.AbstractAutowireCapableBeanFactory.createBean(AbstractAutowireCapableBeanFactory.java:542) ~[spring-beans-5.3.31.jar:5.3.31]
	at org.springframework.beans.factory.support.AbstractBeanFactory.lambda$doGetBean$0(AbstractBeanFactory.java:335) ~[spring-beans-5.3.31.jar:5.3.31]
	at org.springframework.beans.factory.support.DefaultSingletonBeanRegistry.getSingleton(DefaultSingletonBeanRegistry.java:234) ~[spring-beans-5.3.31.jar:5.3.31]
	at org.springframework.beans.factory.support.AbstractBeanFactory.doGetBean(AbstractBeanFactory.java:333) ~[spring-beans-5.3.31.jar:5.3.31]
	at org.springframework.beans.factory.support.AbstractBeanFactory.getBean(AbstractBeanFactory.java:208) ~[spring-beans-5.3.31.jar:5.3.31]
	at org.springframework.context.support.AbstractApplicationContext.getBean(AbstractApplicationContext.java:1168) ~[spring-context-5.3.31.jar:5.3.31]
	at org.springframework.context.support.AbstractApplicationContext.finishBeanFactoryInitialization(AbstractApplicationContext.java:919) ~[spring-context-5.3.31.jar:5.3.31]
	at org.springframework.context.support.AbstractApplicationContext.refresh(AbstractApplicationContext.java:591) ~[spring-context-5.3.31.jar:5.3.31]
	at org.springframework.boot.web.servlet.context.ServletWebServerApplicationContext.refresh(ServletWebServerApplicationContext.java:147) ~[spring-boot-2.7.18.jar:2.7.18]
	at org.springframework.boot.SpringApplication.refresh(SpringApplication.java:732) ~[spring-boot-2.7.18.jar:2.7.18]
	at org.springframework.boot.SpringApplication.refreshContext(SpringApplication.java:409) ~[spring-boot-2.7.18.jar:2.7.18]
	at org.springframework.boot.SpringApplication.run(SpringApplication.java:308) ~[spring-boot-2.7.18.jar:2.7.18]
	at org.springframework.boot.SpringApplication.run(SpringApplication.java:1300) ~[spring-boot-2.7.18.jar:2.7.18]
	at org.springframework.boot.SpringApplication.run(SpringApplication.java:1289) ~[spring-boot-2.7.18.jar:2.7.18]
	at crm.CrmApplication.main(CrmApplication.java:10) ~[classes/:na]
	at crm.CrmApplicationTest.lambda$testMainMethodExists$0(CrmApplicationTest.java:13) ~[test-classes/:na]
	at org.junit.jupiter.api.AssertDoesNotThrow.assertDoesNotThrow(AssertDoesNotThrow.java:49) ~[junit-jupiter-api-5.9.3.jar:5.9.3]
	at org.junit.jupiter.api.AssertDoesNotThrow.assertDoesNotThrow(AssertDoesNotThrow.java:36) ~[junit-jupiter-api-5.9.3.jar:5.9.3]
	at org.junit.jupiter.api.Assertions.assertDoesNotThrow(Assertions.java:3136) ~[junit-jupiter-api-5.9.3.jar:5.9.3]
	at crm.CrmApplicationTest.testMainMethodExists(CrmApplicationTest.java:12) ~[test-classes/:na]
	at java.base/jdk.internal.reflect.DirectMethodHandleAccessor.invoke(DirectMethodHandleAccessor.java:103) ~[na:na]
	at java.base/java.lang.reflect.Method.invoke(Method.java:580) ~[na:na]
	at org.junit.platform.commons.util.ReflectionUtils.invokeMethod(ReflectionUtils.java:725) ~[junit-platform-commons-1.8.2.jar:1.8.2]
	at org.junit.jupiter.engine.execution.MethodInvocation.proceed(MethodInvocation.java:60) ~[junit-jupiter-engine-5.9.3.jar:5.9.3]
	at org.junit.jupiter.engine.execution.InvocationInterceptorChain$ValidatingInvocation.proceed(InvocationInterceptorChain.java:131) ~[junit-jupiter-engine-5.9.3.jar:5.9.3]
	at org.junit.jupiter.engine.extension.TimeoutExtension.intercept(TimeoutExtension.java:156) ~[junit-jupiter-engine-5.9.3.jar:5.9.3]
	at org.junit.jupiter.engine.extension.TimeoutExtension.interceptTestableMethod(TimeoutExtension.java:147) ~[junit-jupiter-engine-5.9.3.jar:5.9.3]
	at org.junit.jupiter.engine.extension.TimeoutExtension.interceptTestMethod(TimeoutExtension.java:86) ~[junit-jupiter-engine-5.9.3.jar:5.9.3]
	at org.junit.jupiter.engine.execution.InterceptingExecutableInvoker$ReflectiveInterceptorCall.lambda$ofVoidMethod$0(InterceptingExecutableInvoker.java:103) ~[junit-jupiter-engine-5.9.3.jar:5.9.3]
	at org.junit.jupiter.engine.execution.InterceptingExecutableInvoker.lambda$invoke$0(InterceptingExecutableInvoker.java:93) ~[junit-jupiter-engine-5.9.3.jar:5.9.3]
	at org.junit.jupiter.engine.execution.InvocationInterceptorChain$InterceptedInvocation.proceed(InvocationInterceptorChain.java:106) ~[junit-jupiter-engine-5.9.3.jar:5.9.3]
	at org.junit.jupiter.engine.execution.InvocationInterceptorChain.proceed(InvocationInterceptorChain.java:64) ~[junit-jupiter-engine-5.9.3.jar:5.9.3]
	at org.junit.jupiter.engine.execution.InvocationInterceptorChain.chainAndInvoke(InvocationInterceptorChain.java:45) ~[junit-jupiter-engine-5.9.3.jar:5.9.3]
	at org.junit.jupiter.engine.execution.InvocationInterceptorChain.invoke(InvocationInterceptorChain.java:37) ~[junit-jupiter-engine-5.9.3.jar:5.9.3]
	at org.junit.jupiter.engine.execution.InterceptingExecutableInvoker.invoke(InterceptingExecutableInvoker.java:92) ~[junit-jupiter-engine-5.9.3.jar:5.9.3]
	at org.junit.jupiter.engine.execution.InterceptingExecutableInvoker.invoke(InterceptingExecutableInvoker.java:86) ~[junit-jupiter-engine-5.9.3.jar:5.9.3]
	at org.junit.jupiter.engine.descriptor.TestMethodTestDescriptor.lambda$invokeTestMethod$7(TestMethodTestDescriptor.java:217) ~[junit-jupiter-engine-5.9.3.jar:5.9.3]
	at org.junit.platform.engine.support.hierarchical.ThrowableCollector.execute(ThrowableCollector.java:73) ~[junit-platform-engine-1.8.2.jar:1.8.2]
	at org.junit.jupiter.engine.descriptor.TestMethodTestDescriptor.invokeTestMethod(TestMethodTestDescriptor.java:213) ~[junit-jupiter-engine-5.9.3.jar:5.9.3]
	at org.junit.jupiter.engine.descriptor.TestMethodTestDescriptor.execute(TestMethodTestDescriptor.java:138) ~[junit-jupiter-engine-5.9.3.jar:5.9.3]
	at org.junit.jupiter.engine.descriptor.TestMethodTestDescriptor.execute(TestMethodTestDescriptor.java:68) ~[junit-jupiter-engine-5.9.3.jar:5.9.3]
	at org.junit.platform.engine.support.hierarchical.NodeTestTask.lambda$executeRecursively$6(NodeTestTask.java:151) ~[junit-platform-engine-1.8.2.jar:1.8.2]
	at org.junit.platform.engine.support.hierarchical.ThrowableCollector.execute(ThrowableCollector.java:73) ~[junit-platform-engine-1.8.2.jar:1.8.2]
	at org.junit.platform.engine.support.hierarchical.NodeTestTask.lambda$executeRecursively$8(NodeTestTask.java:141) ~[junit-platform-engine-1.8.2.jar:1.8.2]
	at org.junit.platform.engine.support.hierarchical.Node.around(Node.java:137) ~[junit-platform-engine-1.8.2.jar:1.8.2]
	at org.junit.platform.engine.support.hierarchical.NodeTestTask.lambda$executeRecursively$9(NodeTestTask.java:139) ~[junit-platform-engine-1.8.2.jar:1.8.2]
	at org.junit.platform.engine.support.hierarchical.ThrowableCollector.execute(ThrowableCollector.java:73) ~[junit-platform-engine-1.8.2.jar:1.8.2]
	at org.junit.platform.engine.support.hierarchical.NodeTestTask.executeRecursively(NodeTestTask.java:138) ~[junit-platform-engine-1.8.2.jar:1.8.2]
	at org.junit.platform.engine.support.hierarchical.NodeTestTask.execute(NodeTestTask.java:95) ~[junit-platform-engine-1.8.2.jar:1.8.2]
	at java.base/java.util.ArrayList.forEach(ArrayList.java:1596) ~[na:na]
	at org.junit.platform.engine.support.hierarchical.SameThreadHierarchicalTestExecutorService.invokeAll(SameThreadHierarchicalTestExecutorService.java:41) ~[junit-platform-engine-1.8.2.jar:1.8.2]
	at org.junit.platform.engine.support.hierarchical.NodeTestTask.lambda$executeRecursively$6(NodeTestTask.java:155) ~[junit-platform-engine-1.8.2.jar:1.8.2]
	at org.junit.platform.engine.support.hierarchical.ThrowableCollector.execute(ThrowableCollector.java:73) ~[junit-platform-engine-1.8.2.jar:1.8.2]
	at org.junit.platform.engine.support.hierarchical.NodeTestTask.lambda$executeRecursively$8(NodeTestTask.java:141) ~[junit-platform-engine-1.8.2.jar:1.8.2]
	at org.junit.platform.engine.support.hierarchical.Node.around(Node.java:137) ~[junit-platform-engine-1.8.2.jar:1.8.2]
	at org.junit.platform.engine.support.hierarchical.NodeTestTask.lambda$executeRecursively$9(NodeTestTask.java:139) ~[junit-platform-engine-1.8.2.jar:1.8.2]
	at org.junit.platform.engine.support.hierarchical.ThrowableCollector.execute(ThrowableCollector.java:73) ~[junit-platform-engine-1.8.2.jar:1.8.2]
	at org.junit.platform.engine.support.hierarchical.NodeTestTask.executeRecursively(NodeTestTask.java:138) ~[junit-platform-engine-1.8.2.jar:1.8.2]
	at org.junit.platform.engine.support.hierarchical.NodeTestTask.execute(NodeTestTask.java:95) ~[junit-platform-engine-1.8.2.jar:1.8.2]
	at java.base/java.util.ArrayList.forEach(ArrayList.java:1596) ~[na:na]
	at org.junit.platform.engine.support.hierarchical.SameThreadHierarchicalTestExecutorService.invokeAll(SameThreadHierarchicalTestExecutorService.java:41) ~[junit-platform-engine-1.8.2.jar:1.8.2]
	at org.junit.platform.engine.support.hierarchical.NodeTestTask.lambda$executeRecursively$6(NodeTestTask.java:155) ~[junit-platform-engine-1.8.2.jar:1.8.2]
	at org.junit.platform.engine.support.hierarchical.ThrowableCollector.execute(ThrowableCollector.java:73) ~[junit-platform-engine-1.8.2.jar:1.8.2]
	at org.junit.platform.engine.support.hierarchical.NodeTestTask.lambda$executeRecursively$8(NodeTestTask.java:141) ~[junit-platform-engine-1.8.2.jar:1.8.2]
	at org.junit.platform.engine.support.hierarchical.Node.around(Node.java:137) ~[junit-platform-engine-1.8.2.jar:1.8.2]
	at org.junit.platform.engine.support.hierarchical.NodeTestTask.lambda$executeRecursively$9(NodeTestTask.java:139) ~[junit-platform-engine-1.8.2.jar:1.8.2]
	at org.junit.platform.engine.support.hierarchical.ThrowableCollector.execute(ThrowableCollector.java:73) ~[junit-platform-engine-1.8.2.jar:1.8.2]
	at org.junit.platform.engine.support.hierarchical.NodeTestTask.executeRecursively(NodeTestTask.java:138) ~[junit-platform-engine-1.8.2.jar:1.8.2]
	at org.junit.platform.engine.support.hierarchical.NodeTestTask.execute(NodeTestTask.java:95) ~[junit-platform-engine-1.8.2.jar:1.8.2]
	at org.junit.platform.engine.support.hierarchical.SameThreadHierarchicalTestExecutorService.submit(SameThreadHierarchicalTestExecutorService.java:35) ~[junit-platform-engine-1.8.2.jar:1.8.2]
	at org.junit.platform.engine.support.hierarchical.HierarchicalTestExecutor.execute(HierarchicalTestExecutor.java:57) ~[junit-platform-engine-1.8.2.jar:1.8.2]
	at org.junit.platform.engine.support.hierarchical.HierarchicalTestEngine.execute(HierarchicalTestEngine.java:54) ~[junit-platform-engine-1.8.2.jar:1.8.2]
	at org.junit.platform.launcher.core.DefaultLauncher.execute(DefaultLauncher.java:220) ~[junit-platform-launcher-1.3.1.jar:1.3.1]
	at org.junit.platform.launcher.core.DefaultLauncher.lambda$execute$6(DefaultLauncher.java:188) ~[junit-platform-launcher-1.3.1.jar:1.3.1]
	at org.junit.platform.launcher.core.DefaultLauncher.withInterceptedStreams(DefaultLauncher.java:202) ~[junit-platform-launcher-1.3.1.jar:1.3.1]
	at org.junit.platform.launcher.core.DefaultLauncher.execute(DefaultLauncher.java:181) ~[junit-platform-launcher-1.3.1.jar:1.3.1]
	at org.junit.platform.launcher.core.DefaultLauncher.execute(DefaultLauncher.java:128) ~[junit-platform-launcher-1.3.1.jar:1.3.1]
	at org.apache.maven.surefire.junitplatform.JUnitPlatformProvider.invokeAllTests(JUnitPlatformProvider.java:150) ~[surefire-junit-platform-2.22.2.jar:2.22.2]
	at org.apache.maven.surefire.junitplatform.JUnitPlatformProvider.invoke(JUnitPlatformProvider.java:124) ~[surefire-junit-platform-2.22.2.jar:2.22.2]
	at org.apache.maven.surefire.booter.ForkedBooter.invokeProviderInSameClassLoader(ForkedBooter.java:384) ~[surefire-booter-2.22.2.jar:2.22.2]
	at org.apache.maven.surefire.booter.ForkedBooter.runSuitesInProcess(ForkedBooter.java:345) ~[surefire-booter-2.22.2.jar:2.22.2]
	at org.apache.maven.surefire.booter.ForkedBooter.execute(ForkedBooter.java:126) ~[surefire-booter-2.22.2.jar:2.22.2]
	at org.apache.maven.surefire.booter.ForkedBooter.main(ForkedBooter.java:418) ~[surefire-booter-2.22.2.jar:2.22.2]
Caused by: java.net.ConnectException: Connection refused
	at java.base/sun.nio.ch.Net.pollConnect(Native Method) ~[na:na]
	at java.base/sun.nio.ch.Net.pollConnectNow(Net.java:682) ~[na:na]
	at java.base/sun.nio.ch.NioSocketImpl.timedFinishConnect(NioSocketImpl.java:542) ~[na:na]
	at java.base/sun.nio.ch.NioSocketImpl.connect(NioSocketImpl.java:592) ~[na:na]
	at java.base/java.net.SocksSocketImpl.connect(SocksSocketImpl.java:327) ~[na:na]
	at java.base/java.net.Socket.connect(Socket.java:751) ~[na:na]
	at org.postgresql.core.PGStream.createSocket(PGStream.java:243) ~[postgresql-42.7.1.jar:42.7.1]
	at org.postgresql.core.PGStream.<init>(PGStream.java:98) ~[postgresql-42.7.1.jar:42.7.1]
	at org.postgresql.core.v3.ConnectionFactoryImpl.tryConnect(ConnectionFactoryImpl.java:132) ~[postgresql-42.7.1.jar:42.7.1]
	at org.postgresql.core.v3.ConnectionFactoryImpl.openConnectionImpl(ConnectionFactoryImpl.java:258) ~[postgresql-42.7.1.jar:42.7.1]
	... 118 common frames omitted

2026-02-05 14:27:03.706  INFO 2945 --- [           main] org.hibernate.dialect.Dialect            : HHH000400: Using dialect: org.hibernate.dialect.PostgreSQLDialect
2026-02-05 14:27:03.744  INFO 2945 --- [           main] com.zaxxer.hikari.HikariDataSource       : HikariPool-5 - Starting...
2026-02-05 14:27:04.746 ERROR 2945 --- [           main] com.zaxxer.hikari.pool.HikariPool        : HikariPool-5 - Exception during pool initialization.

org.postgresql.util.PSQLException: Connection to localhost:5432 refused. Check that the hostname and port are correct and that the postmaster is accepting TCP/IP connections.
	at org.postgresql.core.v3.ConnectionFactoryImpl.openConnectionImpl(ConnectionFactoryImpl.java:342) ~[postgresql-42.7.1.jar:42.7.1]
	at org.postgresql.core.ConnectionFactory.openConnection(ConnectionFactory.java:54) ~[postgresql-42.7.1.jar:42.7.1]
	at org.postgresql.jdbc.PgConnection.<init>(PgConnection.java:263) ~[postgresql-42.7.1.jar:42.7.1]
	at org.postgresql.Driver.makeConnection(Driver.java:444) ~[postgresql-42.7.1.jar:42.7.1]
	at org.postgresql.Driver.connect(Driver.java:297) ~[postgresql-42.7.1.jar:42.7.1]
	at com.zaxxer.hikari.util.DriverDataSource.getConnection(DriverDataSource.java:138) ~[HikariCP-4.0.3.jar:na]
	at com.zaxxer.hikari.pool.PoolBase.newConnection(PoolBase.java:364) ~[HikariCP-4.0.3.jar:na]
	at com.zaxxer.hikari.pool.PoolBase.newPoolEntry(PoolBase.java:206) ~[HikariCP-4.0.3.jar:na]
	at com.zaxxer.hikari.pool.HikariPool.createPoolEntry(HikariPool.java:476) ~[HikariCP-4.0.3.jar:na]
	at com.zaxxer.hikari.pool.HikariPool.checkFailFast(HikariPool.java:561) ~[HikariCP-4.0.3.jar:na]
	at com.zaxxer.hikari.pool.HikariPool.<init>(HikariPool.java:115) ~[HikariCP-4.0.3.jar:na]
	at com.zaxxer.hikari.HikariDataSource.getConnection(HikariDataSource.java:112) ~[HikariCP-4.0.3.jar:na]
	at org.hibernate.engine.jdbc.connections.internal.DatasourceConnectionProviderImpl.getConnection(DatasourceConnectionProviderImpl.java:122) ~[hibernate-core-5.6.15.Final.jar:5.6.15.Final]
	at org.hibernate.engine.jdbc.env.internal.JdbcEnvironmentInitiator$ConnectionProviderJdbcConnectionAccess.obtainConnection(JdbcEnvironmentInitiator.java:181) ~[hibernate-core-5.6.15.Final.jar:5.6.15.Final]
	at org.hibernate.resource.transaction.backend.jdbc.internal.DdlTransactionIsolatorNonJtaImpl.getIsolatedConnection(DdlTransactionIsolatorNonJtaImpl.java:44) ~[hibernate-core-5.6.15.Final.jar:5.6.15.Final]
	at org.hibernate.tool.schema.internal.exec.GenerationTargetToDatabase.jdbcStatement(GenerationTargetToDatabase.java:77) ~[hibernate-core-5.6.15.Final.jar:5.6.15.Final]
	at org.hibernate.tool.schema.internal.exec.GenerationTargetToDatabase.accept(GenerationTargetToDatabase.java:53) ~[hibernate-core-5.6.15.Final.jar:5.6.15.Final]
	at org.hibernate.tool.schema.internal.SchemaDropperImpl.applySqlString(SchemaDropperImpl.java:387) ~[hibernate-core-5.6.15.Final.jar:5.6.15.Final]
	at org.hibernate.tool.schema.internal.SchemaDropperImpl.applySqlStrings(SchemaDropperImpl.java:371) ~[hibernate-core-5.6.15.Final.jar:5.6.15.Final]
	at org.hibernate.tool.schema.internal.SchemaDropperImpl.applyConstraintDropping(SchemaDropperImpl.java:341) ~[hibernate-core-5.6.15.Final.jar:5.6.15.Final]
	at org.hibernate.tool.schema.internal.SchemaDropperImpl.dropFromMetadata(SchemaDropperImpl.java:235) ~[hibernate-core-5.6.15.Final.jar:5.6.15.Final]
	at org.hibernate.tool.schema.internal.SchemaDropperImpl.performDrop(SchemaDropperImpl.java:156) ~[hibernate-core-5.6.15.Final.jar:5.6.15.Final]
	at org.hibernate.tool.schema.internal.SchemaDropperImpl.doDrop(SchemaDropperImpl.java:128) ~[hibernate-core-5.6.15.Final.jar:5.6.15.Final]
	at org.hibernate.tool.schema.internal.SchemaDropperImpl.doDrop(SchemaDropperImpl.java:114) ~[hibernate-core-5.6.15.Final.jar:5.6.15.Final]
	at org.hibernate.tool.schema.spi.SchemaManagementToolCoordinator.performDatabaseAction(SchemaManagementToolCoordinator.java:157) ~[hibernate-core-5.6.15.Final.jar:5.6.15.Final]
	at org.hibernate.tool.schema.spi.SchemaManagementToolCoordinator.process(SchemaManagementToolCoordinator.java:85) ~[hibernate-core-5.6.15.Final.jar:5.6.15.Final]
	at org.hibernate.internal.SessionFactoryImpl.<init>(SessionFactoryImpl.java:335) ~[hibernate-core-5.6.15.Final.jar:5.6.15.Final]
	at org.hibernate.boot.internal.SessionFactoryBuilderImpl.build(SessionFactoryBuilderImpl.java:471) ~[hibernate-core-5.6.15.Final.jar:5.6.15.Final]
	at org.hibernate.jpa.boot.internal.EntityManagerFactoryBuilderImpl.build(EntityManagerFactoryBuilderImpl.java:1498) ~[hibernate-core-5.6.15.Final.jar:5.6.15.Final]
	at org.springframework.orm.jpa.vendor.SpringHibernateJpaPersistenceProvider.createContainerEntityManagerFactory(SpringHibernateJpaPersistenceProvider.java:58) ~[spring-orm-5.3.31.jar:5.3.31]
	at org.springframework.orm.jpa.LocalContainerEntityManagerFactoryBean.createNativeEntityManagerFactory(LocalContainerEntityManagerFactoryBean.java:365) ~[spring-orm-5.3.31.jar:5.3.31]
	at org.springframework.orm.jpa.AbstractEntityManagerFactoryBean.buildNativeEntityManagerFactory(AbstractEntityManagerFactoryBean.java:409) ~[spring-orm-5.3.31.jar:5.3.31]
	at org.springframework.orm.jpa.AbstractEntityManagerFactoryBean.afterPropertiesSet(AbstractEntityManagerFactoryBean.java:396) ~[spring-orm-5.3.31.jar:5.3.31]
	at org.springframework.orm.jpa.LocalContainerEntityManagerFactoryBean.afterPropertiesSet(LocalContainerEntityManagerFactoryBean.java:341) ~[spring-orm-5.3.31.jar:5.3.31]
	at org.springframework.beans.factory.support.AbstractAutowireCapableBeanFactory.invokeInitMethods(AbstractAutowireCapableBeanFactory.java:1863) ~[spring-beans-5.3.31.jar:5.3.31]
	at org.springframework.beans.factory.support.AbstractAutowireCapableBeanFactory.initializeBean(AbstractAutowireCapableBeanFactory.java:1800) ~[spring-beans-5.3.31.jar:5.3.31]
	at org.springframework.beans.factory.support.AbstractAutowireCapableBeanFactory.doCreateBean(AbstractAutowireCapableBeanFactory.java:620) ~[spring-beans-5.3.31.jar:5.3.31]
	at org.springframework.beans.factory.support.AbstractAutowireCapableBeanFactory.createBean(AbstractAutowireCapableBeanFactory.java:542) ~[spring-beans-5.3.31.jar:5.3.31]
	at org.springframework.beans.factory.support.AbstractBeanFactory.lambda$doGetBean$0(AbstractBeanFactory.java:335) ~[spring-beans-5.3.31.jar:5.3.31]
	at org.springframework.beans.factory.support.DefaultSingletonBeanRegistry.getSingleton(DefaultSingletonBeanRegistry.java:234) ~[spring-beans-5.3.31.jar:5.3.31]
	at org.springframework.beans.factory.support.AbstractBeanFactory.doGetBean(AbstractBeanFactory.java:333) ~[spring-beans-5.3.31.jar:5.3.31]
	at org.springframework.beans.factory.support.AbstractBeanFactory.getBean(AbstractBeanFactory.java:208) ~[spring-beans-5.3.31.jar:5.3.31]
	at org.springframework.context.support.AbstractApplicationContext.getBean(AbstractApplicationContext.java:1168) ~[spring-context-5.3.31.jar:5.3.31]
	at org.springframework.context.support.AbstractApplicationContext.finishBeanFactoryInitialization(AbstractApplicationContext.java:919) ~[spring-context-5.3.31.jar:5.3.31]
	at org.springframework.context.support.AbstractApplicationContext.refresh(AbstractApplicationContext.java:591) ~[spring-context-5.3.31.jar:5.3.31]
	at org.springframework.boot.web.servlet.context.ServletWebServerApplicationContext.refresh(ServletWebServerApplicationContext.java:147) ~[spring-boot-2.7.18.jar:2.7.18]
	at org.springframework.boot.SpringApplication.refresh(SpringApplication.java:732) ~[spring-boot-2.7.18.jar:2.7.18]
	at org.springframework.boot.SpringApplication.refreshContext(SpringApplication.java:409) ~[spring-boot-2.7.18.jar:2.7.18]
	at org.springframework.boot.SpringApplication.run(SpringApplication.java:308) ~[spring-boot-2.7.18.jar:2.7.18]
	at org.springframework.boot.SpringApplication.run(SpringApplication.java:1300) ~[spring-boot-2.7.18.jar:2.7.18]
	at org.springframework.boot.SpringApplication.run(SpringApplication.java:1289) ~[spring-boot-2.7.18.jar:2.7.18]
	at crm.CrmApplication.main(CrmApplication.java:10) ~[classes/:na]
	at crm.CrmApplicationTest.lambda$testMainMethodExists$0(CrmApplicationTest.java:13) ~[test-classes/:na]
	at org.junit.jupiter.api.AssertDoesNotThrow.assertDoesNotThrow(AssertDoesNotThrow.java:49) ~[junit-jupiter-api-5.9.3.jar:5.9.3]
	at org.junit.jupiter.api.AssertDoesNotThrow.assertDoesNotThrow(AssertDoesNotThrow.java:36) ~[junit-jupiter-api-5.9.3.jar:5.9.3]
	at org.junit.jupiter.api.Assertions.assertDoesNotThrow(Assertions.java:3136) ~[junit-jupiter-api-5.9.3.jar:5.9.3]
	at crm.CrmApplicationTest.testMainMethodExists(CrmApplicationTest.java:12) ~[test-classes/:na]
	at java.base/jdk.internal.reflect.DirectMethodHandleAccessor.invoke(DirectMethodHandleAccessor.java:103) ~[na:na]
	at java.base/java.lang.reflect.Method.invoke(Method.java:580) ~[na:na]
	at org.junit.platform.commons.util.ReflectionUtils.invokeMethod(ReflectionUtils.java:725) ~[junit-platform-commons-1.8.2.jar:1.8.2]
	at org.junit.jupiter.engine.execution.MethodInvocation.proceed(MethodInvocation.java:60) ~[junit-jupiter-engine-5.9.3.jar:5.9.3]
	at org.junit.jupiter.engine.execution.InvocationInterceptorChain$ValidatingInvocation.proceed(InvocationInterceptorChain.java:131) ~[junit-jupiter-engine-5.9.3.jar:5.9.3]
	at org.junit.jupiter.engine.extension.TimeoutExtension.intercept(TimeoutExtension.java:156) ~[junit-jupiter-engine-5.9.3.jar:5.9.3]
	at org.junit.jupiter.engine.extension.TimeoutExtension.interceptTestableMethod(TimeoutExtension.java:147) ~[junit-jupiter-engine-5.9.3.jar:5.9.3]
	at org.junit.jupiter.engine.extension.TimeoutExtension.interceptTestMethod(TimeoutExtension.java:86) ~[junit-jupiter-engine-5.9.3.jar:5.9.3]
	at org.junit.jupiter.engine.execution.InterceptingExecutableInvoker$ReflectiveInterceptorCall.lambda$ofVoidMethod$0(InterceptingExecutableInvoker.java:103) ~[junit-jupiter-engine-5.9.3.jar:5.9.3]
	at org.junit.jupiter.engine.execution.InterceptingExecutableInvoker.lambda$invoke$0(InterceptingExecutableInvoker.java:93) ~[junit-jupiter-engine-5.9.3.jar:5.9.3]
	at org.junit.jupiter.engine.execution.InvocationInterceptorChain$InterceptedInvocation.proceed(InvocationInterceptorChain.java:106) ~[junit-jupiter-engine-5.9.3.jar:5.9.3]
	at org.junit.jupiter.engine.execution.InvocationInterceptorChain.proceed(InvocationInterceptorChain.java:64) ~[junit-jupiter-engine-5.9.3.jar:5.9.3]
	at org.junit.jupiter.engine.execution.InvocationInterceptorChain.chainAndInvoke(InvocationInterceptorChain.java:45) ~[junit-jupiter-engine-5.9.3.jar:5.9.3]
	at org.junit.jupiter.engine.execution.InvocationInterceptorChain.invoke(InvocationInterceptorChain.java:37) ~[junit-jupiter-engine-5.9.3.jar:5.9.3]
	at org.junit.jupiter.engine.execution.InterceptingExecutableInvoker.invoke(InterceptingExecutableInvoker.java:92) ~[junit-jupiter-engine-5.9.3.jar:5.9.3]
	at org.junit.jupiter.engine.execution.InterceptingExecutableInvoker.invoke(InterceptingExecutableInvoker.java:86) ~[junit-jupiter-engine-5.9.3.jar:5.9.3]
	at org.junit.jupiter.engine.descriptor.TestMethodTestDescriptor.lambda$invokeTestMethod$7(TestMethodTestDescriptor.java:217) ~[junit-jupiter-engine-5.9.3.jar:5.9.3]
	at org.junit.platform.engine.support.hierarchical.ThrowableCollector.execute(ThrowableCollector.java:73) ~[junit-platform-engine-1.8.2.jar:1.8.2]
	at org.junit.jupiter.engine.descriptor.TestMethodTestDescriptor.invokeTestMethod(TestMethodTestDescriptor.java:213) ~[junit-jupiter-engine-5.9.3.jar:5.9.3]
	at org.junit.jupiter.engine.descriptor.TestMethodTestDescriptor.execute(TestMethodTestDescriptor.java:138) ~[junit-jupiter-engine-5.9.3.jar:5.9.3]
	at org.junit.jupiter.engine.descriptor.TestMethodTestDescriptor.execute(TestMethodTestDescriptor.java:68) ~[junit-jupiter-engine-5.9.3.jar:5.9.3]
	at org.junit.platform.engine.support.hierarchical.NodeTestTask.lambda$executeRecursively$6(NodeTestTask.java:151) ~[junit-platform-engine-1.8.2.jar:1.8.2]
	at org.junit.platform.engine.support.hierarchical.ThrowableCollector.execute(ThrowableCollector.java:73) ~[junit-platform-engine-1.8.2.jar:1.8.2]
	at org.junit.platform.engine.support.hierarchical.NodeTestTask.lambda$executeRecursively$8(NodeTestTask.java:141) ~[junit-platform-engine-1.8.2.jar:1.8.2]
	at org.junit.platform.engine.support.hierarchical.Node.around(Node.java:137) ~[junit-platform-engine-1.8.2.jar:1.8.2]
	at org.junit.platform.engine.support.hierarchical.NodeTestTask.lambda$executeRecursively$9(NodeTestTask.java:139) ~[junit-platform-engine-1.8.2.jar:1.8.2]
	at org.junit.platform.engine.support.hierarchical.ThrowableCollector.execute(ThrowableCollector.java:73) ~[junit-platform-engine-1.8.2.jar:1.8.2]
	at org.junit.platform.engine.support.hierarchical.NodeTestTask.executeRecursively(NodeTestTask.java:138) ~[junit-platform-engine-1.8.2.jar:1.8.2]
	at org.junit.platform.engine.support.hierarchical.NodeTestTask.execute(NodeTestTask.java:95) ~[junit-platform-engine-1.8.2.jar:1.8.2]
	at java.base/java.util.ArrayList.forEach(ArrayList.java:1596) ~[na:na]
	at org.junit.platform.engine.support.hierarchical.SameThreadHierarchicalTestExecutorService.invokeAll(SameThreadHierarchicalTestExecutorService.java:41) ~[junit-platform-engine-1.8.2.jar:1.8.2]
	at org.junit.platform.engine.support.hierarchical.NodeTestTask.lambda$executeRecursively$6(NodeTestTask.java:155) ~[junit-platform-engine-1.8.2.jar:1.8.2]
	at org.junit.platform.engine.support.hierarchical.ThrowableCollector.execute(ThrowableCollector.java:73) ~[junit-platform-engine-1.8.2.jar:1.8.2]
	at org.junit.platform.engine.support.hierarchical.NodeTestTask.lambda$executeRecursively$8(NodeTestTask.java:141) ~[junit-platform-engine-1.8.2.jar:1.8.2]
	at org.junit.platform.engine.support.hierarchical.Node.around(Node.java:137) ~[junit-platform-engine-1.8.2.jar:1.8.2]
	at org.junit.platform.engine.support.hierarchical.NodeTestTask.lambda$executeRecursively$9(NodeTestTask.java:139) ~[junit-platform-engine-1.8.2.jar:1.8.2]
	at org.junit.platform.engine.support.hierarchical.ThrowableCollector.execute(ThrowableCollector.java:73) ~[junit-platform-engine-1.8.2.jar:1.8.2]
	at org.junit.platform.engine.support.hierarchical.NodeTestTask.executeRecursively(NodeTestTask.java:138) ~[junit-platform-engine-1.8.2.jar:1.8.2]
	at org.junit.platform.engine.support.hierarchical.NodeTestTask.execute(NodeTestTask.java:95) ~[junit-platform-engine-1.8.2.jar:1.8.2]
	at java.base/java.util.ArrayList.forEach(ArrayList.java:1596) ~[na:na]
	at org.junit.platform.engine.support.hierarchical.SameThreadHierarchicalTestExecutorService.invokeAll(SameThreadHierarchicalTestExecutorService.java:41) ~[junit-platform-engine-1.8.2.jar:1.8.2]
	at org.junit.platform.engine.support.hierarchical.NodeTestTask.lambda$executeRecursively$6(NodeTestTask.java:155) ~[junit-platform-engine-1.8.2.jar:1.8.2]
	at org.junit.platform.engine.support.hierarchical.ThrowableCollector.execute(ThrowableCollector.java:73) ~[junit-platform-engine-1.8.2.jar:1.8.2]
	at org.junit.platform.engine.support.hierarchical.NodeTestTask.lambda$executeRecursively$8(NodeTestTask.java:141) ~[junit-platform-engine-1.8.2.jar:1.8.2]
	at org.junit.platform.engine.support.hierarchical.Node.around(Node.java:137) ~[junit-platform-engine-1.8.2.jar:1.8.2]
	at org.junit.platform.engine.support.hierarchical.NodeTestTask.lambda$executeRecursively$9(NodeTestTask.java:139) ~[junit-platform-engine-1.8.2.jar:1.8.2]
	at org.junit.platform.engine.support.hierarchical.ThrowableCollector.execute(ThrowableCollector.java:73) ~[junit-platform-engine-1.8.2.jar:1.8.2]
	at org.junit.platform.engine.support.hierarchical.NodeTestTask.executeRecursively(NodeTestTask.java:138) ~[junit-platform-engine-1.8.2.jar:1.8.2]
	at org.junit.platform.engine.support.hierarchical.NodeTestTask.execute(NodeTestTask.java:95) ~[junit-platform-engine-1.8.2.jar:1.8.2]
	at org.junit.platform.engine.support.hierarchical.SameThreadHierarchicalTestExecutorService.submit(SameThreadHierarchicalTestExecutorService.java:35) ~[junit-platform-engine-1.8.2.jar:1.8.2]
	at org.junit.platform.engine.support.hierarchical.HierarchicalTestExecutor.execute(HierarchicalTestExecutor.java:57) ~[junit-platform-engine-1.8.2.jar:1.8.2]
	at org.junit.platform.engine.support.hierarchical.HierarchicalTestEngine.execute(HierarchicalTestEngine.java:54) ~[junit-platform-engine-1.8.2.jar:1.8.2]
	at org.junit.platform.launcher.core.DefaultLauncher.execute(DefaultLauncher.java:220) ~[junit-platform-launcher-1.3.1.jar:1.3.1]
	at org.junit.platform.launcher.core.DefaultLauncher.lambda$execute$6(DefaultLauncher.java:188) ~[junit-platform-launcher-1.3.1.jar:1.3.1]
	at org.junit.platform.launcher.core.DefaultLauncher.withInterceptedStreams(DefaultLauncher.java:202) ~[junit-platform-launcher-1.3.1.jar:1.3.1]
	at org.junit.platform.launcher.core.DefaultLauncher.execute(DefaultLauncher.java:181) ~[junit-platform-launcher-1.3.1.jar:1.3.1]
	at org.junit.platform.launcher.core.DefaultLauncher.execute(DefaultLauncher.java:128) ~[junit-platform-launcher-1.3.1.jar:1.3.1]
	at org.apache.maven.surefire.junitplatform.JUnitPlatformProvider.invokeAllTests(JUnitPlatformProvider.java:150) ~[surefire-junit-platform-2.22.2.jar:2.22.2]
	at org.apache.maven.surefire.junitplatform.JUnitPlatformProvider.invoke(JUnitPlatformProvider.java:124) ~[surefire-junit-platform-2.22.2.jar:2.22.2]
	at org.apache.maven.surefire.booter.ForkedBooter.invokeProviderInSameClassLoader(ForkedBooter.java:384) ~[surefire-booter-2.22.2.jar:2.22.2]
	at org.apache.maven.surefire.booter.ForkedBooter.runSuitesInProcess(ForkedBooter.java:345) ~[surefire-booter-2.22.2.jar:2.22.2]
	at org.apache.maven.surefire.booter.ForkedBooter.execute(ForkedBooter.java:126) ~[surefire-booter-2.22.2.jar:2.22.2]
	at org.apache.maven.surefire.booter.ForkedBooter.main(ForkedBooter.java:418) ~[surefire-booter-2.22.2.jar:2.22.2]
Caused by: java.net.ConnectException: Connection refused
	at java.base/sun.nio.ch.Net.pollConnect(Native Method) ~[na:na]
	at java.base/sun.nio.ch.Net.pollConnectNow(Net.java:682) ~[na:na]
	at java.base/sun.nio.ch.NioSocketImpl.timedFinishConnect(NioSocketImpl.java:542) ~[na:na]
	at java.base/sun.nio.ch.NioSocketImpl.connect(NioSocketImpl.java:592) ~[na:na]
	at java.base/java.net.SocksSocketImpl.connect(SocksSocketImpl.java:327) ~[na:na]
	at java.base/java.net.Socket.connect(Socket.java:751) ~[na:na]
	at org.postgresql.core.PGStream.createSocket(PGStream.java:243) ~[postgresql-42.7.1.jar:42.7.1]
	at org.postgresql.core.PGStream.<init>(PGStream.java:98) ~[postgresql-42.7.1.jar:42.7.1]
	at org.postgresql.core.v3.ConnectionFactoryImpl.tryConnect(ConnectionFactoryImpl.java:132) ~[postgresql-42.7.1.jar:42.7.1]
	at org.postgresql.core.v3.ConnectionFactoryImpl.openConnectionImpl(ConnectionFactoryImpl.java:258) ~[postgresql-42.7.1.jar:42.7.1]
	... 119 common frames omitted

2026-02-05 14:27:04.746  WARN 2945 --- [           main] o.h.engine.jdbc.spi.SqlExceptionHelper   : SQL Error: 0, SQLState: 08001
2026-02-05 14:27:04.746 ERROR 2945 --- [           main] o.h.engine.jdbc.spi.SqlExceptionHelper   : Connection to localhost:5432 refused. Check that the hostname and port are correct and that the postmaster is accepting TCP/IP connections.
2026-02-05 14:27:04.747 ERROR 2945 --- [           main] j.LocalContainerEntityManagerFactoryBean : Failed to initialize JPA EntityManagerFactory: [PersistenceUnit: default] Unable to build Hibernate SessionFactory; nested exception is org.hibernate.exception.JDBCConnectionException: Unable to open JDBC Connection for DDL execution
2026-02-05 14:27:04.747  WARN 2945 --- [           main] ConfigServletWebServerApplicationContext : Exception encountered during context initialization - cancelling refresh attempt: org.springframework.beans.factory.BeanCreationException: Error creating bean with name 'entityManagerFactory' defined in class path resource [org/springframework/boot/autoconfigure/orm/jpa/HibernateJpaConfiguration.class]: Invocation of init method failed; nested exception is javax.persistence.PersistenceException: [PersistenceUnit: default] Unable to build Hibernate SessionFactory; nested exception is org.hibernate.exception.JDBCConnectionException: Unable to open JDBC Connection for DDL execution
2026-02-05 14:27:04.748  INFO 2945 --- [           main] o.apache.catalina.core.StandardService   : Stopping service [Tomcat]
2026-02-05 14:27:04.751  INFO 2945 --- [           main] ConditionEvaluationReportLoggingListener : 

Error starting ApplicationContext. To display the conditions report re-run your application with 'debug' enabled.
2026-02-05 14:27:04.752 ERROR 2945 --- [           main] o.s.boot.SpringApplication               : Application run failed

org.springframework.beans.factory.BeanCreationException: Error creating bean with name 'entityManagerFactory' defined in class path resource [org/springframework/boot/autoconfigure/orm/jpa/HibernateJpaConfiguration.class]: Invocation of init method failed; nested exception is javax.persistence.PersistenceException: [PersistenceUnit: default] Unable to build Hibernate SessionFactory; nested exception is org.hibernate.exception.JDBCConnectionException: Unable to open JDBC Connection for DDL execution
	at org.springframework.beans.factory.support.AbstractAutowireCapableBeanFactory.initializeBean(AbstractAutowireCapableBeanFactory.java:1804) ~[spring-beans-5.3.31.jar:5.3.31]
	at org.springframework.beans.factory.support.AbstractAutowireCapableBeanFactory.doCreateBean(AbstractAutowireCapableBeanFactory.java:620) ~[spring-beans-5.3.31.jar:5.3.31]
	at org.springframework.beans.factory.support.AbstractAutowireCapableBeanFactory.createBean(AbstractAutowireCapableBeanFactory.java:542) ~[spring-beans-5.3.31.jar:5.3.31]
	at org.springframework.beans.factory.support.AbstractBeanFactory.lambda$doGetBean$0(AbstractBeanFactory.java:335) ~[spring-beans-5.3.31.jar:5.3.31]
	at org.springframework.beans.factory.support.DefaultSingletonBeanRegistry.getSingleton(DefaultSingletonBeanRegistry.java:234) ~[spring-beans-5.3.31.jar:5.3.31]
	at org.springframework.beans.factory.support.AbstractBeanFactory.doGetBean(AbstractBeanFactory.java:333) ~[spring-beans-5.3.31.jar:5.3.31]
	at org.springframework.beans.factory.support.AbstractBeanFactory.getBean(AbstractBeanFactory.java:208) ~[spring-beans-5.3.31.jar:5.3.31]
	at org.springframework.context.support.AbstractApplicationContext.getBean(AbstractApplicationContext.java:1168) ~[spring-context-5.3.31.jar:5.3.31]
	at org.springframework.context.support.AbstractApplicationContext.finishBeanFactoryInitialization(AbstractApplicationContext.java:919) ~[spring-context-5.3.31.jar:5.3.31]
	at org.springframework.context.support.AbstractApplicationContext.refresh(AbstractApplicationContext.java:591) ~[spring-context-5.3.31.jar:5.3.31]
	at org.springframework.boot.web.servlet.context.ServletWebServerApplicationContext.refresh(ServletWebServerApplicationContext.java:147) ~[spring-boot-2.7.18.jar:2.7.18]
	at org.springframework.boot.SpringApplication.refresh(SpringApplication.java:732) ~[spring-boot-2.7.18.jar:2.7.18]
	at org.springframework.boot.SpringApplication.refreshContext(SpringApplication.java:409) ~[spring-boot-2.7.18.jar:2.7.18]
	at org.springframework.boot.SpringApplication.run(SpringApplication.java:308) ~[spring-boot-2.7.18.jar:2.7.18]
	at org.springframework.boot.SpringApplication.run(SpringApplication.java:1300) ~[spring-boot-2.7.18.jar:2.7.18]
	at org.springframework.boot.SpringApplication.run(SpringApplication.java:1289) ~[spring-boot-2.7.18.jar:2.7.18]
	at crm.CrmApplication.main(CrmApplication.java:10) ~[classes/:na]
	at crm.CrmApplicationTest.lambda$testMainMethodExists$0(CrmApplicationTest.java:13) ~[test-classes/:na]
	at org.junit.jupiter.api.AssertDoesNotThrow.assertDoesNotThrow(AssertDoesNotThrow.java:49) ~[junit-jupiter-api-5.9.3.jar:5.9.3]
	at org.junit.jupiter.api.AssertDoesNotThrow.assertDoesNotThrow(AssertDoesNotThrow.java:36) ~[junit-jupiter-api-5.9.3.jar:5.9.3]
	at org.junit.jupiter.api.Assertions.assertDoesNotThrow(Assertions.java:3136) ~[junit-jupiter-api-5.9.3.jar:5.9.3]
	at crm.CrmApplicationTest.testMainMethodExists(CrmApplicationTest.java:12) ~[test-classes/:na]
	at java.base/jdk.internal.reflect.DirectMethodHandleAccessor.invoke(DirectMethodHandleAccessor.java:103) ~[na:na]
	at java.base/java.lang.reflect.Method.invoke(Method.java:580) ~[na:na]
	at org.junit.platform.commons.util.ReflectionUtils.invokeMethod(ReflectionUtils.java:725) ~[junit-platform-commons-1.8.2.jar:1.8.2]
	at org.junit.jupiter.engine.execution.MethodInvocation.proceed(MethodInvocation.java:60) ~[junit-jupiter-engine-5.9.3.jar:5.9.3]
	at org.junit.jupiter.engine.execution.InvocationInterceptorChain$ValidatingInvocation.proceed(InvocationInterceptorChain.java:131) ~[junit-jupiter-engine-5.9.3.jar:5.9.3]
	at org.junit.jupiter.engine.extension.TimeoutExtension.intercept(TimeoutExtension.java:156) ~[junit-jupiter-engine-5.9.3.jar:5.9.3]
	at org.junit.jupiter.engine.extension.TimeoutExtension.interceptTestableMethod(TimeoutExtension.java:147) ~[junit-jupiter-engine-5.9.3.jar:5.9.3]
	at org.junit.jupiter.engine.extension.TimeoutExtension.interceptTestMethod(TimeoutExtension.java:86) ~[junit-jupiter-engine-5.9.3.jar:5.9.3]
	at org.junit.jupiter.engine.execution.InterceptingExecutableInvoker$ReflectiveInterceptorCall.lambda$ofVoidMethod$0(InterceptingExecutableInvoker.java:103) ~[junit-jupiter-engine-5.9.3.jar:5.9.3]
	at org.junit.jupiter.engine.execution.InterceptingExecutableInvoker.lambda$invoke$0(InterceptingExecutableInvoker.java:93) ~[junit-jupiter-engine-5.9.3.jar:5.9.3]
	at org.junit.jupiter.engine.execution.InvocationInterceptorChain$InterceptedInvocation.proceed(InvocationInterceptorChain.java:106) ~[junit-jupiter-engine-5.9.3.jar:5.9.3]
	at org.junit.jupiter.engine.execution.InvocationInterceptorChain.proceed(InvocationInterceptorChain.java:64) ~[junit-jupiter-engine-5.9.3.jar:5.9.3]
	at org.junit.jupiter.engine.execution.InvocationInterceptorChain.chainAndInvoke(InvocationInterceptorChain.java:45) ~[junit-jupiter-engine-5.9.3.jar:5.9.3]
	at org.junit.jupiter.engine.execution.InvocationInterceptorChain.invoke(InvocationInterceptorChain.java:37) ~[junit-jupiter-engine-5.9.3.jar:5.9.3]
	at org.junit.jupiter.engine.execution.InterceptingExecutableInvoker.invoke(InterceptingExecutableInvoker.java:92) ~[junit-jupiter-engine-5.9.3.jar:5.9.3]
	at org.junit.jupiter.engine.execution.InterceptingExecutableInvoker.invoke(InterceptingExecutableInvoker.java:86) ~[junit-jupiter-engine-5.9.3.jar:5.9.3]
	at org.junit.jupiter.engine.descriptor.TestMethodTestDescriptor.lambda$invokeTestMethod$7(TestMethodTestDescriptor.java:217) ~[junit-jupiter-engine-5.9.3.jar:5.9.3]
	at org.junit.platform.engine.support.hierarchical.ThrowableCollector.execute(ThrowableCollector.java:73) ~[junit-platform-engine-1.8.2.jar:1.8.2]
	at org.junit.jupiter.engine.descriptor.TestMethodTestDescriptor.invokeTestMethod(TestMethodTestDescriptor.java:213) ~[junit-jupiter-engine-5.9.3.jar:5.9.3]
	at org.junit.jupiter.engine.descriptor.TestMethodTestDescriptor.execute(TestMethodTestDescriptor.java:138) ~[junit-jupiter-engine-5.9.3.jar:5.9.3]
	at org.junit.jupiter.engine.descriptor.TestMethodTestDescriptor.execute(TestMethodTestDescriptor.java:68) ~[junit-jupiter-engine-5.9.3.jar:5.9.3]
	at org.junit.platform.engine.support.hierarchical.NodeTestTask.lambda$executeRecursively$6(NodeTestTask.java:151) ~[junit-platform-engine-1.8.2.jar:1.8.2]
	at org.junit.platform.engine.support.hierarchical.ThrowableCollector.execute(ThrowableCollector.java:73) ~[junit-platform-engine-1.8.2.jar:1.8.2]
	at org.junit.platform.engine.support.hierarchical.NodeTestTask.lambda$executeRecursively$8(NodeTestTask.java:141) ~[junit-platform-engine-1.8.2.jar:1.8.2]
	at org.junit.platform.engine.support.hierarchical.Node.around(Node.java:137) ~[junit-platform-engine-1.8.2.jar:1.8.2]
	at org.junit.platform.engine.support.hierarchical.NodeTestTask.lambda$executeRecursively$9(NodeTestTask.java:139) ~[junit-platform-engine-1.8.2.jar:1.8.2]
	at org.junit.platform.engine.support.hierarchical.ThrowableCollector.execute(ThrowableCollector.java:73) ~[junit-platform-engine-1.8.2.jar:1.8.2]
	at org.junit.platform.engine.support.hierarchical.NodeTestTask.executeRecursively(NodeTestTask.java:138) ~[junit-platform-engine-1.8.2.jar:1.8.2]
	at org.junit.platform.engine.support.hierarchical.NodeTestTask.execute(NodeTestTask.java:95) ~[junit-platform-engine-1.8.2.jar:1.8.2]
	at java.base/java.util.ArrayList.forEach(ArrayList.java:1596) ~[na:na]
	at org.junit.platform.engine.support.hierarchical.SameThreadHierarchicalTestExecutorService.invokeAll(SameThreadHierarchicalTestExecutorService.java:41) ~[junit-platform-engine-1.8.2.jar:1.8.2]
	at org.junit.platform.engine.support.hierarchical.NodeTestTask.lambda$executeRecursively$6(NodeTestTask.java:155) ~[junit-platform-engine-1.8.2.jar:1.8.2]
	at org.junit.platform.engine.support.hierarchical.ThrowableCollector.execute(ThrowableCollector.java:73) ~[junit-platform-engine-1.8.2.jar:1.8.2]
	at org.junit.platform.engine.support.hierarchical.NodeTestTask.lambda$executeRecursively$8(NodeTestTask.java:141) ~[junit-platform-engine-1.8.2.jar:1.8.2]
	at org.junit.platform.engine.support.hierarchical.Node.around(Node.java:137) ~[junit-platform-engine-1.8.2.jar:1.8.2]
	at org.junit.platform.engine.support.hierarchical.NodeTestTask.lambda$executeRecursively$9(NodeTestTask.java:139) ~[junit-platform-engine-1.8.2.jar:1.8.2]
	at org.junit.platform.engine.support.hierarchical.ThrowableCollector.execute(ThrowableCollector.java:73) ~[junit-platform-engine-1.8.2.jar:1.8.2]
	at org.junit.platform.engine.support.hierarchical.NodeTestTask.executeRecursively(NodeTestTask.java:138) ~[junit-platform-engine-1.8.2.jar:1.8.2]
	at org.junit.platform.engine.support.hierarchical.NodeTestTask.execute(NodeTestTask.java:95) ~[junit-platform-engine-1.8.2.jar:1.8.2]
	at java.base/java.util.ArrayList.forEach(ArrayList.java:1596) ~[na:na]
	at org.junit.platform.engine.support.hierarchical.SameThreadHierarchicalTestExecutorService.invokeAll(SameThreadHierarchicalTestExecutorService.java:41) ~[junit-platform-engine-1.8.2.jar:1.8.2]
	at org.junit.platform.engine.support.hierarchical.NodeTestTask.lambda$executeRecursively$6(NodeTestTask.java:155) ~[junit-platform-engine-1.8.2.jar:1.8.2]
	at org.junit.platform.engine.support.hierarchical.ThrowableCollector.execute(ThrowableCollector.java:73) ~[junit-platform-engine-1.8.2.jar:1.8.2]
	at org.junit.platform.engine.support.hierarchical.NodeTestTask.lambda$executeRecursively$8(NodeTestTask.java:141) ~[junit-platform-engine-1.8.2.jar:1.8.2]
	at org.junit.platform.engine.support.hierarchical.Node.around(Node.java:137) ~[junit-platform-engine-1.8.2.jar:1.8.2]
	at org.junit.platform.engine.support.hierarchical.NodeTestTask.lambda$executeRecursively$9(NodeTestTask.java:139) ~[junit-platform-engine-1.8.2.jar:1.8.2]
	at org.junit.platform.engine.support.hierarchical.ThrowableCollector.execute(ThrowableCollector.java:73) ~[junit-platform-engine-1.8.2.jar:1.8.2]
	at org.junit.platform.engine.support.hierarchical.NodeTestTask.executeRecursively(NodeTestTask.java:138) ~[junit-platform-engine-1.8.2.jar:1.8.2]
	at org.junit.platform.engine.support.hierarchical.NodeTestTask.execute(NodeTestTask.java:95) ~[junit-platform-engine-1.8.2.jar:1.8.2]
	at org.junit.platform.engine.support.hierarchical.SameThreadHierarchicalTestExecutorService.submit(SameThreadHierarchicalTestExecutorService.java:35) ~[junit-platform-engine-1.8.2.jar:1.8.2]
	at org.junit.platform.engine.support.hierarchical.HierarchicalTestExecutor.execute(HierarchicalTestExecutor.java:57) ~[junit-platform-engine-1.8.2.jar:1.8.2]
	at org.junit.platform.engine.support.hierarchical.HierarchicalTestEngine.execute(HierarchicalTestEngine.java:54) ~[junit-platform-engine-1.8.2.jar:1.8.2]
	at org.junit.platform.launcher.core.DefaultLauncher.execute(DefaultLauncher.java:220) ~[junit-platform-launcher-1.3.1.jar:1.3.1]
	at org.junit.platform.launcher.core.DefaultLauncher.lambda$execute$6(DefaultLauncher.java:188) ~[junit-platform-launcher-1.3.1.jar:1.3.1]
	at org.junit.platform.launcher.core.DefaultLauncher.withInterceptedStreams(DefaultLauncher.java:202) ~[junit-platform-launcher-1.3.1.jar:1.3.1]
	at org.junit.platform.launcher.core.DefaultLauncher.execute(DefaultLauncher.java:181) ~[junit-platform-launcher-1.3.1.jar:1.3.1]
	at org.junit.platform.launcher.core.DefaultLauncher.execute(DefaultLauncher.java:128) ~[junit-platform-launcher-1.3.1.jar:1.3.1]
	at org.apache.maven.surefire.junitplatform.JUnitPlatformProvider.invokeAllTests(JUnitPlatformProvider.java:150) ~[surefire-junit-platform-2.22.2.jar:2.22.2]
	at org.apache.maven.surefire.junitplatform.JUnitPlatformProvider.invoke(JUnitPlatformProvider.java:124) ~[surefire-junit-platform-2.22.2.jar:2.22.2]
	at org.apache.maven.surefire.booter.ForkedBooter.invokeProviderInSameClassLoader(ForkedBooter.java:384) ~[surefire-booter-2.22.2.jar:2.22.2]
	at org.apache.maven.surefire.booter.ForkedBooter.runSuitesInProcess(ForkedBooter.java:345) ~[surefire-booter-2.22.2.jar:2.22.2]
	at org.apache.maven.surefire.booter.ForkedBooter.execute(ForkedBooter.java:126) ~[surefire-booter-2.22.2.jar:2.22.2]
	at org.apache.maven.surefire.booter.ForkedBooter.main(ForkedBooter.java:418) ~[surefire-booter-2.22.2.jar:2.22.2]
Caused by: javax.persistence.PersistenceException: [PersistenceUnit: default] Unable to build Hibernate SessionFactory; nested exception is org.hibernate.exception.JDBCConnectionException: Unable to open JDBC Connection for DDL execution
	at org.springframework.orm.jpa.AbstractEntityManagerFactoryBean.buildNativeEntityManagerFactory(AbstractEntityManagerFactoryBean.java:421) ~[spring-orm-5.3.31.jar:5.3.31]
	at org.springframework.orm.jpa.AbstractEntityManagerFactoryBean.afterPropertiesSet(AbstractEntityManagerFactoryBean.java:396) ~[spring-orm-5.3.31.jar:5.3.31]
	at org.springframework.orm.jpa.LocalContainerEntityManagerFactoryBean.afterPropertiesSet(LocalContainerEntityManagerFactoryBean.java:341) ~[spring-orm-5.3.31.jar:5.3.31]
	at org.springframework.beans.factory.support.AbstractAutowireCapableBeanFactory.invokeInitMethods(AbstractAutowireCapableBeanFactory.java:1863) ~[spring-beans-5.3.31.jar:5.3.31]
	at org.springframework.beans.factory.support.AbstractAutowireCapableBeanFactory.initializeBean(AbstractAutowireCapableBeanFactory.java:1800) ~[spring-beans-5.3.31.jar:5.3.31]
	... 84 common frames omitted
Caused by: org.hibernate.exception.JDBCConnectionException: Unable to open JDBC Connection for DDL execution
	at org.hibernate.exception.internal.SQLStateConversionDelegate.convert(SQLStateConversionDelegate.java:112) ~[hibernate-core-5.6.15.Final.jar:5.6.15.Final]
	at org.hibernate.exception.internal.StandardSQLExceptionConverter.convert(StandardSQLExceptionConverter.java:37) ~[hibernate-core-5.6.15.Final.jar:5.6.15.Final]
	at org.hibernate.engine.jdbc.spi.SqlExceptionHelper.convert(SqlExceptionHelper.java:113) ~[hibernate-core-5.6.15.Final.jar:5.6.15.Final]
	at org.hibernate.engine.jdbc.spi.SqlExceptionHelper.convert(SqlExceptionHelper.java:99) ~[hibernate-core-5.6.15.Final.jar:5.6.15.Final]
	at org.hibernate.resource.transaction.backend.jdbc.internal.DdlTransactionIsolatorNonJtaImpl.getIsolatedConnection(DdlTransactionIsolatorNonJtaImpl.java:71) ~[hibernate-core-5.6.15.Final.jar:5.6.15.Final]
	at org.hibernate.tool.schema.internal.exec.GenerationTargetToDatabase.jdbcStatement(GenerationTargetToDatabase.java:77) ~[hibernate-core-5.6.15.Final.jar:5.6.15.Final]
	at org.hibernate.tool.schema.internal.exec.GenerationTargetToDatabase.accept(GenerationTargetToDatabase.java:53) ~[hibernate-core-5.6.15.Final.jar:5.6.15.Final]
	at org.hibernate.tool.schema.internal.SchemaDropperImpl.applySqlString(SchemaDropperImpl.java:387) ~[hibernate-core-5.6.15.Final.jar:5.6.15.Final]
	at org.hibernate.tool.schema.internal.SchemaDropperImpl.applySqlStrings(SchemaDropperImpl.java:371) ~[hibernate-core-5.6.15.Final.jar:5.6.15.Final]
	at org.hibernate.tool.schema.internal.SchemaDropperImpl.applyConstraintDropping(SchemaDropperImpl.java:341) ~[hibernate-core-5.6.15.Final.jar:5.6.15.Final]
	at org.hibernate.tool.schema.internal.SchemaDropperImpl.dropFromMetadata(SchemaDropperImpl.java:235) ~[hibernate-core-5.6.15.Final.jar:5.6.15.Final]
	at org.hibernate.tool.schema.internal.SchemaDropperImpl.performDrop(SchemaDropperImpl.java:156) ~[hibernate-core-5.6.15.Final.jar:5.6.15.Final]
	at org.hibernate.tool.schema.internal.SchemaDropperImpl.doDrop(SchemaDropperImpl.java:128) ~[hibernate-core-5.6.15.Final.jar:5.6.15.Final]
	at org.hibernate.tool.schema.internal.SchemaDropperImpl.doDrop(SchemaDropperImpl.java:114) ~[hibernate-core-5.6.15.Final.jar:5.6.15.Final]
	at org.hibernate.tool.schema.spi.SchemaManagementToolCoordinator.performDatabaseAction(SchemaManagementToolCoordinator.java:157) ~[hibernate-core-5.6.15.Final.jar:5.6.15.Final]
	at org.hibernate.tool.schema.spi.SchemaManagementToolCoordinator.process(SchemaManagementToolCoordinator.java:85) ~[hibernate-core-5.6.15.Final.jar:5.6.15.Final]
	at org.hibernate.internal.SessionFactoryImpl.<init>(SessionFactoryImpl.java:335) ~[hibernate-core-5.6.15.Final.jar:5.6.15.Final]
	at org.hibernate.boot.internal.SessionFactoryBuilderImpl.build(SessionFactoryBuilderImpl.java:471) ~[hibernate-core-5.6.15.Final.jar:5.6.15.Final]
	at org.hibernate.jpa.boot.internal.EntityManagerFactoryBuilderImpl.build(EntityManagerFactoryBuilderImpl.java:1498) ~[hibernate-core-5.6.15.Final.jar:5.6.15.Final]
	at org.springframework.orm.jpa.vendor.SpringHibernateJpaPersistenceProvider.createContainerEntityManagerFactory(SpringHibernateJpaPersistenceProvider.java:58) ~[spring-orm-5.3.31.jar:5.3.31]
	at org.springframework.orm.jpa.LocalContainerEntityManagerFactoryBean.createNativeEntityManagerFactory(LocalContainerEntityManagerFactoryBean.java:365) ~[spring-orm-5.3.31.jar:5.3.31]
	at org.springframework.orm.jpa.AbstractEntityManagerFactoryBean.buildNativeEntityManagerFactory(AbstractEntityManagerFactoryBean.java:409) ~[spring-orm-5.3.31.jar:5.3.31]
	... 88 common frames omitted
Caused by: org.postgresql.util.PSQLException: Connection to localhost:5432 refused. Check that the hostname and port are correct and that the postmaster is accepting TCP/IP connections.
	at org.postgresql.core.v3.ConnectionFactoryImpl.openConnectionImpl(ConnectionFactoryImpl.java:342) ~[postgresql-42.7.1.jar:42.7.1]
	at org.postgresql.core.ConnectionFactory.openConnection(ConnectionFactory.java:54) ~[postgresql-42.7.1.jar:42.7.1]
	at org.postgresql.jdbc.PgConnection.<init>(PgConnection.java:263) ~[postgresql-42.7.1.jar:42.7.1]
	at org.postgresql.Driver.makeConnection(Driver.java:444) ~[postgresql-42.7.1.jar:42.7.1]
	at org.postgresql.Driver.connect(Driver.java:297) ~[postgresql-42.7.1.jar:42.7.1]
	at com.zaxxer.hikari.util.DriverDataSource.getConnection(DriverDataSource.java:138) ~[HikariCP-4.0.3.jar:na]
	at com.zaxxer.hikari.pool.PoolBase.newConnection(PoolBase.java:364) ~[HikariCP-4.0.3.jar:na]
	at com.zaxxer.hikari.pool.PoolBase.newPoolEntry(PoolBase.java:206) ~[HikariCP-4.0.3.jar:na]
	at com.zaxxer.hikari.pool.HikariPool.createPoolEntry(HikariPool.java:476) ~[HikariCP-4.0.3.jar:na]
	at com.zaxxer.hikari.pool.HikariPool.checkFailFast(HikariPool.java:561) ~[HikariCP-4.0.3.jar:na]
	at com.zaxxer.hikari.pool.HikariPool.<init>(HikariPool.java:115) ~[HikariCP-4.0.3.jar:na]
	at com.zaxxer.hikari.HikariDataSource.getConnection(HikariDataSource.java:112) ~[HikariCP-4.0.3.jar:na]
	at org.hibernate.engine.jdbc.connections.internal.DatasourceConnectionProviderImpl.getConnection(DatasourceConnectionProviderImpl.java:122) ~[hibernate-core-5.6.15.Final.jar:5.6.15.Final]
	at org.hibernate.engine.jdbc.env.internal.JdbcEnvironmentInitiator$ConnectionProviderJdbcConnectionAccess.obtainConnection(JdbcEnvironmentInitiator.java:181) ~[hibernate-core-5.6.15.Final.jar:5.6.15.Final]
	at org.hibernate.resource.transaction.backend.jdbc.internal.DdlTransactionIsolatorNonJtaImpl.getIsolatedConnection(DdlTransactionIsolatorNonJtaImpl.java:44) ~[hibernate-core-5.6.15.Final.jar:5.6.15.Final]
	... 105 common frames omitted
Caused by: java.net.ConnectException: Connection refused
	at java.base/sun.nio.ch.Net.pollConnect(Native Method) ~[na:na]
	at java.base/sun.nio.ch.Net.pollConnectNow(Net.java:682) ~[na:na]
	at java.base/sun.nio.ch.NioSocketImpl.timedFinishConnect(NioSocketImpl.java:542) ~[na:na]
	at java.base/sun.nio.ch.NioSocketImpl.connect(NioSocketImpl.java:592) ~[na:na]
	at java.base/java.net.SocksSocketImpl.connect(SocksSocketImpl.java:327) ~[na:na]
	at java.base/java.net.Socket.connect(Socket.java:751) ~[na:na]
	at org.postgresql.core.PGStream.createSocket(PGStream.java:243) ~[postgresql-42.7.1.jar:42.7.1]
	at org.postgresql.core.PGStream.<init>(PGStream.java:98) ~[postgresql-42.7.1.jar:42.7.1]
	at org.postgresql.core.v3.ConnectionFactoryImpl.tryConnect(ConnectionFactoryImpl.java:132) ~[postgresql-42.7.1.jar:42.7.1]
	at org.postgresql.core.v3.ConnectionFactoryImpl.openConnectionImpl(ConnectionFactoryImpl.java:258) ~[postgresql-42.7.1.jar:42.7.1]
	... 119 common frames omitted

[ERROR] Tests run: 3, Failures: 2, Errors: 0, Skipped: 0, Time elapsed: 7.466 s <<< FAILURE! - in crm.CrmApplicationTest
[ERROR] testApplicationContextLoads  Time elapsed: 4.131 s  <<< FAILURE!
org.opentest4j.AssertionFailedError: Unexpected exception thrown: org.springframework.beans.factory.BeanCreationException: Error creating bean with name 'entityManagerFactory' defined in class path resource [org/springframework/boot/autoconfigure/orm/jpa/HibernateJpaConfiguration.class]: Invocation of init method failed; nested exception is javax.persistence.PersistenceException: [PersistenceUnit: default] Unable to build Hibernate SessionFactory; nested exception is org.hibernate.exception.JDBCConnectionException: Unable to open JDBC Connection for DDL execution
	at crm.CrmApplicationTest.testApplicationContextLoads(CrmApplicationTest.java:19)
Caused by: org.springframework.beans.factory.BeanCreationException: Error creating bean with name 'entityManagerFactory' defined in class path resource [org/springframework/boot/autoconfigure/orm/jpa/HibernateJpaConfiguration.class]: Invocation of init method failed; nested exception is javax.persistence.PersistenceException: [PersistenceUnit: default] Unable to build Hibernate SessionFactory; nested exception is org.hibernate.exception.JDBCConnectionException: Unable to open JDBC Connection for DDL execution
	at crm.CrmApplicationTest.lambda$testApplicationContextLoads$1(CrmApplicationTest.java:21)
	at crm.CrmApplicationTest.testApplicationContextLoads(CrmApplicationTest.java:19)
Caused by: javax.persistence.PersistenceException: [PersistenceUnit: default] Unable to build Hibernate SessionFactory; nested exception is org.hibernate.exception.JDBCConnectionException: Unable to open JDBC Connection for DDL execution
	at crm.CrmApplicationTest.lambda$testApplicationContextLoads$1(CrmApplicationTest.java:21)
	at crm.CrmApplicationTest.testApplicationContextLoads(CrmApplicationTest.java:19)
Caused by: org.hibernate.exception.JDBCConnectionException: Unable to open JDBC Connection for DDL execution
	at crm.CrmApplicationTest.lambda$testApplicationContextLoads$1(CrmApplicationTest.java:21)
	at crm.CrmApplicationTest.testApplicationContextLoads(CrmApplicationTest.java:19)
Caused by: org.postgresql.util.PSQLException: Connection to localhost:5432 refused. Check that the hostname and port are correct and that the postmaster is accepting TCP/IP connections.
	at crm.CrmApplicationTest.lambda$testApplicationContextLoads$1(CrmApplicationTest.java:21)
	at crm.CrmApplicationTest.testApplicationContextLoads(CrmApplicationTest.java:19)
Caused by: java.net.ConnectException: Connection refused
	at crm.CrmApplicationTest.lambda$testApplicationContextLoads$1(CrmApplicationTest.java:21)
	at crm.CrmApplicationTest.testApplicationContextLoads(CrmApplicationTest.java:19)

[ERROR] testMainMethodExists  Time elapsed: 3.334 s  <<< FAILURE!
org.opentest4j.AssertionFailedError: Unexpected exception thrown: org.springframework.beans.factory.BeanCreationException: Error creating bean with name 'entityManagerFactory' defined in class path resource [org/springframework/boot/autoconfigure/orm/jpa/HibernateJpaConfiguration.class]: Invocation of init method failed; nested exception is javax.persistence.PersistenceException: [PersistenceUnit: default] Unable to build Hibernate SessionFactory; nested exception is org.hibernate.exception.JDBCConnectionException: Unable to open JDBC Connection for DDL execution
	at crm.CrmApplicationTest.testMainMethodExists(CrmApplicationTest.java:12)
Caused by: org.springframework.beans.factory.BeanCreationException: Error creating bean with name 'entityManagerFactory' defined in class path resource [org/springframework/boot/autoconfigure/orm/jpa/HibernateJpaConfiguration.class]: Invocation of init method failed; nested exception is javax.persistence.PersistenceException: [PersistenceUnit: default] Unable to build Hibernate SessionFactory; nested exception is org.hibernate.exception.JDBCConnectionException: Unable to open JDBC Connection for DDL execution
	at crm.CrmApplicationTest.lambda$testMainMethodExists$0(CrmApplicationTest.java:13)
	at crm.CrmApplicationTest.testMainMethodExists(CrmApplicationTest.java:12)
Caused by: javax.persistence.PersistenceException: [PersistenceUnit: default] Unable to build Hibernate SessionFactory; nested exception is org.hibernate.exception.JDBCConnectionException: Unable to open JDBC Connection for DDL execution
	at crm.CrmApplicationTest.lambda$testMainMethodExists$0(CrmApplicationTest.java:13)
	at crm.CrmApplicationTest.testMainMethodExists(CrmApplicationTest.java:12)
Caused by: org.hibernate.exception.JDBCConnectionException: Unable to open JDBC Connection for DDL execution
	at crm.CrmApplicationTest.lambda$testMainMethodExists$0(CrmApplicationTest.java:13)
	at crm.CrmApplicationTest.testMainMethodExists(CrmApplicationTest.java:12)
Caused by: org.postgresql.util.PSQLException: Connection to localhost:5432 refused. Check that the hostname and port are correct and that the postmaster is accepting TCP/IP connections.
	at crm.CrmApplicationTest.lambda$testMainMethodExists$0(CrmApplicationTest.java:13)
	at crm.CrmApplicationTest.testMainMethodExists(CrmApplicationTest.java:12)
Caused by: java.net.ConnectException: Connection refused
	at crm.CrmApplicationTest.lambda$testMainMethodExists$0(CrmApplicationTest.java:13)
	at crm.CrmApplicationTest.testMainMethodExists(CrmApplicationTest.java:12)

[INFO] Running crm.viewResolver.PdfViewResolverTest
[INFO] Tests run: 6, Failures: 0, Errors: 0, Skipped: 0, Time elapsed: 0 s - in crm.viewResolver.PdfViewResolverTest
[INFO] Running crm.viewResolver.ExcelViewResolverTest
[INFO] Tests run: 6, Failures: 0, Errors: 0, Skipped: 0, Time elapsed: 0 s - in crm.viewResolver.ExcelViewResolverTest
[INFO] Running crm.viewResolver.CsvViewResolverTest
[INFO] Tests run: 6, Failures: 0, Errors: 0, Skipped: 0, Time elapsed: 0.001 s - in crm.viewResolver.CsvViewResolverTest
[INFO] Running crm.csv.CSVTestTest
[INFO] Tests run: 3, Failures: 0, Errors: 0, Skipped: 0, Time elapsed: 0.001 s - in crm.csv.CSVTestTest
[INFO] Running crm.SecurityConfigTest
[ERROR] Tests run: 7, Failures: 0, Errors: 1, Skipped: 0, Time elapsed: 0.333 s <<< FAILURE! - in crm.SecurityConfigTest
[ERROR] testAuthenticationManager  Time elapsed: 0.072 s  <<< ERROR!
org.mockito.exceptions.base.MockitoException: 

Mockito cannot mock this class: class org.springframework.security.config.annotation.authentication.configuration.AuthenticationConfiguration.

If you're not sure why you're getting this error, please open an issue on GitHub.


Java               : 21
JVM vendor name    : Eclipse Adoptium
JVM vendor version : 21.0.5+11-LTS
JVM name           : OpenJDK 64-Bit Server VM
JVM version        : 21.0.5+11-LTS
JVM info           : mixed mode, sharing
OS name            : Linux
OS version         : 6.12.47-0-virt


You are seeing this disclaimer because Mockito is configured to create inlined mocks.
You can learn about inline mocks and their limitations under item #39 of the Mockito class javadoc.

Underlying exception : org.mockito.exceptions.base.MockitoException: Could not modify all classes [class java.lang.Object, class org.springframework.security.config.annotation.authentication.configuration.AuthenticationConfiguration]
	at crm.SecurityConfigTest.testAuthenticationManager(SecurityConfigTest.java:42)
Caused by: org.mockito.exceptions.base.MockitoException: Could not modify all classes [class java.lang.Object, class org.springframework.security.config.annotation.authentication.configuration.AuthenticationConfiguration]
	at crm.SecurityConfigTest.testAuthenticationManager(SecurityConfigTest.java:42)
Caused by: java.lang.IllegalStateException: 

Byte Buddy could not instrument all classes within the mock's type hierarchy

This problem should never occur for javac-compiled classes. This problem has been observed for classes that are:
 - Compiled by older versions of scalac
 - Classes that are part of the Android distribution
	at crm.SecurityConfigTest.testAuthenticationManager(SecurityConfigTest.java:42)
Caused by: java.lang.IllegalArgumentException: Java 21 (65) is not supported by the current version of Byte Buddy which officially supports Java 20 (64) - update Byte Buddy or set net.bytebuddy.experimental as a VM property
	at crm.SecurityConfigTest.testAuthenticationManager(SecurityConfigTest.java:42)

[INFO] 
[INFO] Results:
[INFO] 
[ERROR] Failures: 
[ERROR]   CrmApplicationTest.testApplicationContextLoads:19 Unexpected exception thrown: org.springframework.beans.factory.BeanCreationException: Error creating bean with name 'entityManagerFactory' defined in class path resource [org/springframework/boot/autoconfigure/orm/jpa/HibernateJpaConfiguration.class]: Invocation of init method failed; nested exception is javax.persistence.PersistenceException: [PersistenceUnit: default] Unable to build Hibernate SessionFactory; nested exception is org.hibernate.exception.JDBCConnectionException: Unable to open JDBC Connection for DDL execution
[ERROR]   CrmApplicationTest.testMainMethodExists:12 Unexpected exception thrown: org.springframework.beans.factory.BeanCreationException: Error creating bean with name 'entityManagerFactory' defined in class path resource [org/springframework/boot/autoconfigure/orm/jpa/HibernateJpaConfiguration.class]: Invocation of init method failed; nested exception is javax.persistence.PersistenceException: [PersistenceUnit: default] Unable to build Hibernate SessionFactory; nested exception is org.hibernate.exception.JDBCConnectionException: Unable to open JDBC Connection for DDL execution
[ERROR]   ReadDataUtilsTest.testReadFileWithEmptyExtension:50 Unexpected exception thrown: java.lang.IllegalArgumentException: Each extension must be non-null and not empty
[ERROR]   ReadDataUtilsTest.testReadFileWithEmptyMessage:36 Unexpected exception thrown: java.awt.HeadlessException: 
No X11 DISPLAY variable was set,
or no headful library support was found,
but this program performed an operation which requires it,

[ERROR]   ReadDataUtilsTest.testReadFileWithMultipleExtensions:29 Unexpected exception thrown: java.awt.HeadlessException: 
No X11 DISPLAY variable was set,
or no headful library support was found,
but this program performed an operation which requires it,

[ERROR]   ReadDataUtilsTest.testReadFileWithNullMessage:43 Unexpected exception thrown: java.awt.HeadlessException: 
No X11 DISPLAY variable was set,
or no headful library support was found,
but this program performed an operation which requires it,

[ERROR]   ReadDataUtilsTest.testReadFileWithNullParent:14 Unexpected exception thrown: java.awt.HeadlessException: 
No X11 DISPLAY variable was set,
or no headful library support was found,
but this program performed an operation which requires it,

[ERROR]   ReadDataUtilsTest.testReadFileWithValidParameters:21 Unexpected exception thrown: java.awt.HeadlessException: 
No X11 DISPLAY variable was set,
or no headful library support was found,
but this program performed an operation which requires it,

[ERROR] Errors: 
[ERROR]   CrmApplicationTests.contextLoads » IllegalState Failed to load ApplicationCont...
[ERROR]   SecurityConfigTest.testAuthenticationManager:42 Mockito 
Mockito cannot mock t...
[ERROR]   WebAppConfigTest.testAddViewControllers:31 Mockito 
Mockito cannot mock this c...
[ERROR]   WebAppConfigTest.testConfigureContentNegotiation:38 Mockito 
Mockito cannot mo...
[ERROR]   WebAppConfigTest.testContentNegotiatingViewResolver:45 Mockito 
Mockito cannot...
[ERROR]   CSVControllerTest.testFindCustomer » Mockito 
Mockito cannot mock this class: ...
[ERROR]   CSVControllerTest.testFindCustomerWithNullResult » Mockito 
Mockito cannot moc...
[ERROR]   CSVControllerTest.testFindCustomers » Mockito 
Mockito cannot mock this class:...
[ERROR]   CSVControllerTest.testFindCustomersWithEmptyList » Mockito 
Mockito cannot moc...
[ERROR]   UserControllerTest.testDeleteUser » Mockito 
Mockito cannot mock this class: i...
[ERROR]   UserControllerTest.testProcessRequestEditUserSuccess » Mockito 
Mockito cannot...
[ERROR]   UserControllerTest.testProcessRequestEditUserWithErrors » Mockito 
Mockito can...
[ERROR]   UserControllerTest.testShowAllUsers » Mockito 
Mockito cannot mock this class:...
[ERROR]   UserControllerTest.testShowFormEditUser » Mockito 
Mockito cannot mock this cl...
[ERROR]   RoleRepositoryTest.testRoleRepositoryHasFindByNameMethod » IllegalState Failed...
[ERROR]   RoleRepositoryTest.testRoleRepositoryInterfaceExists » IllegalState Failed to ...
[ERROR]   UserServiceImplTest.testDeleteUser » Mockito 
Mockito cannot mock this class: ...
[ERROR]   UserServiceImplTest.testFindByUsername » Mockito 
Mockito cannot mock this cla...
[ERROR]   UserServiceImplTest.testListAllUsers » Mockito 
Mockito cannot mock this class...
[ERROR]   UserServiceImplTest.testShowUser » Mockito 
Mockito cannot mock this class: cl...
[ERROR]   UserServiceImplTest.testShowUserNotFound » Mockito 
Mockito cannot mock this c...
[ERROR]   AbstractPdfViewTest.testBuildPdfMetadata:64 Mockito 
Mockito cannot mock this ...
[ERROR]   AbstractPdfViewTest.testPrepareWriter:55 Mockito 
Mockito cannot mock this cla...
[INFO] 
[ERROR] Tests run: 293, Failures: 8, Errors: 23, Skipped: 0
[INFO] 
[INFO] ------------------------------------------------------------------------
[INFO] BUILD FAILURE
[INFO] ------------------------------------------------------------------------
[INFO] Total time:  31.312 s
[INFO] Finished at: 2026-02-05T14:27:05Z
[INFO] ------------------------------------------------------------------------
[ERROR] Failed to execute goal org.apache.maven.plugins:maven-surefire-plugin:2.22.2:test (default-test) on project crm: There are test failures.
[ERROR] 
[ERROR] Please refer to /modernize-data/studio-data/TNT1001/APP1267/transformed-code/411/studio-workspace/MODTEST/target/surefire-reports for the individual test results.
[ERROR] Please refer to dump files (if any exist) [date].dump, [date]-jvmRun[N].dump and [date].dumpstream.
[ERROR] -> [Help 1]
[ERROR] 
[ERROR] To see the full stack trace of the errors, re-run Maven with the -e switch.
[ERROR] Re-run Maven using the -X switch to enable full debug logging.
[ERROR] 
[ERROR] For more information about the errors and possible solutions, please read the following articles:
[ERROR] [Help 1] http://cwiki.apache.org/confluence/display/MAVEN/MojoFailureException
